screen_id,class,category,image_path,xml_path
492,Chat,chat,data/data-masc/screenshots/chat/492.jpg,data/data-masc/xml/chat/492.xml
908,Chat,chat,data/data-masc/screenshots/chat/908.jpg,data/data-masc/xml/chat/908.xml
1054,Chat,chat,data/data-masc/screenshots/chat/1054.jpg,data/data-masc/xml/chat/1054.xml
1584,Chat,chat,data/data-masc/screenshots/chat/1584.jpg,data/data-masc/xml/chat/1584.xml
1749,Chat,chat,data/data-masc/screenshots/chat/1749.jpg,data/data-masc/xml/chat/1749.xml
1967,Chat,chat,data/data-masc/screenshots/chat/1967.jpg,data/data-masc/xml/chat/1967.xml
2242,Chat,chat,data/data-masc/screenshots/chat/2242.jpg,data/data-masc/xml/chat/2242.xml
2322,Chat,chat,data/data-masc/screenshots/chat/2322.jpg,data/data-masc/xml/chat/2322.xml
2796,Chat,chat,data/data-masc/screenshots/chat/2796.jpg,data/data-masc/xml/chat/2796.xml
2799,Chat,chat,data/data-masc/screenshots/chat/2799.jpg,data/data-masc/xml/chat/2799.xml
2800,Chat,chat,data/data-masc/screenshots/chat/2800.jpg,data/data-masc/xml/chat/2800.xml
3003,Chat,chat,data/data-masc/screenshots/chat/3003.jpg,data/data-masc/xml/chat/3003.xml
3004,Chat,chat,data/data-masc/screenshots/chat/3004.jpg,data/data-masc/xml/chat/3004.xml
3206,Chat,chat,data/data-masc/screenshots/chat/3206.jpg,data/data-masc/xml/chat/3206.xml
3423,Chat,chat,data/data-masc/screenshots/chat/3423.jpg,data/data-masc/xml/chat/3423.xml
3429,Chat,chat,data/data-masc/screenshots/chat/3429.jpg,data/data-masc/xml/chat/3429.xml
3436,Chat,chat,data/data-masc/screenshots/chat/3436.jpg,data/data-masc/xml/chat/3436.xml
3522,Chat,chat,data/data-masc/screenshots/chat/3522.jpg,data/data-masc/xml/chat/3522.xml
3723,Chat,chat,data/data-masc/screenshots/chat/3723.jpg,data/data-masc/xml/chat/3723.xml
4115,Chat,chat,data/data-masc/screenshots/chat/4115.jpg,data/data-masc/xml/chat/4115.xml
5205,Chat,chat,data/data-masc/screenshots/chat/5205.jpg,data/data-masc/xml/chat/5205.xml
5377,Chat,chat,data/data-masc/screenshots/chat/5377.jpg,data/data-masc/xml/chat/5377.xml
5860,Chat,chat,data/data-masc/screenshots/chat/5860.jpg,data/data-masc/xml/chat/5860.xml
5976,Chat,chat,data/data-masc/screenshots/chat/5976.jpg,data/data-masc/xml/chat/5976.xml
5983,Chat,chat,data/data-masc/screenshots/chat/5983.jpg,data/data-masc/xml/chat/5983.xml
6190,Chat,chat,data/data-masc/screenshots/chat/6190.jpg,data/data-masc/xml/chat/6190.xml
7437,Chat,chat,data/data-masc/screenshots/chat/7437.jpg,data/data-masc/xml/chat/7437.xml
8086,Chat,chat,data/data-masc/screenshots/chat/8086.jpg,data/data-masc/xml/chat/8086.xml
8093,Chat,chat,data/data-masc/screenshots/chat/8093.jpg,data/data-masc/xml/chat/8093.xml
9282,Chat,chat,data/data-masc/screenshots/chat/9282.jpg,data/data-masc/xml/chat/9282.xml
9646,Chat,chat,data/data-masc/screenshots/chat/9646.jpg,data/data-masc/xml/chat/9646.xml
10560,Chat,chat,data/data-masc/screenshots/chat/10560.jpg,data/data-masc/xml/chat/10560.xml
11382,Chat,chat,data/data-masc/screenshots/chat/11382.jpg,data/data-masc/xml/chat/11382.xml
11390,Chat,chat,data/data-masc/screenshots/chat/11390.jpg,data/data-masc/xml/chat/11390.xml
11396,Chat,chat,data/data-masc/screenshots/chat/11396.jpg,data/data-masc/xml/chat/11396.xml
11728,Chat,chat,data/data-masc/screenshots/chat/11728.jpg,data/data-masc/xml/chat/11728.xml
11729,Chat,chat,data/data-masc/screenshots/chat/11729.jpg,data/data-masc/xml/chat/11729.xml
13416,Chat,chat,data/data-masc/screenshots/chat/13416.jpg,data/data-masc/xml/chat/13416.xml
14305,Chat,chat,data/data-masc/screenshots/chat/14305.jpg,data/data-masc/xml/chat/14305.xml
14551,Chat,chat,data/data-masc/screenshots/chat/14551.jpg,data/data-masc/xml/chat/14551.xml
15178,Chat,chat,data/data-masc/screenshots/chat/15178.jpg,data/data-masc/xml/chat/15178.xml
15179,Chat,chat,data/data-masc/screenshots/chat/15179.jpg,data/data-masc/xml/chat/15179.xml
15180,Chat,chat,data/data-masc/screenshots/chat/15180.jpg,data/data-masc/xml/chat/15180.xml
15595,Chat,chat,data/data-masc/screenshots/chat/15595.jpg,data/data-masc/xml/chat/15595.xml
16077,Chat,chat,data/data-masc/screenshots/chat/16077.jpg,data/data-masc/xml/chat/16077.xml
16080,Chat,chat,data/data-masc/screenshots/chat/16080.jpg,data/data-masc/xml/chat/16080.xml
16081,Chat,chat,data/data-masc/screenshots/chat/16081.jpg,data/data-masc/xml/chat/16081.xml
16085,Chat,chat,data/data-masc/screenshots/chat/16085.jpg,data/data-masc/xml/chat/16085.xml
17123,Chat,chat,data/data-masc/screenshots/chat/17123.jpg,data/data-masc/xml/chat/17123.xml
17125,Chat,chat,data/data-masc/screenshots/chat/17125.jpg,data/data-masc/xml/chat/17125.xml
17127,Chat,chat,data/data-masc/screenshots/chat/17127.jpg,data/data-masc/xml/chat/17127.xml
17131,Chat,chat,data/data-masc/screenshots/chat/17131.jpg,data/data-masc/xml/chat/17131.xml
18113,Chat,chat,data/data-masc/screenshots/chat/18113.jpg,data/data-masc/xml/chat/18113.xml
18483,Chat,chat,data/data-masc/screenshots/chat/18483.jpg,data/data-masc/xml/chat/18483.xml
19619,Chat,chat,data/data-masc/screenshots/chat/19619.jpg,data/data-masc/xml/chat/19619.xml
19650,Chat,chat,data/data-masc/screenshots/chat/19650.jpg,data/data-masc/xml/chat/19650.xml
19662,Chat,chat,data/data-masc/screenshots/chat/19662.jpg,data/data-masc/xml/chat/19662.xml
19671,Chat,chat,data/data-masc/screenshots/chat/19671.jpg,data/data-masc/xml/chat/19671.xml
19724,Chat,chat,data/data-masc/screenshots/chat/19724.jpg,data/data-masc/xml/chat/19724.xml
19794,Chat,chat,data/data-masc/screenshots/chat/19794.jpg,data/data-masc/xml/chat/19794.xml
19797,Chat,chat,data/data-masc/screenshots/chat/19797.jpg,data/data-masc/xml/chat/19797.xml
19922,Chat,chat,data/data-masc/screenshots/chat/19922.jpg,data/data-masc/xml/chat/19922.xml
19930,Chat,chat,data/data-masc/screenshots/chat/19930.jpg,data/data-masc/xml/chat/19930.xml
20164,Chat,chat,data/data-masc/screenshots/chat/20164.jpg,data/data-masc/xml/chat/20164.xml
21070,Chat,chat,data/data-masc/screenshots/chat/21070.jpg,data/data-masc/xml/chat/21070.xml
22313,Chat,chat,data/data-masc/screenshots/chat/22313.jpg,data/data-masc/xml/chat/22313.xml
23084,Chat,chat,data/data-masc/screenshots/chat/23084.jpg,data/data-masc/xml/chat/23084.xml
23218,Chat,chat,data/data-masc/screenshots/chat/23218.jpg,data/data-masc/xml/chat/23218.xml
23650,Chat,chat,data/data-masc/screenshots/chat/23650.jpg,data/data-masc/xml/chat/23650.xml
24130,Chat,chat,data/data-masc/screenshots/chat/24130.jpg,data/data-masc/xml/chat/24130.xml
25230,Chat,chat,data/data-masc/screenshots/chat/25230.jpg,data/data-masc/xml/chat/25230.xml
25328,Chat,chat,data/data-masc/screenshots/chat/25328.jpg,data/data-masc/xml/chat/25328.xml
25485,Chat,chat,data/data-masc/screenshots/chat/25485.jpg,data/data-masc/xml/chat/25485.xml
26580,Chat,chat,data/data-masc/screenshots/chat/26580.jpg,data/data-masc/xml/chat/26580.xml
26657,Chat,chat,data/data-masc/screenshots/chat/26657.jpg,data/data-masc/xml/chat/26657.xml
26692,Chat,chat,data/data-masc/screenshots/chat/26692.jpg,data/data-masc/xml/chat/26692.xml
26711,Chat,chat,data/data-masc/screenshots/chat/26711.jpg,data/data-masc/xml/chat/26711.xml
26876,Chat,chat,data/data-masc/screenshots/chat/26876.jpg,data/data-masc/xml/chat/26876.xml
27362,Chat,chat,data/data-masc/screenshots/chat/27362.jpg,data/data-masc/xml/chat/27362.xml
27376,Chat,chat,data/data-masc/screenshots/chat/27376.jpg,data/data-masc/xml/chat/27376.xml
27877,Chat,chat,data/data-masc/screenshots/chat/27877.jpg,data/data-masc/xml/chat/27877.xml
29704,Chat,chat,data/data-masc/screenshots/chat/29704.jpg,data/data-masc/xml/chat/29704.xml
29760,Chat,chat,data/data-masc/screenshots/chat/29760.jpg,data/data-masc/xml/chat/29760.xml
29761,Chat,chat,data/data-masc/screenshots/chat/29761.jpg,data/data-masc/xml/chat/29761.xml
30016,Chat,chat,data/data-masc/screenshots/chat/30016.jpg,data/data-masc/xml/chat/30016.xml
30083,Chat,chat,data/data-masc/screenshots/chat/30083.jpg,data/data-masc/xml/chat/30083.xml
30259,Chat,chat,data/data-masc/screenshots/chat/30259.jpg,data/data-masc/xml/chat/30259.xml
30517,Chat,chat,data/data-masc/screenshots/chat/30517.jpg,data/data-masc/xml/chat/30517.xml
30528,Chat,chat,data/data-masc/screenshots/chat/30528.jpg,data/data-masc/xml/chat/30528.xml
30752,Chat,chat,data/data-masc/screenshots/chat/30752.jpg,data/data-masc/xml/chat/30752.xml
30753,Chat,chat,data/data-masc/screenshots/chat/30753.jpg,data/data-masc/xml/chat/30753.xml
30760,Chat,chat,data/data-masc/screenshots/chat/30760.jpg,data/data-masc/xml/chat/30760.xml
30761,Chat,chat,data/data-masc/screenshots/chat/30761.jpg,data/data-masc/xml/chat/30761.xml
30765,Chat,chat,data/data-masc/screenshots/chat/30765.jpg,data/data-masc/xml/chat/30765.xml
30766,Chat,chat,data/data-masc/screenshots/chat/30766.jpg,data/data-masc/xml/chat/30766.xml
30823,Chat,chat,data/data-masc/screenshots/chat/30823.jpg,data/data-masc/xml/chat/30823.xml
31071,Chat,chat,data/data-masc/screenshots/chat/31071.jpg,data/data-masc/xml/chat/31071.xml
31782,Chat,chat,data/data-masc/screenshots/chat/31782.jpg,data/data-masc/xml/chat/31782.xml
32464,Chat,chat,data/data-masc/screenshots/chat/32464.jpg,data/data-masc/xml/chat/32464.xml
32467,Chat,chat,data/data-masc/screenshots/chat/32467.jpg,data/data-masc/xml/chat/32467.xml
32471,Chat,chat,data/data-masc/screenshots/chat/32471.jpg,data/data-masc/xml/chat/32471.xml
32472,Chat,chat,data/data-masc/screenshots/chat/32472.jpg,data/data-masc/xml/chat/32472.xml
32499,Chat,chat,data/data-masc/screenshots/chat/32499.jpg,data/data-masc/xml/chat/32499.xml
32501,Chat,chat,data/data-masc/screenshots/chat/32501.jpg,data/data-masc/xml/chat/32501.xml
32502,Chat,chat,data/data-masc/screenshots/chat/32502.jpg,data/data-masc/xml/chat/32502.xml
33805,Chat,chat,data/data-masc/screenshots/chat/33805.jpg,data/data-masc/xml/chat/33805.xml
34052,Chat,chat,data/data-masc/screenshots/chat/34052.jpg,data/data-masc/xml/chat/34052.xml
34211,Chat,chat,data/data-masc/screenshots/chat/34211.jpg,data/data-masc/xml/chat/34211.xml
35072,Chat,chat,data/data-masc/screenshots/chat/35072.jpg,data/data-masc/xml/chat/35072.xml
35090,Chat,chat,data/data-masc/screenshots/chat/35090.jpg,data/data-masc/xml/chat/35090.xml
37090,Chat,chat,data/data-masc/screenshots/chat/37090.jpg,data/data-masc/xml/chat/37090.xml
37588,Chat,chat,data/data-masc/screenshots/chat/37588.jpg,data/data-masc/xml/chat/37588.xml
37993,Chat,chat,data/data-masc/screenshots/chat/37993.jpg,data/data-masc/xml/chat/37993.xml
38000,Chat,chat,data/data-masc/screenshots/chat/38000.jpg,data/data-masc/xml/chat/38000.xml
38293,Chat,chat,data/data-masc/screenshots/chat/38293.jpg,data/data-masc/xml/chat/38293.xml
38294,Chat,chat,data/data-masc/screenshots/chat/38294.jpg,data/data-masc/xml/chat/38294.xml
38363,Chat,chat,data/data-masc/screenshots/chat/38363.jpg,data/data-masc/xml/chat/38363.xml
40235,Chat,chat,data/data-masc/screenshots/chat/40235.jpg,data/data-masc/xml/chat/40235.xml
40239,Chat,chat,data/data-masc/screenshots/chat/40239.jpg,data/data-masc/xml/chat/40239.xml
40361,Chat,chat,data/data-masc/screenshots/chat/40361.jpg,data/data-masc/xml/chat/40361.xml
40386,Chat,chat,data/data-masc/screenshots/chat/40386.jpg,data/data-masc/xml/chat/40386.xml
40390,Chat,chat,data/data-masc/screenshots/chat/40390.jpg,data/data-masc/xml/chat/40390.xml
40391,Chat,chat,data/data-masc/screenshots/chat/40391.jpg,data/data-masc/xml/chat/40391.xml
40394,Chat,chat,data/data-masc/screenshots/chat/40394.jpg,data/data-masc/xml/chat/40394.xml
40550,Chat,chat,data/data-masc/screenshots/chat/40550.jpg,data/data-masc/xml/chat/40550.xml
40624,Chat,chat,data/data-masc/screenshots/chat/40624.jpg,data/data-masc/xml/chat/40624.xml
40713,Chat,chat,data/data-masc/screenshots/chat/40713.jpg,data/data-masc/xml/chat/40713.xml
40892,Chat,chat,data/data-masc/screenshots/chat/40892.jpg,data/data-masc/xml/chat/40892.xml
40895,Chat,chat,data/data-masc/screenshots/chat/40895.jpg,data/data-masc/xml/chat/40895.xml
41256,Chat,chat,data/data-masc/screenshots/chat/41256.jpg,data/data-masc/xml/chat/41256.xml
41259,Chat,chat,data/data-masc/screenshots/chat/41259.jpg,data/data-masc/xml/chat/41259.xml
41270,Chat,chat,data/data-masc/screenshots/chat/41270.jpg,data/data-masc/xml/chat/41270.xml
41271,Chat,chat,data/data-masc/screenshots/chat/41271.jpg,data/data-masc/xml/chat/41271.xml
41279,Chat,chat,data/data-masc/screenshots/chat/41279.jpg,data/data-masc/xml/chat/41279.xml
41283,Chat,chat,data/data-masc/screenshots/chat/41283.jpg,data/data-masc/xml/chat/41283.xml
42396,Chat,chat,data/data-masc/screenshots/chat/42396.jpg,data/data-masc/xml/chat/42396.xml
42495,Chat,chat,data/data-masc/screenshots/chat/42495.jpg,data/data-masc/xml/chat/42495.xml
43081,Chat,chat,data/data-masc/screenshots/chat/43081.jpg,data/data-masc/xml/chat/43081.xml
43300,Chat,chat,data/data-masc/screenshots/chat/43300.jpg,data/data-masc/xml/chat/43300.xml
43405,Chat,chat,data/data-masc/screenshots/chat/43405.jpg,data/data-masc/xml/chat/43405.xml
43409,Chat,chat,data/data-masc/screenshots/chat/43409.jpg,data/data-masc/xml/chat/43409.xml
43768,Chat,chat,data/data-masc/screenshots/chat/43768.jpg,data/data-masc/xml/chat/43768.xml
43786,Chat,chat,data/data-masc/screenshots/chat/43786.jpg,data/data-masc/xml/chat/43786.xml
43794,Chat,chat,data/data-masc/screenshots/chat/43794.jpg,data/data-masc/xml/chat/43794.xml
44005,Chat,chat,data/data-masc/screenshots/chat/44005.jpg,data/data-masc/xml/chat/44005.xml
44878,Chat,chat,data/data-masc/screenshots/chat/44878.jpg,data/data-masc/xml/chat/44878.xml
44965,Chat,chat,data/data-masc/screenshots/chat/44965.jpg,data/data-masc/xml/chat/44965.xml
44966,Chat,chat,data/data-masc/screenshots/chat/44966.jpg,data/data-masc/xml/chat/44966.xml
45141,Chat,chat,data/data-masc/screenshots/chat/45141.jpg,data/data-masc/xml/chat/45141.xml
45148,Chat,chat,data/data-masc/screenshots/chat/45148.jpg,data/data-masc/xml/chat/45148.xml
46256,Chat,chat,data/data-masc/screenshots/chat/46256.jpg,data/data-masc/xml/chat/46256.xml
46305,Chat,chat,data/data-masc/screenshots/chat/46305.jpg,data/data-masc/xml/chat/46305.xml
46331,Chat,chat,data/data-masc/screenshots/chat/46331.jpg,data/data-masc/xml/chat/46331.xml
47275,Chat,chat,data/data-masc/screenshots/chat/47275.jpg,data/data-masc/xml/chat/47275.xml
47482,Chat,chat,data/data-masc/screenshots/chat/47482.jpg,data/data-masc/xml/chat/47482.xml
47533,Chat,chat,data/data-masc/screenshots/chat/47533.jpg,data/data-masc/xml/chat/47533.xml
47542,Chat,chat,data/data-masc/screenshots/chat/47542.jpg,data/data-masc/xml/chat/47542.xml
47546,Chat,chat,data/data-masc/screenshots/chat/47546.jpg,data/data-masc/xml/chat/47546.xml
47552,Chat,chat,data/data-masc/screenshots/chat/47552.jpg,data/data-masc/xml/chat/47552.xml
47554,Chat,chat,data/data-masc/screenshots/chat/47554.jpg,data/data-masc/xml/chat/47554.xml
47556,Chat,chat,data/data-masc/screenshots/chat/47556.jpg,data/data-masc/xml/chat/47556.xml
47564,Chat,chat,data/data-masc/screenshots/chat/47564.jpg,data/data-masc/xml/chat/47564.xml
47570,Chat,chat,data/data-masc/screenshots/chat/47570.jpg,data/data-masc/xml/chat/47570.xml
47702,Chat,chat,data/data-masc/screenshots/chat/47702.jpg,data/data-masc/xml/chat/47702.xml
47704,Chat,chat,data/data-masc/screenshots/chat/47704.jpg,data/data-masc/xml/chat/47704.xml
47708,Chat,chat,data/data-masc/screenshots/chat/47708.jpg,data/data-masc/xml/chat/47708.xml
47709,Chat,chat,data/data-masc/screenshots/chat/47709.jpg,data/data-masc/xml/chat/47709.xml
48283,Chat,chat,data/data-masc/screenshots/chat/48283.jpg,data/data-masc/xml/chat/48283.xml
48307,Chat,chat,data/data-masc/screenshots/chat/48307.jpg,data/data-masc/xml/chat/48307.xml
48313,Chat,chat,data/data-masc/screenshots/chat/48313.jpg,data/data-masc/xml/chat/48313.xml
48526,Chat,chat,data/data-masc/screenshots/chat/48526.jpg,data/data-masc/xml/chat/48526.xml
49872,Chat,chat,data/data-masc/screenshots/chat/49872.jpg,data/data-masc/xml/chat/49872.xml
49879,Chat,chat,data/data-masc/screenshots/chat/49879.jpg,data/data-masc/xml/chat/49879.xml
50317,Chat,chat,data/data-masc/screenshots/chat/50317.jpg,data/data-masc/xml/chat/50317.xml
50485,Chat,chat,data/data-masc/screenshots/chat/50485.jpg,data/data-masc/xml/chat/50485.xml
51427,Chat,chat,data/data-masc/screenshots/chat/51427.jpg,data/data-masc/xml/chat/51427.xml
51452,Chat,chat,data/data-masc/screenshots/chat/51452.jpg,data/data-masc/xml/chat/51452.xml
51838,Chat,chat,data/data-masc/screenshots/chat/51838.jpg,data/data-masc/xml/chat/51838.xml
51846,Chat,chat,data/data-masc/screenshots/chat/51846.jpg,data/data-masc/xml/chat/51846.xml
52058,Chat,chat,data/data-masc/screenshots/chat/52058.jpg,data/data-masc/xml/chat/52058.xml
52145,Chat,chat,data/data-masc/screenshots/chat/52145.jpg,data/data-masc/xml/chat/52145.xml
52506,Chat,chat,data/data-masc/screenshots/chat/52506.jpg,data/data-masc/xml/chat/52506.xml
52589,Chat,chat,data/data-masc/screenshots/chat/52589.jpg,data/data-masc/xml/chat/52589.xml
52747,Chat,chat,data/data-masc/screenshots/chat/52747.jpg,data/data-masc/xml/chat/52747.xml
52748,Chat,chat,data/data-masc/screenshots/chat/52748.jpg,data/data-masc/xml/chat/52748.xml
52749,Chat,chat,data/data-masc/screenshots/chat/52749.jpg,data/data-masc/xml/chat/52749.xml
53046,Chat,chat,data/data-masc/screenshots/chat/53046.jpg,data/data-masc/xml/chat/53046.xml
53060,Chat,chat,data/data-masc/screenshots/chat/53060.jpg,data/data-masc/xml/chat/53060.xml
53101,Chat,chat,data/data-masc/screenshots/chat/53101.jpg,data/data-masc/xml/chat/53101.xml
53109,Chat,chat,data/data-masc/screenshots/chat/53109.jpg,data/data-masc/xml/chat/53109.xml
53263,Chat,chat,data/data-masc/screenshots/chat/53263.jpg,data/data-masc/xml/chat/53263.xml
54395,Chat,chat,data/data-masc/screenshots/chat/54395.jpg,data/data-masc/xml/chat/54395.xml
54403,Chat,chat,data/data-masc/screenshots/chat/54403.jpg,data/data-masc/xml/chat/54403.xml
56075,Chat,chat,data/data-masc/screenshots/chat/56075.jpg,data/data-masc/xml/chat/56075.xml
56224,Chat,chat,data/data-masc/screenshots/chat/56224.jpg,data/data-masc/xml/chat/56224.xml
57569,Chat,chat,data/data-masc/screenshots/chat/57569.jpg,data/data-masc/xml/chat/57569.xml
57575,Chat,chat,data/data-masc/screenshots/chat/57575.jpg,data/data-masc/xml/chat/57575.xml
57910,Chat,chat,data/data-masc/screenshots/chat/57910.jpg,data/data-masc/xml/chat/57910.xml
58041,Chat,chat,data/data-masc/screenshots/chat/58041.jpg,data/data-masc/xml/chat/58041.xml
58826,Chat,chat,data/data-masc/screenshots/chat/58826.jpg,data/data-masc/xml/chat/58826.xml
59364,Chat,chat,data/data-masc/screenshots/chat/59364.jpg,data/data-masc/xml/chat/59364.xml
59869,Chat,chat,data/data-masc/screenshots/chat/59869.jpg,data/data-masc/xml/chat/59869.xml
60172,Chat,chat,data/data-masc/screenshots/chat/60172.jpg,data/data-masc/xml/chat/60172.xml
60212,Chat,chat,data/data-masc/screenshots/chat/60212.jpg,data/data-masc/xml/chat/60212.xml
60216,Chat,chat,data/data-masc/screenshots/chat/60216.jpg,data/data-masc/xml/chat/60216.xml
60222,Chat,chat,data/data-masc/screenshots/chat/60222.jpg,data/data-masc/xml/chat/60222.xml
60246,Chat,chat,data/data-masc/screenshots/chat/60246.jpg,data/data-masc/xml/chat/60246.xml
61271,Chat,chat,data/data-masc/screenshots/chat/61271.jpg,data/data-masc/xml/chat/61271.xml
61377,Chat,chat,data/data-masc/screenshots/chat/61377.jpg,data/data-masc/xml/chat/61377.xml
61906,Chat,chat,data/data-masc/screenshots/chat/61906.jpg,data/data-masc/xml/chat/61906.xml
62210,Chat,chat,data/data-masc/screenshots/chat/62210.jpg,data/data-masc/xml/chat/62210.xml
64207,Chat,chat,data/data-masc/screenshots/chat/64207.jpg,data/data-masc/xml/chat/64207.xml
64873,Chat,chat,data/data-masc/screenshots/chat/64873.jpg,data/data-masc/xml/chat/64873.xml
65111,Chat,chat,data/data-masc/screenshots/chat/65111.jpg,data/data-masc/xml/chat/65111.xml
65259,Chat,chat,data/data-masc/screenshots/chat/65259.jpg,data/data-masc/xml/chat/65259.xml
65350,Chat,chat,data/data-masc/screenshots/chat/65350.jpg,data/data-masc/xml/chat/65350.xml
65634,Chat,chat,data/data-masc/screenshots/chat/65634.jpg,data/data-masc/xml/chat/65634.xml
65640,Chat,chat,data/data-masc/screenshots/chat/65640.jpg,data/data-masc/xml/chat/65640.xml
65642,Chat,chat,data/data-masc/screenshots/chat/65642.jpg,data/data-masc/xml/chat/65642.xml
65810,Chat,chat,data/data-masc/screenshots/chat/65810.jpg,data/data-masc/xml/chat/65810.xml
66691,Chat,chat,data/data-masc/screenshots/chat/66691.jpg,data/data-masc/xml/chat/66691.xml
67537,Chat,chat,data/data-masc/screenshots/chat/67537.jpg,data/data-masc/xml/chat/67537.xml
68475,Chat,chat,data/data-masc/screenshots/chat/68475.jpg,data/data-masc/xml/chat/68475.xml
68685,Chat,chat,data/data-masc/screenshots/chat/68685.jpg,data/data-masc/xml/chat/68685.xml
69291,Chat,chat,data/data-masc/screenshots/chat/69291.jpg,data/data-masc/xml/chat/69291.xml
69306,Chat,chat,data/data-masc/screenshots/chat/69306.jpg,data/data-masc/xml/chat/69306.xml
69994,Chat,chat,data/data-masc/screenshots/chat/69994.jpg,data/data-masc/xml/chat/69994.xml
70064,Chat,chat,data/data-masc/screenshots/chat/70064.jpg,data/data-masc/xml/chat/70064.xml
70168,Chat,chat,data/data-masc/screenshots/chat/70168.jpg,data/data-masc/xml/chat/70168.xml
71674,Chat,chat,data/data-masc/screenshots/chat/71674.jpg,data/data-masc/xml/chat/71674.xml
1111,Home,home,data/data-masc/screenshots/home/1111.jpg,data/data-masc/xml/home/1111.xml
1141,Home,home,data/data-masc/screenshots/home/1141.jpg,data/data-masc/xml/home/1141.xml
1213,Home,home,data/data-masc/screenshots/home/1213.jpg,data/data-masc/xml/home/1213.xml
1231,Home,home,data/data-masc/screenshots/home/1231.jpg,data/data-masc/xml/home/1231.xml
1294,Home,home,data/data-masc/screenshots/home/1294.jpg,data/data-masc/xml/home/1294.xml
1324,Home,home,data/data-masc/screenshots/home/1324.jpg,data/data-masc/xml/home/1324.xml
1381,Home,home,data/data-masc/screenshots/home/1381.jpg,data/data-masc/xml/home/1381.xml
1643,Home,home,data/data-masc/screenshots/home/1643.jpg,data/data-masc/xml/home/1643.xml
1732,Home,home,data/data-masc/screenshots/home/1732.jpg,data/data-masc/xml/home/1732.xml
1763,Home,home,data/data-masc/screenshots/home/1763.jpg,data/data-masc/xml/home/1763.xml
1930,Home,home,data/data-masc/screenshots/home/1930.jpg,data/data-masc/xml/home/1930.xml
2087,Home,home,data/data-masc/screenshots/home/2087.jpg,data/data-masc/xml/home/2087.xml
2274,Home,home,data/data-masc/screenshots/home/2274.jpg,data/data-masc/xml/home/2274.xml
2561,Home,home,data/data-masc/screenshots/home/2561.jpg,data/data-masc/xml/home/2561.xml
2566,Home,home,data/data-masc/screenshots/home/2566.jpg,data/data-masc/xml/home/2566.xml
2579,Home,home,data/data-masc/screenshots/home/2579.jpg,data/data-masc/xml/home/2579.xml
2604,Home,home,data/data-masc/screenshots/home/2604.jpg,data/data-masc/xml/home/2604.xml
2673,Home,home,data/data-masc/screenshots/home/2673.jpg,data/data-masc/xml/home/2673.xml
2901,Home,home,data/data-masc/screenshots/home/2901.jpg,data/data-masc/xml/home/2901.xml
2954,Home,home,data/data-masc/screenshots/home/2954.jpg,data/data-masc/xml/home/2954.xml
2977,Home,home,data/data-masc/screenshots/home/2977.jpg,data/data-masc/xml/home/2977.xml
3119,Home,home,data/data-masc/screenshots/home/3119.jpg,data/data-masc/xml/home/3119.xml
3173,Home,home,data/data-masc/screenshots/home/3173.jpg,data/data-masc/xml/home/3173.xml
3210,Home,home,data/data-masc/screenshots/home/3210.jpg,data/data-masc/xml/home/3210.xml
3226,Home,home,data/data-masc/screenshots/home/3226.jpg,data/data-masc/xml/home/3226.xml
3464,Home,home,data/data-masc/screenshots/home/3464.jpg,data/data-masc/xml/home/3464.xml
3502,Home,home,data/data-masc/screenshots/home/3502.jpg,data/data-masc/xml/home/3502.xml
3507,Home,home,data/data-masc/screenshots/home/3507.jpg,data/data-masc/xml/home/3507.xml
3686,Home,home,data/data-masc/screenshots/home/3686.jpg,data/data-masc/xml/home/3686.xml
3688,Home,home,data/data-masc/screenshots/home/3688.jpg,data/data-masc/xml/home/3688.xml
3720,Home,home,data/data-masc/screenshots/home/3720.jpg,data/data-masc/xml/home/3720.xml
3785,Home,home,data/data-masc/screenshots/home/3785.jpg,data/data-masc/xml/home/3785.xml
3922,Home,home,data/data-masc/screenshots/home/3922.jpg,data/data-masc/xml/home/3922.xml
3977,Home,home,data/data-masc/screenshots/home/3977.jpg,data/data-masc/xml/home/3977.xml
4046,Home,home,data/data-masc/screenshots/home/4046.jpg,data/data-masc/xml/home/4046.xml
4114,Home,home,data/data-masc/screenshots/home/4114.jpg,data/data-masc/xml/home/4114.xml
4156,Home,home,data/data-masc/screenshots/home/4156.jpg,data/data-masc/xml/home/4156.xml
4165,Home,home,data/data-masc/screenshots/home/4165.jpg,data/data-masc/xml/home/4165.xml
4240,Home,home,data/data-masc/screenshots/home/4240.jpg,data/data-masc/xml/home/4240.xml
4531,Home,home,data/data-masc/screenshots/home/4531.jpg,data/data-masc/xml/home/4531.xml
4726,Home,home,data/data-masc/screenshots/home/4726.jpg,data/data-masc/xml/home/4726.xml
4829,Home,home,data/data-masc/screenshots/home/4829.jpg,data/data-masc/xml/home/4829.xml
4850,Home,home,data/data-masc/screenshots/home/4850.jpg,data/data-masc/xml/home/4850.xml
5049,Home,home,data/data-masc/screenshots/home/5049.jpg,data/data-masc/xml/home/5049.xml
5134,Home,home,data/data-masc/screenshots/home/5134.jpg,data/data-masc/xml/home/5134.xml
5135,Home,home,data/data-masc/screenshots/home/5135.jpg,data/data-masc/xml/home/5135.xml
5412,Home,home,data/data-masc/screenshots/home/5412.jpg,data/data-masc/xml/home/5412.xml
5428,Home,home,data/data-masc/screenshots/home/5428.jpg,data/data-masc/xml/home/5428.xml
5476,Home,home,data/data-masc/screenshots/home/5476.jpg,data/data-masc/xml/home/5476.xml
5886,Home,home,data/data-masc/screenshots/home/5886.jpg,data/data-masc/xml/home/5886.xml
6117,Home,home,data/data-masc/screenshots/home/6117.jpg,data/data-masc/xml/home/6117.xml
6135,Home,home,data/data-masc/screenshots/home/6135.jpg,data/data-masc/xml/home/6135.xml
6141,Home,home,data/data-masc/screenshots/home/6141.jpg,data/data-masc/xml/home/6141.xml
6143,Home,home,data/data-masc/screenshots/home/6143.jpg,data/data-masc/xml/home/6143.xml
6152,Home,home,data/data-masc/screenshots/home/6152.jpg,data/data-masc/xml/home/6152.xml
6184,Home,home,data/data-masc/screenshots/home/6184.jpg,data/data-masc/xml/home/6184.xml
6420,Home,home,data/data-masc/screenshots/home/6420.jpg,data/data-masc/xml/home/6420.xml
6442,Home,home,data/data-masc/screenshots/home/6442.jpg,data/data-masc/xml/home/6442.xml
6447,Home,home,data/data-masc/screenshots/home/6447.jpg,data/data-masc/xml/home/6447.xml
6454,Home,home,data/data-masc/screenshots/home/6454.jpg,data/data-masc/xml/home/6454.xml
6523,Home,home,data/data-masc/screenshots/home/6523.jpg,data/data-masc/xml/home/6523.xml
6742,Home,home,data/data-masc/screenshots/home/6742.jpg,data/data-masc/xml/home/6742.xml
6811,Home,home,data/data-masc/screenshots/home/6811.jpg,data/data-masc/xml/home/6811.xml
6817,Home,home,data/data-masc/screenshots/home/6817.jpg,data/data-masc/xml/home/6817.xml
6818,Home,home,data/data-masc/screenshots/home/6818.jpg,data/data-masc/xml/home/6818.xml
6867,Home,home,data/data-masc/screenshots/home/6867.jpg,data/data-masc/xml/home/6867.xml
6907,Home,home,data/data-masc/screenshots/home/6907.jpg,data/data-masc/xml/home/6907.xml
6998,Home,home,data/data-masc/screenshots/home/6998.jpg,data/data-masc/xml/home/6998.xml
7030,Home,home,data/data-masc/screenshots/home/7030.jpg,data/data-masc/xml/home/7030.xml
7432,Home,home,data/data-masc/screenshots/home/7432.jpg,data/data-masc/xml/home/7432.xml
7476,Home,home,data/data-masc/screenshots/home/7476.jpg,data/data-masc/xml/home/7476.xml
7518,Home,home,data/data-masc/screenshots/home/7518.jpg,data/data-masc/xml/home/7518.xml
7552,Home,home,data/data-masc/screenshots/home/7552.jpg,data/data-masc/xml/home/7552.xml
7601,Home,home,data/data-masc/screenshots/home/7601.jpg,data/data-masc/xml/home/7601.xml
7646,Home,home,data/data-masc/screenshots/home/7646.jpg,data/data-masc/xml/home/7646.xml
7656,Home,home,data/data-masc/screenshots/home/7656.jpg,data/data-masc/xml/home/7656.xml
7987,Home,home,data/data-masc/screenshots/home/7987.jpg,data/data-masc/xml/home/7987.xml
7998,Home,home,data/data-masc/screenshots/home/7998.jpg,data/data-masc/xml/home/7998.xml
8297,Home,home,data/data-masc/screenshots/home/8297.jpg,data/data-masc/xml/home/8297.xml
8415,Home,home,data/data-masc/screenshots/home/8415.jpg,data/data-masc/xml/home/8415.xml
8423,Home,home,data/data-masc/screenshots/home/8423.jpg,data/data-masc/xml/home/8423.xml
8433,Home,home,data/data-masc/screenshots/home/8433.jpg,data/data-masc/xml/home/8433.xml
8546,Home,home,data/data-masc/screenshots/home/8546.jpg,data/data-masc/xml/home/8546.xml
8813,Home,home,data/data-masc/screenshots/home/8813.jpg,data/data-masc/xml/home/8813.xml
8875,Home,home,data/data-masc/screenshots/home/8875.jpg,data/data-masc/xml/home/8875.xml
8929,Home,home,data/data-masc/screenshots/home/8929.jpg,data/data-masc/xml/home/8929.xml
9293,Home,home,data/data-masc/screenshots/home/9293.jpg,data/data-masc/xml/home/9293.xml
9508,Home,home,data/data-masc/screenshots/home/9508.jpg,data/data-masc/xml/home/9508.xml
9636,Home,home,data/data-masc/screenshots/home/9636.jpg,data/data-masc/xml/home/9636.xml
9639,Home,home,data/data-masc/screenshots/home/9639.jpg,data/data-masc/xml/home/9639.xml
9667,Home,home,data/data-masc/screenshots/home/9667.jpg,data/data-masc/xml/home/9667.xml
9671,Home,home,data/data-masc/screenshots/home/9671.jpg,data/data-masc/xml/home/9671.xml
9914,Home,home,data/data-masc/screenshots/home/9914.jpg,data/data-masc/xml/home/9914.xml
10123,Home,home,data/data-masc/screenshots/home/10123.jpg,data/data-masc/xml/home/10123.xml
10427,Home,home,data/data-masc/screenshots/home/10427.jpg,data/data-masc/xml/home/10427.xml
10723,Home,home,data/data-masc/screenshots/home/10723.jpg,data/data-masc/xml/home/10723.xml
10838,Home,home,data/data-masc/screenshots/home/10838.jpg,data/data-masc/xml/home/10838.xml
11592,Home,home,data/data-masc/screenshots/home/11592.jpg,data/data-masc/xml/home/11592.xml
11653,Home,home,data/data-masc/screenshots/home/11653.jpg,data/data-masc/xml/home/11653.xml
11659,Home,home,data/data-masc/screenshots/home/11659.jpg,data/data-masc/xml/home/11659.xml
11738,Home,home,data/data-masc/screenshots/home/11738.jpg,data/data-masc/xml/home/11738.xml
11918,Home,home,data/data-masc/screenshots/home/11918.jpg,data/data-masc/xml/home/11918.xml
11931,Home,home,data/data-masc/screenshots/home/11931.jpg,data/data-masc/xml/home/11931.xml
11970,Home,home,data/data-masc/screenshots/home/11970.jpg,data/data-masc/xml/home/11970.xml
11985,Home,home,data/data-masc/screenshots/home/11985.jpg,data/data-masc/xml/home/11985.xml
12018,Home,home,data/data-masc/screenshots/home/12018.jpg,data/data-masc/xml/home/12018.xml
12603,Home,home,data/data-masc/screenshots/home/12603.jpg,data/data-masc/xml/home/12603.xml
12722,Home,home,data/data-masc/screenshots/home/12722.jpg,data/data-masc/xml/home/12722.xml
12743,Home,home,data/data-masc/screenshots/home/12743.jpg,data/data-masc/xml/home/12743.xml
12758,Home,home,data/data-masc/screenshots/home/12758.jpg,data/data-masc/xml/home/12758.xml
12890,Home,home,data/data-masc/screenshots/home/12890.jpg,data/data-masc/xml/home/12890.xml
12976,Home,home,data/data-masc/screenshots/home/12976.jpg,data/data-masc/xml/home/12976.xml
13103,Home,home,data/data-masc/screenshots/home/13103.jpg,data/data-masc/xml/home/13103.xml
13114,Home,home,data/data-masc/screenshots/home/13114.jpg,data/data-masc/xml/home/13114.xml
13156,Home,home,data/data-masc/screenshots/home/13156.jpg,data/data-masc/xml/home/13156.xml
13301,Home,home,data/data-masc/screenshots/home/13301.jpg,data/data-masc/xml/home/13301.xml
13587,Home,home,data/data-masc/screenshots/home/13587.jpg,data/data-masc/xml/home/13587.xml
13699,Home,home,data/data-masc/screenshots/home/13699.jpg,data/data-masc/xml/home/13699.xml
14055,Home,home,data/data-masc/screenshots/home/14055.jpg,data/data-masc/xml/home/14055.xml
14291,Home,home,data/data-masc/screenshots/home/14291.jpg,data/data-masc/xml/home/14291.xml
14360,Home,home,data/data-masc/screenshots/home/14360.jpg,data/data-masc/xml/home/14360.xml
14489,Home,home,data/data-masc/screenshots/home/14489.jpg,data/data-masc/xml/home/14489.xml
14757,Home,home,data/data-masc/screenshots/home/14757.jpg,data/data-masc/xml/home/14757.xml
14779,Home,home,data/data-masc/screenshots/home/14779.jpg,data/data-masc/xml/home/14779.xml
14850,Home,home,data/data-masc/screenshots/home/14850.jpg,data/data-masc/xml/home/14850.xml
14957,Home,home,data/data-masc/screenshots/home/14957.jpg,data/data-masc/xml/home/14957.xml
14990,Home,home,data/data-masc/screenshots/home/14990.jpg,data/data-masc/xml/home/14990.xml
15130,Home,home,data/data-masc/screenshots/home/15130.jpg,data/data-masc/xml/home/15130.xml
15133,Home,home,data/data-masc/screenshots/home/15133.jpg,data/data-masc/xml/home/15133.xml
15176,Home,home,data/data-masc/screenshots/home/15176.jpg,data/data-masc/xml/home/15176.xml
15193,Home,home,data/data-masc/screenshots/home/15193.jpg,data/data-masc/xml/home/15193.xml
15208,Home,home,data/data-masc/screenshots/home/15208.jpg,data/data-masc/xml/home/15208.xml
15251,Home,home,data/data-masc/screenshots/home/15251.jpg,data/data-masc/xml/home/15251.xml
15274,Home,home,data/data-masc/screenshots/home/15274.jpg,data/data-masc/xml/home/15274.xml
15318,Home,home,data/data-masc/screenshots/home/15318.jpg,data/data-masc/xml/home/15318.xml
15320,Home,home,data/data-masc/screenshots/home/15320.jpg,data/data-masc/xml/home/15320.xml
15374,Home,home,data/data-masc/screenshots/home/15374.jpg,data/data-masc/xml/home/15374.xml
15470,Home,home,data/data-masc/screenshots/home/15470.jpg,data/data-masc/xml/home/15470.xml
15524,Home,home,data/data-masc/screenshots/home/15524.jpg,data/data-masc/xml/home/15524.xml
15969,Home,home,data/data-masc/screenshots/home/15969.jpg,data/data-masc/xml/home/15969.xml
16049,Home,home,data/data-masc/screenshots/home/16049.jpg,data/data-masc/xml/home/16049.xml
16558,Home,home,data/data-masc/screenshots/home/16558.jpg,data/data-masc/xml/home/16558.xml
16566,Home,home,data/data-masc/screenshots/home/16566.jpg,data/data-masc/xml/home/16566.xml
16663,Home,home,data/data-masc/screenshots/home/16663.jpg,data/data-masc/xml/home/16663.xml
16705,Home,home,data/data-masc/screenshots/home/16705.jpg,data/data-masc/xml/home/16705.xml
16718,Home,home,data/data-masc/screenshots/home/16718.jpg,data/data-masc/xml/home/16718.xml
16851,Home,home,data/data-masc/screenshots/home/16851.jpg,data/data-masc/xml/home/16851.xml
16909,Home,home,data/data-masc/screenshots/home/16909.jpg,data/data-masc/xml/home/16909.xml
17072,Home,home,data/data-masc/screenshots/home/17072.jpg,data/data-masc/xml/home/17072.xml
17118,Home,home,data/data-masc/screenshots/home/17118.jpg,data/data-masc/xml/home/17118.xml
17185,Home,home,data/data-masc/screenshots/home/17185.jpg,data/data-masc/xml/home/17185.xml
17257,Home,home,data/data-masc/screenshots/home/17257.jpg,data/data-masc/xml/home/17257.xml
17646,Home,home,data/data-masc/screenshots/home/17646.jpg,data/data-masc/xml/home/17646.xml
17783,Home,home,data/data-masc/screenshots/home/17783.jpg,data/data-masc/xml/home/17783.xml
17969,Home,home,data/data-masc/screenshots/home/17969.jpg,data/data-masc/xml/home/17969.xml
18081,Home,home,data/data-masc/screenshots/home/18081.jpg,data/data-masc/xml/home/18081.xml
18466,Home,home,data/data-masc/screenshots/home/18466.jpg,data/data-masc/xml/home/18466.xml
18586,Home,home,data/data-masc/screenshots/home/18586.jpg,data/data-masc/xml/home/18586.xml
18821,Home,home,data/data-masc/screenshots/home/18821.jpg,data/data-masc/xml/home/18821.xml
18969,Home,home,data/data-masc/screenshots/home/18969.jpg,data/data-masc/xml/home/18969.xml
19183,Home,home,data/data-masc/screenshots/home/19183.jpg,data/data-masc/xml/home/19183.xml
19666,Home,home,data/data-masc/screenshots/home/19666.jpg,data/data-masc/xml/home/19666.xml
19689,Home,home,data/data-masc/screenshots/home/19689.jpg,data/data-masc/xml/home/19689.xml
20014,Home,home,data/data-masc/screenshots/home/20014.jpg,data/data-masc/xml/home/20014.xml
20096,Home,home,data/data-masc/screenshots/home/20096.jpg,data/data-masc/xml/home/20096.xml
20544,Home,home,data/data-masc/screenshots/home/20544.jpg,data/data-masc/xml/home/20544.xml
20748,Home,home,data/data-masc/screenshots/home/20748.jpg,data/data-masc/xml/home/20748.xml
20948,Home,home,data/data-masc/screenshots/home/20948.jpg,data/data-masc/xml/home/20948.xml
20954,Home,home,data/data-masc/screenshots/home/20954.jpg,data/data-masc/xml/home/20954.xml
20971,Home,home,data/data-masc/screenshots/home/20971.jpg,data/data-masc/xml/home/20971.xml
20975,Home,home,data/data-masc/screenshots/home/20975.jpg,data/data-masc/xml/home/20975.xml
21057,Home,home,data/data-masc/screenshots/home/21057.jpg,data/data-masc/xml/home/21057.xml
21312,Home,home,data/data-masc/screenshots/home/21312.jpg,data/data-masc/xml/home/21312.xml
21409,Home,home,data/data-masc/screenshots/home/21409.jpg,data/data-masc/xml/home/21409.xml
21510,Home,home,data/data-masc/screenshots/home/21510.jpg,data/data-masc/xml/home/21510.xml
21544,Home,home,data/data-masc/screenshots/home/21544.jpg,data/data-masc/xml/home/21544.xml
21642,Home,home,data/data-masc/screenshots/home/21642.jpg,data/data-masc/xml/home/21642.xml
21671,Home,home,data/data-masc/screenshots/home/21671.jpg,data/data-masc/xml/home/21671.xml
22075,Home,home,data/data-masc/screenshots/home/22075.jpg,data/data-masc/xml/home/22075.xml
22132,Home,home,data/data-masc/screenshots/home/22132.jpg,data/data-masc/xml/home/22132.xml
22432,Home,home,data/data-masc/screenshots/home/22432.jpg,data/data-masc/xml/home/22432.xml
22543,Home,home,data/data-masc/screenshots/home/22543.jpg,data/data-masc/xml/home/22543.xml
22951,Home,home,data/data-masc/screenshots/home/22951.jpg,data/data-masc/xml/home/22951.xml
22958,Home,home,data/data-masc/screenshots/home/22958.jpg,data/data-masc/xml/home/22958.xml
23006,Home,home,data/data-masc/screenshots/home/23006.jpg,data/data-masc/xml/home/23006.xml
23011,Home,home,data/data-masc/screenshots/home/23011.jpg,data/data-masc/xml/home/23011.xml
23165,Home,home,data/data-masc/screenshots/home/23165.jpg,data/data-masc/xml/home/23165.xml
23248,Home,home,data/data-masc/screenshots/home/23248.jpg,data/data-masc/xml/home/23248.xml
23255,Home,home,data/data-masc/screenshots/home/23255.jpg,data/data-masc/xml/home/23255.xml
23271,Home,home,data/data-masc/screenshots/home/23271.jpg,data/data-masc/xml/home/23271.xml
23540,Home,home,data/data-masc/screenshots/home/23540.jpg,data/data-masc/xml/home/23540.xml
23572,Home,home,data/data-masc/screenshots/home/23572.jpg,data/data-masc/xml/home/23572.xml
23578,Home,home,data/data-masc/screenshots/home/23578.jpg,data/data-masc/xml/home/23578.xml
23579,Home,home,data/data-masc/screenshots/home/23579.jpg,data/data-masc/xml/home/23579.xml
23602,Home,home,data/data-masc/screenshots/home/23602.jpg,data/data-masc/xml/home/23602.xml
24065,Home,home,data/data-masc/screenshots/home/24065.jpg,data/data-masc/xml/home/24065.xml
24243,Home,home,data/data-masc/screenshots/home/24243.jpg,data/data-masc/xml/home/24243.xml
24319,Home,home,data/data-masc/screenshots/home/24319.jpg,data/data-masc/xml/home/24319.xml
25186,Home,home,data/data-masc/screenshots/home/25186.jpg,data/data-masc/xml/home/25186.xml
25190,Home,home,data/data-masc/screenshots/home/25190.jpg,data/data-masc/xml/home/25190.xml
25191,Home,home,data/data-masc/screenshots/home/25191.jpg,data/data-masc/xml/home/25191.xml
25327,Home,home,data/data-masc/screenshots/home/25327.jpg,data/data-masc/xml/home/25327.xml
25821,Home,home,data/data-masc/screenshots/home/25821.jpg,data/data-masc/xml/home/25821.xml
25875,Home,home,data/data-masc/screenshots/home/25875.jpg,data/data-masc/xml/home/25875.xml
25959,Home,home,data/data-masc/screenshots/home/25959.jpg,data/data-masc/xml/home/25959.xml
26243,Home,home,data/data-masc/screenshots/home/26243.jpg,data/data-masc/xml/home/26243.xml
26244,Home,home,data/data-masc/screenshots/home/26244.jpg,data/data-masc/xml/home/26244.xml
26392,Home,home,data/data-masc/screenshots/home/26392.jpg,data/data-masc/xml/home/26392.xml
26401,Home,home,data/data-masc/screenshots/home/26401.jpg,data/data-masc/xml/home/26401.xml
26425,Home,home,data/data-masc/screenshots/home/26425.jpg,data/data-masc/xml/home/26425.xml
26444,Home,home,data/data-masc/screenshots/home/26444.jpg,data/data-masc/xml/home/26444.xml
26552,Home,home,data/data-masc/screenshots/home/26552.jpg,data/data-masc/xml/home/26552.xml
26638,Home,home,data/data-masc/screenshots/home/26638.jpg,data/data-masc/xml/home/26638.xml
26775,Home,home,data/data-masc/screenshots/home/26775.jpg,data/data-masc/xml/home/26775.xml
26860,Home,home,data/data-masc/screenshots/home/26860.jpg,data/data-masc/xml/home/26860.xml
27106,Home,home,data/data-masc/screenshots/home/27106.jpg,data/data-masc/xml/home/27106.xml
27282,Home,home,data/data-masc/screenshots/home/27282.jpg,data/data-masc/xml/home/27282.xml
27336,Home,home,data/data-masc/screenshots/home/27336.jpg,data/data-masc/xml/home/27336.xml
27760,Home,home,data/data-masc/screenshots/home/27760.jpg,data/data-masc/xml/home/27760.xml
27886,Home,home,data/data-masc/screenshots/home/27886.jpg,data/data-masc/xml/home/27886.xml
28353,Home,home,data/data-masc/screenshots/home/28353.jpg,data/data-masc/xml/home/28353.xml
28623,Home,home,data/data-masc/screenshots/home/28623.jpg,data/data-masc/xml/home/28623.xml
28629,Home,home,data/data-masc/screenshots/home/28629.jpg,data/data-masc/xml/home/28629.xml
28649,Home,home,data/data-masc/screenshots/home/28649.jpg,data/data-masc/xml/home/28649.xml
28703,Home,home,data/data-masc/screenshots/home/28703.jpg,data/data-masc/xml/home/28703.xml
28741,Home,home,data/data-masc/screenshots/home/28741.jpg,data/data-masc/xml/home/28741.xml
28771,Home,home,data/data-masc/screenshots/home/28771.jpg,data/data-masc/xml/home/28771.xml
29055,Home,home,data/data-masc/screenshots/home/29055.jpg,data/data-masc/xml/home/29055.xml
29058,Home,home,data/data-masc/screenshots/home/29058.jpg,data/data-masc/xml/home/29058.xml
29179,Home,home,data/data-masc/screenshots/home/29179.jpg,data/data-masc/xml/home/29179.xml
29234,Home,home,data/data-masc/screenshots/home/29234.jpg,data/data-masc/xml/home/29234.xml
29274,Home,home,data/data-masc/screenshots/home/29274.jpg,data/data-masc/xml/home/29274.xml
29459,Home,home,data/data-masc/screenshots/home/29459.jpg,data/data-masc/xml/home/29459.xml
29958,Home,home,data/data-masc/screenshots/home/29958.jpg,data/data-masc/xml/home/29958.xml
29976,Home,home,data/data-masc/screenshots/home/29976.jpg,data/data-masc/xml/home/29976.xml
30118,Home,home,data/data-masc/screenshots/home/30118.jpg,data/data-masc/xml/home/30118.xml
30262,Home,home,data/data-masc/screenshots/home/30262.jpg,data/data-masc/xml/home/30262.xml
30310,Home,home,data/data-masc/screenshots/home/30310.jpg,data/data-masc/xml/home/30310.xml
30400,Home,home,data/data-masc/screenshots/home/30400.jpg,data/data-masc/xml/home/30400.xml
30406,Home,home,data/data-masc/screenshots/home/30406.jpg,data/data-masc/xml/home/30406.xml
30429,Home,home,data/data-masc/screenshots/home/30429.jpg,data/data-masc/xml/home/30429.xml
30679,Home,home,data/data-masc/screenshots/home/30679.jpg,data/data-masc/xml/home/30679.xml
31610,Home,home,data/data-masc/screenshots/home/31610.jpg,data/data-masc/xml/home/31610.xml
31616,Home,home,data/data-masc/screenshots/home/31616.jpg,data/data-masc/xml/home/31616.xml
31842,Home,home,data/data-masc/screenshots/home/31842.jpg,data/data-masc/xml/home/31842.xml
32100,Home,home,data/data-masc/screenshots/home/32100.jpg,data/data-masc/xml/home/32100.xml
32193,Home,home,data/data-masc/screenshots/home/32193.jpg,data/data-masc/xml/home/32193.xml
32800,Home,home,data/data-masc/screenshots/home/32800.jpg,data/data-masc/xml/home/32800.xml
32805,Home,home,data/data-masc/screenshots/home/32805.jpg,data/data-masc/xml/home/32805.xml
33029,Home,home,data/data-masc/screenshots/home/33029.jpg,data/data-masc/xml/home/33029.xml
33035,Home,home,data/data-masc/screenshots/home/33035.jpg,data/data-masc/xml/home/33035.xml
33132,Home,home,data/data-masc/screenshots/home/33132.jpg,data/data-masc/xml/home/33132.xml
33313,Home,home,data/data-masc/screenshots/home/33313.jpg,data/data-masc/xml/home/33313.xml
33328,Home,home,data/data-masc/screenshots/home/33328.jpg,data/data-masc/xml/home/33328.xml
33330,Home,home,data/data-masc/screenshots/home/33330.jpg,data/data-masc/xml/home/33330.xml
33561,Home,home,data/data-masc/screenshots/home/33561.jpg,data/data-masc/xml/home/33561.xml
33639,Home,home,data/data-masc/screenshots/home/33639.jpg,data/data-masc/xml/home/33639.xml
33722,Home,home,data/data-masc/screenshots/home/33722.jpg,data/data-masc/xml/home/33722.xml
33983,Home,home,data/data-masc/screenshots/home/33983.jpg,data/data-masc/xml/home/33983.xml
33985,Home,home,data/data-masc/screenshots/home/33985.jpg,data/data-masc/xml/home/33985.xml
33999,Home,home,data/data-masc/screenshots/home/33999.jpg,data/data-masc/xml/home/33999.xml
34226,Home,home,data/data-masc/screenshots/home/34226.jpg,data/data-masc/xml/home/34226.xml
34308,Home,home,data/data-masc/screenshots/home/34308.jpg,data/data-masc/xml/home/34308.xml
34330,Home,home,data/data-masc/screenshots/home/34330.jpg,data/data-masc/xml/home/34330.xml
34337,Home,home,data/data-masc/screenshots/home/34337.jpg,data/data-masc/xml/home/34337.xml
34484,Home,home,data/data-masc/screenshots/home/34484.jpg,data/data-masc/xml/home/34484.xml
34518,Home,home,data/data-masc/screenshots/home/34518.jpg,data/data-masc/xml/home/34518.xml
34521,Home,home,data/data-masc/screenshots/home/34521.jpg,data/data-masc/xml/home/34521.xml
34756,Home,home,data/data-masc/screenshots/home/34756.jpg,data/data-masc/xml/home/34756.xml
34797,Home,home,data/data-masc/screenshots/home/34797.jpg,data/data-masc/xml/home/34797.xml
34895,Home,home,data/data-masc/screenshots/home/34895.jpg,data/data-masc/xml/home/34895.xml
34998,Home,home,data/data-masc/screenshots/home/34998.jpg,data/data-masc/xml/home/34998.xml
35007,Home,home,data/data-masc/screenshots/home/35007.jpg,data/data-masc/xml/home/35007.xml
35058,Home,home,data/data-masc/screenshots/home/35058.jpg,data/data-masc/xml/home/35058.xml
35114,Home,home,data/data-masc/screenshots/home/35114.jpg,data/data-masc/xml/home/35114.xml
35170,Home,home,data/data-masc/screenshots/home/35170.jpg,data/data-masc/xml/home/35170.xml
35222,Home,home,data/data-masc/screenshots/home/35222.jpg,data/data-masc/xml/home/35222.xml
35364,Home,home,data/data-masc/screenshots/home/35364.jpg,data/data-masc/xml/home/35364.xml
35541,Home,home,data/data-masc/screenshots/home/35541.jpg,data/data-masc/xml/home/35541.xml
35721,Home,home,data/data-masc/screenshots/home/35721.jpg,data/data-masc/xml/home/35721.xml
35725,Home,home,data/data-masc/screenshots/home/35725.jpg,data/data-masc/xml/home/35725.xml
36241,Home,home,data/data-masc/screenshots/home/36241.jpg,data/data-masc/xml/home/36241.xml
36256,Home,home,data/data-masc/screenshots/home/36256.jpg,data/data-masc/xml/home/36256.xml
36423,Home,home,data/data-masc/screenshots/home/36423.jpg,data/data-masc/xml/home/36423.xml
36633,Home,home,data/data-masc/screenshots/home/36633.jpg,data/data-masc/xml/home/36633.xml
36736,Home,home,data/data-masc/screenshots/home/36736.jpg,data/data-masc/xml/home/36736.xml
37025,Home,home,data/data-masc/screenshots/home/37025.jpg,data/data-masc/xml/home/37025.xml
37035,Home,home,data/data-masc/screenshots/home/37035.jpg,data/data-masc/xml/home/37035.xml
37083,Home,home,data/data-masc/screenshots/home/37083.jpg,data/data-masc/xml/home/37083.xml
37131,Home,home,data/data-masc/screenshots/home/37131.jpg,data/data-masc/xml/home/37131.xml
37147,Home,home,data/data-masc/screenshots/home/37147.jpg,data/data-masc/xml/home/37147.xml
37239,Home,home,data/data-masc/screenshots/home/37239.jpg,data/data-masc/xml/home/37239.xml
37279,Home,home,data/data-masc/screenshots/home/37279.jpg,data/data-masc/xml/home/37279.xml
38150,Home,home,data/data-masc/screenshots/home/38150.jpg,data/data-masc/xml/home/38150.xml
38154,Home,home,data/data-masc/screenshots/home/38154.jpg,data/data-masc/xml/home/38154.xml
38196,Home,home,data/data-masc/screenshots/home/38196.jpg,data/data-masc/xml/home/38196.xml
38204,Home,home,data/data-masc/screenshots/home/38204.jpg,data/data-masc/xml/home/38204.xml
38437,Home,home,data/data-masc/screenshots/home/38437.jpg,data/data-masc/xml/home/38437.xml
38507,Home,home,data/data-masc/screenshots/home/38507.jpg,data/data-masc/xml/home/38507.xml
38560,Home,home,data/data-masc/screenshots/home/38560.jpg,data/data-masc/xml/home/38560.xml
38688,Home,home,data/data-masc/screenshots/home/38688.jpg,data/data-masc/xml/home/38688.xml
38818,Home,home,data/data-masc/screenshots/home/38818.jpg,data/data-masc/xml/home/38818.xml
38908,Home,home,data/data-masc/screenshots/home/38908.jpg,data/data-masc/xml/home/38908.xml
38961,Home,home,data/data-masc/screenshots/home/38961.jpg,data/data-masc/xml/home/38961.xml
39192,Home,home,data/data-masc/screenshots/home/39192.jpg,data/data-masc/xml/home/39192.xml
39335,Home,home,data/data-masc/screenshots/home/39335.jpg,data/data-masc/xml/home/39335.xml
39344,Home,home,data/data-masc/screenshots/home/39344.jpg,data/data-masc/xml/home/39344.xml
39437,Home,home,data/data-masc/screenshots/home/39437.jpg,data/data-masc/xml/home/39437.xml
39464,Home,home,data/data-masc/screenshots/home/39464.jpg,data/data-masc/xml/home/39464.xml
39687,Home,home,data/data-masc/screenshots/home/39687.jpg,data/data-masc/xml/home/39687.xml
39694,Home,home,data/data-masc/screenshots/home/39694.jpg,data/data-masc/xml/home/39694.xml
39749,Home,home,data/data-masc/screenshots/home/39749.jpg,data/data-masc/xml/home/39749.xml
40169,Home,home,data/data-masc/screenshots/home/40169.jpg,data/data-masc/xml/home/40169.xml
40234,Home,home,data/data-masc/screenshots/home/40234.jpg,data/data-masc/xml/home/40234.xml
40238,Home,home,data/data-masc/screenshots/home/40238.jpg,data/data-masc/xml/home/40238.xml
40371,Home,home,data/data-masc/screenshots/home/40371.jpg,data/data-masc/xml/home/40371.xml
40497,Home,home,data/data-masc/screenshots/home/40497.jpg,data/data-masc/xml/home/40497.xml
40543,Home,home,data/data-masc/screenshots/home/40543.jpg,data/data-masc/xml/home/40543.xml
40553,Home,home,data/data-masc/screenshots/home/40553.jpg,data/data-masc/xml/home/40553.xml
40659,Home,home,data/data-masc/screenshots/home/40659.jpg,data/data-masc/xml/home/40659.xml
40676,Home,home,data/data-masc/screenshots/home/40676.jpg,data/data-masc/xml/home/40676.xml
40695,Home,home,data/data-masc/screenshots/home/40695.jpg,data/data-masc/xml/home/40695.xml
40718,Home,home,data/data-masc/screenshots/home/40718.jpg,data/data-masc/xml/home/40718.xml
40947,Home,home,data/data-masc/screenshots/home/40947.jpg,data/data-masc/xml/home/40947.xml
41176,Home,home,data/data-masc/screenshots/home/41176.jpg,data/data-masc/xml/home/41176.xml
41190,Home,home,data/data-masc/screenshots/home/41190.jpg,data/data-masc/xml/home/41190.xml
41200,Home,home,data/data-masc/screenshots/home/41200.jpg,data/data-masc/xml/home/41200.xml
41255,Home,home,data/data-masc/screenshots/home/41255.jpg,data/data-masc/xml/home/41255.xml
41263,Home,home,data/data-masc/screenshots/home/41263.jpg,data/data-masc/xml/home/41263.xml
41624,Home,home,data/data-masc/screenshots/home/41624.jpg,data/data-masc/xml/home/41624.xml
41629,Home,home,data/data-masc/screenshots/home/41629.jpg,data/data-masc/xml/home/41629.xml
41800,Home,home,data/data-masc/screenshots/home/41800.jpg,data/data-masc/xml/home/41800.xml
41920,Home,home,data/data-masc/screenshots/home/41920.jpg,data/data-masc/xml/home/41920.xml
42033,Home,home,data/data-masc/screenshots/home/42033.jpg,data/data-masc/xml/home/42033.xml
42160,Home,home,data/data-masc/screenshots/home/42160.jpg,data/data-masc/xml/home/42160.xml
42214,Home,home,data/data-masc/screenshots/home/42214.jpg,data/data-masc/xml/home/42214.xml
42252,Home,home,data/data-masc/screenshots/home/42252.jpg,data/data-masc/xml/home/42252.xml
42254,Home,home,data/data-masc/screenshots/home/42254.jpg,data/data-masc/xml/home/42254.xml
42341,Home,home,data/data-masc/screenshots/home/42341.jpg,data/data-masc/xml/home/42341.xml
42359,Home,home,data/data-masc/screenshots/home/42359.jpg,data/data-masc/xml/home/42359.xml
42538,Home,home,data/data-masc/screenshots/home/42538.jpg,data/data-masc/xml/home/42538.xml
42679,Home,home,data/data-masc/screenshots/home/42679.jpg,data/data-masc/xml/home/42679.xml
42937,Home,home,data/data-masc/screenshots/home/42937.jpg,data/data-masc/xml/home/42937.xml
43049,Home,home,data/data-masc/screenshots/home/43049.jpg,data/data-masc/xml/home/43049.xml
43105,Home,home,data/data-masc/screenshots/home/43105.jpg,data/data-masc/xml/home/43105.xml
43170,Home,home,data/data-masc/screenshots/home/43170.jpg,data/data-masc/xml/home/43170.xml
43213,Home,home,data/data-masc/screenshots/home/43213.jpg,data/data-masc/xml/home/43213.xml
43817,Home,home,data/data-masc/screenshots/home/43817.jpg,data/data-masc/xml/home/43817.xml
44029,Home,home,data/data-masc/screenshots/home/44029.jpg,data/data-masc/xml/home/44029.xml
44248,Home,home,data/data-masc/screenshots/home/44248.jpg,data/data-masc/xml/home/44248.xml
44349,Home,home,data/data-masc/screenshots/home/44349.jpg,data/data-masc/xml/home/44349.xml
44396,Home,home,data/data-masc/screenshots/home/44396.jpg,data/data-masc/xml/home/44396.xml
44426,Home,home,data/data-masc/screenshots/home/44426.jpg,data/data-masc/xml/home/44426.xml
44448,Home,home,data/data-masc/screenshots/home/44448.jpg,data/data-masc/xml/home/44448.xml
44468,Home,home,data/data-masc/screenshots/home/44468.jpg,data/data-masc/xml/home/44468.xml
44512,Home,home,data/data-masc/screenshots/home/44512.jpg,data/data-masc/xml/home/44512.xml
44522,Home,home,data/data-masc/screenshots/home/44522.jpg,data/data-masc/xml/home/44522.xml
44620,Home,home,data/data-masc/screenshots/home/44620.jpg,data/data-masc/xml/home/44620.xml
44623,Home,home,data/data-masc/screenshots/home/44623.jpg,data/data-masc/xml/home/44623.xml
44685,Home,home,data/data-masc/screenshots/home/44685.jpg,data/data-masc/xml/home/44685.xml
44740,Home,home,data/data-masc/screenshots/home/44740.jpg,data/data-masc/xml/home/44740.xml
44800,Home,home,data/data-masc/screenshots/home/44800.jpg,data/data-masc/xml/home/44800.xml
44990,Home,home,data/data-masc/screenshots/home/44990.jpg,data/data-masc/xml/home/44990.xml
45080,Home,home,data/data-masc/screenshots/home/45080.jpg,data/data-masc/xml/home/45080.xml
45092,Home,home,data/data-masc/screenshots/home/45092.jpg,data/data-masc/xml/home/45092.xml
45103,Home,home,data/data-masc/screenshots/home/45103.jpg,data/data-masc/xml/home/45103.xml
45110,Home,home,data/data-masc/screenshots/home/45110.jpg,data/data-masc/xml/home/45110.xml
45512,Home,home,data/data-masc/screenshots/home/45512.jpg,data/data-masc/xml/home/45512.xml
45596,Home,home,data/data-masc/screenshots/home/45596.jpg,data/data-masc/xml/home/45596.xml
45736,Home,home,data/data-masc/screenshots/home/45736.jpg,data/data-masc/xml/home/45736.xml
45740,Home,home,data/data-masc/screenshots/home/45740.jpg,data/data-masc/xml/home/45740.xml
45863,Home,home,data/data-masc/screenshots/home/45863.jpg,data/data-masc/xml/home/45863.xml
45912,Home,home,data/data-masc/screenshots/home/45912.jpg,data/data-masc/xml/home/45912.xml
46276,Home,home,data/data-masc/screenshots/home/46276.jpg,data/data-masc/xml/home/46276.xml
46385,Home,home,data/data-masc/screenshots/home/46385.jpg,data/data-masc/xml/home/46385.xml
46476,Home,home,data/data-masc/screenshots/home/46476.jpg,data/data-masc/xml/home/46476.xml
46497,Home,home,data/data-masc/screenshots/home/46497.jpg,data/data-masc/xml/home/46497.xml
46648,Home,home,data/data-masc/screenshots/home/46648.jpg,data/data-masc/xml/home/46648.xml
46710,Home,home,data/data-masc/screenshots/home/46710.jpg,data/data-masc/xml/home/46710.xml
46797,Home,home,data/data-masc/screenshots/home/46797.jpg,data/data-masc/xml/home/46797.xml
46807,Home,home,data/data-masc/screenshots/home/46807.jpg,data/data-masc/xml/home/46807.xml
46896,Home,home,data/data-masc/screenshots/home/46896.jpg,data/data-masc/xml/home/46896.xml
46977,Home,home,data/data-masc/screenshots/home/46977.jpg,data/data-masc/xml/home/46977.xml
46982,Home,home,data/data-masc/screenshots/home/46982.jpg,data/data-masc/xml/home/46982.xml
47053,Home,home,data/data-masc/screenshots/home/47053.jpg,data/data-masc/xml/home/47053.xml
47081,Home,home,data/data-masc/screenshots/home/47081.jpg,data/data-masc/xml/home/47081.xml
47095,Home,home,data/data-masc/screenshots/home/47095.jpg,data/data-masc/xml/home/47095.xml
47241,Home,home,data/data-masc/screenshots/home/47241.jpg,data/data-masc/xml/home/47241.xml
47254,Home,home,data/data-masc/screenshots/home/47254.jpg,data/data-masc/xml/home/47254.xml
47304,Home,home,data/data-masc/screenshots/home/47304.jpg,data/data-masc/xml/home/47304.xml
47371,Home,home,data/data-masc/screenshots/home/47371.jpg,data/data-masc/xml/home/47371.xml
47434,Home,home,data/data-masc/screenshots/home/47434.jpg,data/data-masc/xml/home/47434.xml
47466,Home,home,data/data-masc/screenshots/home/47466.jpg,data/data-masc/xml/home/47466.xml
47795,Home,home,data/data-masc/screenshots/home/47795.jpg,data/data-masc/xml/home/47795.xml
47802,Home,home,data/data-masc/screenshots/home/47802.jpg,data/data-masc/xml/home/47802.xml
47808,Home,home,data/data-masc/screenshots/home/47808.jpg,data/data-masc/xml/home/47808.xml
47859,Home,home,data/data-masc/screenshots/home/47859.jpg,data/data-masc/xml/home/47859.xml
47883,Home,home,data/data-masc/screenshots/home/47883.jpg,data/data-masc/xml/home/47883.xml
47942,Home,home,data/data-masc/screenshots/home/47942.jpg,data/data-masc/xml/home/47942.xml
47991,Home,home,data/data-masc/screenshots/home/47991.jpg,data/data-masc/xml/home/47991.xml
48004,Home,home,data/data-masc/screenshots/home/48004.jpg,data/data-masc/xml/home/48004.xml
48257,Home,home,data/data-masc/screenshots/home/48257.jpg,data/data-masc/xml/home/48257.xml
48285,Home,home,data/data-masc/screenshots/home/48285.jpg,data/data-masc/xml/home/48285.xml
48315,Home,home,data/data-masc/screenshots/home/48315.jpg,data/data-masc/xml/home/48315.xml
48394,Home,home,data/data-masc/screenshots/home/48394.jpg,data/data-masc/xml/home/48394.xml
48472,Home,home,data/data-masc/screenshots/home/48472.jpg,data/data-masc/xml/home/48472.xml
48529,Home,home,data/data-masc/screenshots/home/48529.jpg,data/data-masc/xml/home/48529.xml
48534,Home,home,data/data-masc/screenshots/home/48534.jpg,data/data-masc/xml/home/48534.xml
48538,Home,home,data/data-masc/screenshots/home/48538.jpg,data/data-masc/xml/home/48538.xml
48790,Home,home,data/data-masc/screenshots/home/48790.jpg,data/data-masc/xml/home/48790.xml
48845,Home,home,data/data-masc/screenshots/home/48845.jpg,data/data-masc/xml/home/48845.xml
49099,Home,home,data/data-masc/screenshots/home/49099.jpg,data/data-masc/xml/home/49099.xml
49333,Home,home,data/data-masc/screenshots/home/49333.jpg,data/data-masc/xml/home/49333.xml
49450,Home,home,data/data-masc/screenshots/home/49450.jpg,data/data-masc/xml/home/49450.xml
49525,Home,home,data/data-masc/screenshots/home/49525.jpg,data/data-masc/xml/home/49525.xml
49535,Home,home,data/data-masc/screenshots/home/49535.jpg,data/data-masc/xml/home/49535.xml
49566,Home,home,data/data-masc/screenshots/home/49566.jpg,data/data-masc/xml/home/49566.xml
49720,Home,home,data/data-masc/screenshots/home/49720.jpg,data/data-masc/xml/home/49720.xml
49750,Home,home,data/data-masc/screenshots/home/49750.jpg,data/data-masc/xml/home/49750.xml
49754,Home,home,data/data-masc/screenshots/home/49754.jpg,data/data-masc/xml/home/49754.xml
49764,Home,home,data/data-masc/screenshots/home/49764.jpg,data/data-masc/xml/home/49764.xml
49770,Home,home,data/data-masc/screenshots/home/49770.jpg,data/data-masc/xml/home/49770.xml
49790,Home,home,data/data-masc/screenshots/home/49790.jpg,data/data-masc/xml/home/49790.xml
49794,Home,home,data/data-masc/screenshots/home/49794.jpg,data/data-masc/xml/home/49794.xml
49947,Home,home,data/data-masc/screenshots/home/49947.jpg,data/data-masc/xml/home/49947.xml
50194,Home,home,data/data-masc/screenshots/home/50194.jpg,data/data-masc/xml/home/50194.xml
50246,Home,home,data/data-masc/screenshots/home/50246.jpg,data/data-masc/xml/home/50246.xml
50379,Home,home,data/data-masc/screenshots/home/50379.jpg,data/data-masc/xml/home/50379.xml
50426,Home,home,data/data-masc/screenshots/home/50426.jpg,data/data-masc/xml/home/50426.xml
50678,Home,home,data/data-masc/screenshots/home/50678.jpg,data/data-masc/xml/home/50678.xml
50996,Home,home,data/data-masc/screenshots/home/50996.jpg,data/data-masc/xml/home/50996.xml
51093,Home,home,data/data-masc/screenshots/home/51093.jpg,data/data-masc/xml/home/51093.xml
51097,Home,home,data/data-masc/screenshots/home/51097.jpg,data/data-masc/xml/home/51097.xml
51135,Home,home,data/data-masc/screenshots/home/51135.jpg,data/data-masc/xml/home/51135.xml
51310,Home,home,data/data-masc/screenshots/home/51310.jpg,data/data-masc/xml/home/51310.xml
51499,Home,home,data/data-masc/screenshots/home/51499.jpg,data/data-masc/xml/home/51499.xml
51765,Home,home,data/data-masc/screenshots/home/51765.jpg,data/data-masc/xml/home/51765.xml
52045,Home,home,data/data-masc/screenshots/home/52045.jpg,data/data-masc/xml/home/52045.xml
52100,Home,home,data/data-masc/screenshots/home/52100.jpg,data/data-masc/xml/home/52100.xml
52276,Home,home,data/data-masc/screenshots/home/52276.jpg,data/data-masc/xml/home/52276.xml
52311,Home,home,data/data-masc/screenshots/home/52311.jpg,data/data-masc/xml/home/52311.xml
52427,Home,home,data/data-masc/screenshots/home/52427.jpg,data/data-masc/xml/home/52427.xml
52785,Home,home,data/data-masc/screenshots/home/52785.jpg,data/data-masc/xml/home/52785.xml
52915,Home,home,data/data-masc/screenshots/home/52915.jpg,data/data-masc/xml/home/52915.xml
52997,Home,home,data/data-masc/screenshots/home/52997.jpg,data/data-masc/xml/home/52997.xml
53068,Home,home,data/data-masc/screenshots/home/53068.jpg,data/data-masc/xml/home/53068.xml
53175,Home,home,data/data-masc/screenshots/home/53175.jpg,data/data-masc/xml/home/53175.xml
53181,Home,home,data/data-masc/screenshots/home/53181.jpg,data/data-masc/xml/home/53181.xml
53238,Home,home,data/data-masc/screenshots/home/53238.jpg,data/data-masc/xml/home/53238.xml
53332,Home,home,data/data-masc/screenshots/home/53332.jpg,data/data-masc/xml/home/53332.xml
53344,Home,home,data/data-masc/screenshots/home/53344.jpg,data/data-masc/xml/home/53344.xml
53382,Home,home,data/data-masc/screenshots/home/53382.jpg,data/data-masc/xml/home/53382.xml
53487,Home,home,data/data-masc/screenshots/home/53487.jpg,data/data-masc/xml/home/53487.xml
53520,Home,home,data/data-masc/screenshots/home/53520.jpg,data/data-masc/xml/home/53520.xml
53643,Home,home,data/data-masc/screenshots/home/53643.jpg,data/data-masc/xml/home/53643.xml
53716,Home,home,data/data-masc/screenshots/home/53716.jpg,data/data-masc/xml/home/53716.xml
53820,Home,home,data/data-masc/screenshots/home/53820.jpg,data/data-masc/xml/home/53820.xml
54062,Home,home,data/data-masc/screenshots/home/54062.jpg,data/data-masc/xml/home/54062.xml
54063,Home,home,data/data-masc/screenshots/home/54063.jpg,data/data-masc/xml/home/54063.xml
54065,Home,home,data/data-masc/screenshots/home/54065.jpg,data/data-masc/xml/home/54065.xml
54092,Home,home,data/data-masc/screenshots/home/54092.jpg,data/data-masc/xml/home/54092.xml
54255,Home,home,data/data-masc/screenshots/home/54255.jpg,data/data-masc/xml/home/54255.xml
54270,Home,home,data/data-masc/screenshots/home/54270.jpg,data/data-masc/xml/home/54270.xml
54346,Home,home,data/data-masc/screenshots/home/54346.jpg,data/data-masc/xml/home/54346.xml
54372,Home,home,data/data-masc/screenshots/home/54372.jpg,data/data-masc/xml/home/54372.xml
54422,Home,home,data/data-masc/screenshots/home/54422.jpg,data/data-masc/xml/home/54422.xml
54425,Home,home,data/data-masc/screenshots/home/54425.jpg,data/data-masc/xml/home/54425.xml
54431,Home,home,data/data-masc/screenshots/home/54431.jpg,data/data-masc/xml/home/54431.xml
54584,Home,home,data/data-masc/screenshots/home/54584.jpg,data/data-masc/xml/home/54584.xml
54659,Home,home,data/data-masc/screenshots/home/54659.jpg,data/data-masc/xml/home/54659.xml
54697,Home,home,data/data-masc/screenshots/home/54697.jpg,data/data-masc/xml/home/54697.xml
54755,Home,home,data/data-masc/screenshots/home/54755.jpg,data/data-masc/xml/home/54755.xml
54798,Home,home,data/data-masc/screenshots/home/54798.jpg,data/data-masc/xml/home/54798.xml
54864,Home,home,data/data-masc/screenshots/home/54864.jpg,data/data-masc/xml/home/54864.xml
55033,Home,home,data/data-masc/screenshots/home/55033.jpg,data/data-masc/xml/home/55033.xml
55626,Home,home,data/data-masc/screenshots/home/55626.jpg,data/data-masc/xml/home/55626.xml
55646,Home,home,data/data-masc/screenshots/home/55646.jpg,data/data-masc/xml/home/55646.xml
55667,Home,home,data/data-masc/screenshots/home/55667.jpg,data/data-masc/xml/home/55667.xml
55790,Home,home,data/data-masc/screenshots/home/55790.jpg,data/data-masc/xml/home/55790.xml
56247,Home,home,data/data-masc/screenshots/home/56247.jpg,data/data-masc/xml/home/56247.xml
56267,Home,home,data/data-masc/screenshots/home/56267.jpg,data/data-masc/xml/home/56267.xml
56838,Home,home,data/data-masc/screenshots/home/56838.jpg,data/data-masc/xml/home/56838.xml
57283,Home,home,data/data-masc/screenshots/home/57283.jpg,data/data-masc/xml/home/57283.xml
57364,Home,home,data/data-masc/screenshots/home/57364.jpg,data/data-masc/xml/home/57364.xml
57475,Home,home,data/data-masc/screenshots/home/57475.jpg,data/data-masc/xml/home/57475.xml
57486,Home,home,data/data-masc/screenshots/home/57486.jpg,data/data-masc/xml/home/57486.xml
57505,Home,home,data/data-masc/screenshots/home/57505.jpg,data/data-masc/xml/home/57505.xml
57638,Home,home,data/data-masc/screenshots/home/57638.jpg,data/data-masc/xml/home/57638.xml
57713,Home,home,data/data-masc/screenshots/home/57713.jpg,data/data-masc/xml/home/57713.xml
57727,Home,home,data/data-masc/screenshots/home/57727.jpg,data/data-masc/xml/home/57727.xml
57828,Home,home,data/data-masc/screenshots/home/57828.jpg,data/data-masc/xml/home/57828.xml
58025,Home,home,data/data-masc/screenshots/home/58025.jpg,data/data-masc/xml/home/58025.xml
58089,Home,home,data/data-masc/screenshots/home/58089.jpg,data/data-masc/xml/home/58089.xml
58159,Home,home,data/data-masc/screenshots/home/58159.jpg,data/data-masc/xml/home/58159.xml
58276,Home,home,data/data-masc/screenshots/home/58276.jpg,data/data-masc/xml/home/58276.xml
58278,Home,home,data/data-masc/screenshots/home/58278.jpg,data/data-masc/xml/home/58278.xml
58392,Home,home,data/data-masc/screenshots/home/58392.jpg,data/data-masc/xml/home/58392.xml
58611,Home,home,data/data-masc/screenshots/home/58611.jpg,data/data-masc/xml/home/58611.xml
58721,Home,home,data/data-masc/screenshots/home/58721.jpg,data/data-masc/xml/home/58721.xml
58814,Home,home,data/data-masc/screenshots/home/58814.jpg,data/data-masc/xml/home/58814.xml
58815,Home,home,data/data-masc/screenshots/home/58815.jpg,data/data-masc/xml/home/58815.xml
58818,Home,home,data/data-masc/screenshots/home/58818.jpg,data/data-masc/xml/home/58818.xml
58822,Home,home,data/data-masc/screenshots/home/58822.jpg,data/data-masc/xml/home/58822.xml
58917,Home,home,data/data-masc/screenshots/home/58917.jpg,data/data-masc/xml/home/58917.xml
58924,Home,home,data/data-masc/screenshots/home/58924.jpg,data/data-masc/xml/home/58924.xml
58988,Home,home,data/data-masc/screenshots/home/58988.jpg,data/data-masc/xml/home/58988.xml
59359,Home,home,data/data-masc/screenshots/home/59359.jpg,data/data-masc/xml/home/59359.xml
59437,Home,home,data/data-masc/screenshots/home/59437.jpg,data/data-masc/xml/home/59437.xml
59444,Home,home,data/data-masc/screenshots/home/59444.jpg,data/data-masc/xml/home/59444.xml
59560,Home,home,data/data-masc/screenshots/home/59560.jpg,data/data-masc/xml/home/59560.xml
59642,Home,home,data/data-masc/screenshots/home/59642.jpg,data/data-masc/xml/home/59642.xml
59781,Home,home,data/data-masc/screenshots/home/59781.jpg,data/data-masc/xml/home/59781.xml
59825,Home,home,data/data-masc/screenshots/home/59825.jpg,data/data-masc/xml/home/59825.xml
60105,Home,home,data/data-masc/screenshots/home/60105.jpg,data/data-masc/xml/home/60105.xml
60480,Home,home,data/data-masc/screenshots/home/60480.jpg,data/data-masc/xml/home/60480.xml
60733,Home,home,data/data-masc/screenshots/home/60733.jpg,data/data-masc/xml/home/60733.xml
61196,Home,home,data/data-masc/screenshots/home/61196.jpg,data/data-masc/xml/home/61196.xml
61204,Home,home,data/data-masc/screenshots/home/61204.jpg,data/data-masc/xml/home/61204.xml
61439,Home,home,data/data-masc/screenshots/home/61439.jpg,data/data-masc/xml/home/61439.xml
61888,Home,home,data/data-masc/screenshots/home/61888.jpg,data/data-masc/xml/home/61888.xml
62224,Home,home,data/data-masc/screenshots/home/62224.jpg,data/data-masc/xml/home/62224.xml
62313,Home,home,data/data-masc/screenshots/home/62313.jpg,data/data-masc/xml/home/62313.xml
62342,Home,home,data/data-masc/screenshots/home/62342.jpg,data/data-masc/xml/home/62342.xml
62377,Home,home,data/data-masc/screenshots/home/62377.jpg,data/data-masc/xml/home/62377.xml
62813,Home,home,data/data-masc/screenshots/home/62813.jpg,data/data-masc/xml/home/62813.xml
63090,Home,home,data/data-masc/screenshots/home/63090.jpg,data/data-masc/xml/home/63090.xml
63121,Home,home,data/data-masc/screenshots/home/63121.jpg,data/data-masc/xml/home/63121.xml
63158,Home,home,data/data-masc/screenshots/home/63158.jpg,data/data-masc/xml/home/63158.xml
63502,Home,home,data/data-masc/screenshots/home/63502.jpg,data/data-masc/xml/home/63502.xml
63697,Home,home,data/data-masc/screenshots/home/63697.jpg,data/data-masc/xml/home/63697.xml
63772,Home,home,data/data-masc/screenshots/home/63772.jpg,data/data-masc/xml/home/63772.xml
63777,Home,home,data/data-masc/screenshots/home/63777.jpg,data/data-masc/xml/home/63777.xml
64081,Home,home,data/data-masc/screenshots/home/64081.jpg,data/data-masc/xml/home/64081.xml
64142,Home,home,data/data-masc/screenshots/home/64142.jpg,data/data-masc/xml/home/64142.xml
64162,Home,home,data/data-masc/screenshots/home/64162.jpg,data/data-masc/xml/home/64162.xml
64218,Home,home,data/data-masc/screenshots/home/64218.jpg,data/data-masc/xml/home/64218.xml
64371,Home,home,data/data-masc/screenshots/home/64371.jpg,data/data-masc/xml/home/64371.xml
64425,Home,home,data/data-masc/screenshots/home/64425.jpg,data/data-masc/xml/home/64425.xml
64505,Home,home,data/data-masc/screenshots/home/64505.jpg,data/data-masc/xml/home/64505.xml
64675,Home,home,data/data-masc/screenshots/home/64675.jpg,data/data-masc/xml/home/64675.xml
64731,Home,home,data/data-masc/screenshots/home/64731.jpg,data/data-masc/xml/home/64731.xml
64773,Home,home,data/data-masc/screenshots/home/64773.jpg,data/data-masc/xml/home/64773.xml
64979,Home,home,data/data-masc/screenshots/home/64979.jpg,data/data-masc/xml/home/64979.xml
64987,Home,home,data/data-masc/screenshots/home/64987.jpg,data/data-masc/xml/home/64987.xml
64997,Home,home,data/data-masc/screenshots/home/64997.jpg,data/data-masc/xml/home/64997.xml
65002,Home,home,data/data-masc/screenshots/home/65002.jpg,data/data-masc/xml/home/65002.xml
65039,Home,home,data/data-masc/screenshots/home/65039.jpg,data/data-masc/xml/home/65039.xml
65095,Home,home,data/data-masc/screenshots/home/65095.jpg,data/data-masc/xml/home/65095.xml
65099,Home,home,data/data-masc/screenshots/home/65099.jpg,data/data-masc/xml/home/65099.xml
65234,Home,home,data/data-masc/screenshots/home/65234.jpg,data/data-masc/xml/home/65234.xml
65280,Home,home,data/data-masc/screenshots/home/65280.jpg,data/data-masc/xml/home/65280.xml
65442,Home,home,data/data-masc/screenshots/home/65442.jpg,data/data-masc/xml/home/65442.xml
65513,Home,home,data/data-masc/screenshots/home/65513.jpg,data/data-masc/xml/home/65513.xml
65869,Home,home,data/data-masc/screenshots/home/65869.jpg,data/data-masc/xml/home/65869.xml
65938,Home,home,data/data-masc/screenshots/home/65938.jpg,data/data-masc/xml/home/65938.xml
65950,Home,home,data/data-masc/screenshots/home/65950.jpg,data/data-masc/xml/home/65950.xml
66000,Home,home,data/data-masc/screenshots/home/66000.jpg,data/data-masc/xml/home/66000.xml
66343,Home,home,data/data-masc/screenshots/home/66343.jpg,data/data-masc/xml/home/66343.xml
66349,Home,home,data/data-masc/screenshots/home/66349.jpg,data/data-masc/xml/home/66349.xml
66394,Home,home,data/data-masc/screenshots/home/66394.jpg,data/data-masc/xml/home/66394.xml
66545,Home,home,data/data-masc/screenshots/home/66545.jpg,data/data-masc/xml/home/66545.xml
66806,Home,home,data/data-masc/screenshots/home/66806.jpg,data/data-masc/xml/home/66806.xml
66994,Home,home,data/data-masc/screenshots/home/66994.jpg,data/data-masc/xml/home/66994.xml
67020,Home,home,data/data-masc/screenshots/home/67020.jpg,data/data-masc/xml/home/67020.xml
67106,Home,home,data/data-masc/screenshots/home/67106.jpg,data/data-masc/xml/home/67106.xml
67113,Home,home,data/data-masc/screenshots/home/67113.jpg,data/data-masc/xml/home/67113.xml
67119,Home,home,data/data-masc/screenshots/home/67119.jpg,data/data-masc/xml/home/67119.xml
67265,Home,home,data/data-masc/screenshots/home/67265.jpg,data/data-masc/xml/home/67265.xml
67308,Home,home,data/data-masc/screenshots/home/67308.jpg,data/data-masc/xml/home/67308.xml
67521,Home,home,data/data-masc/screenshots/home/67521.jpg,data/data-masc/xml/home/67521.xml
67657,Home,home,data/data-masc/screenshots/home/67657.jpg,data/data-masc/xml/home/67657.xml
67816,Home,home,data/data-masc/screenshots/home/67816.jpg,data/data-masc/xml/home/67816.xml
67995,Home,home,data/data-masc/screenshots/home/67995.jpg,data/data-masc/xml/home/67995.xml
68465,Home,home,data/data-masc/screenshots/home/68465.jpg,data/data-masc/xml/home/68465.xml
68584,Home,home,data/data-masc/screenshots/home/68584.jpg,data/data-masc/xml/home/68584.xml
68616,Home,home,data/data-masc/screenshots/home/68616.jpg,data/data-masc/xml/home/68616.xml
68779,Home,home,data/data-masc/screenshots/home/68779.jpg,data/data-masc/xml/home/68779.xml
68882,Home,home,data/data-masc/screenshots/home/68882.jpg,data/data-masc/xml/home/68882.xml
68970,Home,home,data/data-masc/screenshots/home/68970.jpg,data/data-masc/xml/home/68970.xml
69100,Home,home,data/data-masc/screenshots/home/69100.jpg,data/data-masc/xml/home/69100.xml
69170,Home,home,data/data-masc/screenshots/home/69170.jpg,data/data-masc/xml/home/69170.xml
69211,Home,home,data/data-masc/screenshots/home/69211.jpg,data/data-masc/xml/home/69211.xml
69257,Home,home,data/data-masc/screenshots/home/69257.jpg,data/data-masc/xml/home/69257.xml
69272,Home,home,data/data-masc/screenshots/home/69272.jpg,data/data-masc/xml/home/69272.xml
69374,Home,home,data/data-masc/screenshots/home/69374.jpg,data/data-masc/xml/home/69374.xml
69450,Home,home,data/data-masc/screenshots/home/69450.jpg,data/data-masc/xml/home/69450.xml
69481,Home,home,data/data-masc/screenshots/home/69481.jpg,data/data-masc/xml/home/69481.xml
69802,Home,home,data/data-masc/screenshots/home/69802.jpg,data/data-masc/xml/home/69802.xml
69824,Home,home,data/data-masc/screenshots/home/69824.jpg,data/data-masc/xml/home/69824.xml
69874,Home,home,data/data-masc/screenshots/home/69874.jpg,data/data-masc/xml/home/69874.xml
69942,Home,home,data/data-masc/screenshots/home/69942.jpg,data/data-masc/xml/home/69942.xml
69978,Home,home,data/data-masc/screenshots/home/69978.jpg,data/data-masc/xml/home/69978.xml
70482,Home,home,data/data-masc/screenshots/home/70482.jpg,data/data-masc/xml/home/70482.xml
71183,Home,home,data/data-masc/screenshots/home/71183.jpg,data/data-masc/xml/home/71183.xml
71241,Home,home,data/data-masc/screenshots/home/71241.jpg,data/data-masc/xml/home/71241.xml
71266,Home,home,data/data-masc/screenshots/home/71266.jpg,data/data-masc/xml/home/71266.xml
71505,Home,home,data/data-masc/screenshots/home/71505.jpg,data/data-masc/xml/home/71505.xml
71553,Home,home,data/data-masc/screenshots/home/71553.jpg,data/data-masc/xml/home/71553.xml
71638,Home,home,data/data-masc/screenshots/home/71638.jpg,data/data-masc/xml/home/71638.xml
71655,Home,home,data/data-masc/screenshots/home/71655.jpg,data/data-masc/xml/home/71655.xml
71874,Home,home,data/data-masc/screenshots/home/71874.jpg,data/data-masc/xml/home/71874.xml
71877,Home,home,data/data-masc/screenshots/home/71877.jpg,data/data-masc/xml/home/71877.xml
71975,Home,home,data/data-masc/screenshots/home/71975.jpg,data/data-masc/xml/home/71975.xml
72012,Home,home,data/data-masc/screenshots/home/72012.jpg,data/data-masc/xml/home/72012.xml
72066,Home,home,data/data-masc/screenshots/home/72066.jpg,data/data-masc/xml/home/72066.xml
72137,Home,home,data/data-masc/screenshots/home/72137.jpg,data/data-masc/xml/home/72137.xml
14,List,list,data/data-masc/screenshots/list/14.jpg,data/data-masc/xml/list/14.xml
124,List,list,data/data-masc/screenshots/list/124.jpg,data/data-masc/xml/list/124.xml
228,List,list,data/data-masc/screenshots/list/228.jpg,data/data-masc/xml/list/228.xml
244,List,list,data/data-masc/screenshots/list/244.jpg,data/data-masc/xml/list/244.xml
256,List,list,data/data-masc/screenshots/list/256.jpg,data/data-masc/xml/list/256.xml
295,List,list,data/data-masc/screenshots/list/295.jpg,data/data-masc/xml/list/295.xml
340,List,list,data/data-masc/screenshots/list/340.jpg,data/data-masc/xml/list/340.xml
362,List,list,data/data-masc/screenshots/list/362.jpg,data/data-masc/xml/list/362.xml
366,List,list,data/data-masc/screenshots/list/366.jpg,data/data-masc/xml/list/366.xml
476,List,list,data/data-masc/screenshots/list/476.jpg,data/data-masc/xml/list/476.xml
526,List,list,data/data-masc/screenshots/list/526.jpg,data/data-masc/xml/list/526.xml
545,List,list,data/data-masc/screenshots/list/545.jpg,data/data-masc/xml/list/545.xml
603,List,list,data/data-masc/screenshots/list/603.jpg,data/data-masc/xml/list/603.xml
604,List,list,data/data-masc/screenshots/list/604.jpg,data/data-masc/xml/list/604.xml
606,List,list,data/data-masc/screenshots/list/606.jpg,data/data-masc/xml/list/606.xml
607,List,list,data/data-masc/screenshots/list/607.jpg,data/data-masc/xml/list/607.xml
676,List,list,data/data-masc/screenshots/list/676.jpg,data/data-masc/xml/list/676.xml
692,List,list,data/data-masc/screenshots/list/692.jpg,data/data-masc/xml/list/692.xml
732,List,list,data/data-masc/screenshots/list/732.jpg,data/data-masc/xml/list/732.xml
738,List,list,data/data-masc/screenshots/list/738.jpg,data/data-masc/xml/list/738.xml
741,List,list,data/data-masc/screenshots/list/741.jpg,data/data-masc/xml/list/741.xml
747,List,list,data/data-masc/screenshots/list/747.jpg,data/data-masc/xml/list/747.xml
748,List,list,data/data-masc/screenshots/list/748.jpg,data/data-masc/xml/list/748.xml
811,List,list,data/data-masc/screenshots/list/811.jpg,data/data-masc/xml/list/811.xml
894,List,list,data/data-masc/screenshots/list/894.jpg,data/data-masc/xml/list/894.xml
974,List,list,data/data-masc/screenshots/list/974.jpg,data/data-masc/xml/list/974.xml
999,List,list,data/data-masc/screenshots/list/999.jpg,data/data-masc/xml/list/999.xml
1028,List,list,data/data-masc/screenshots/list/1028.jpg,data/data-masc/xml/list/1028.xml
1079,List,list,data/data-masc/screenshots/list/1079.jpg,data/data-masc/xml/list/1079.xml
1218,List,list,data/data-masc/screenshots/list/1218.jpg,data/data-masc/xml/list/1218.xml
1263,List,list,data/data-masc/screenshots/list/1263.jpg,data/data-masc/xml/list/1263.xml
1270,List,list,data/data-masc/screenshots/list/1270.jpg,data/data-masc/xml/list/1270.xml
1303,List,list,data/data-masc/screenshots/list/1303.jpg,data/data-masc/xml/list/1303.xml
1467,List,list,data/data-masc/screenshots/list/1467.jpg,data/data-masc/xml/list/1467.xml
1672,List,list,data/data-masc/screenshots/list/1672.jpg,data/data-masc/xml/list/1672.xml
1687,List,list,data/data-masc/screenshots/list/1687.jpg,data/data-masc/xml/list/1687.xml
1693,List,list,data/data-masc/screenshots/list/1693.jpg,data/data-masc/xml/list/1693.xml
1777,List,list,data/data-masc/screenshots/list/1777.jpg,data/data-masc/xml/list/1777.xml
1870,List,list,data/data-masc/screenshots/list/1870.jpg,data/data-masc/xml/list/1870.xml
1951,List,list,data/data-masc/screenshots/list/1951.jpg,data/data-masc/xml/list/1951.xml
2072,List,list,data/data-masc/screenshots/list/2072.jpg,data/data-masc/xml/list/2072.xml
2099,List,list,data/data-masc/screenshots/list/2099.jpg,data/data-masc/xml/list/2099.xml
2105,List,list,data/data-masc/screenshots/list/2105.jpg,data/data-masc/xml/list/2105.xml
2186,List,list,data/data-masc/screenshots/list/2186.jpg,data/data-masc/xml/list/2186.xml
2356,List,list,data/data-masc/screenshots/list/2356.jpg,data/data-masc/xml/list/2356.xml
2358,List,list,data/data-masc/screenshots/list/2358.jpg,data/data-masc/xml/list/2358.xml
2532,List,list,data/data-masc/screenshots/list/2532.jpg,data/data-masc/xml/list/2532.xml
2543,List,list,data/data-masc/screenshots/list/2543.jpg,data/data-masc/xml/list/2543.xml
2573,List,list,data/data-masc/screenshots/list/2573.jpg,data/data-masc/xml/list/2573.xml
2682,List,list,data/data-masc/screenshots/list/2682.jpg,data/data-masc/xml/list/2682.xml
2683,List,list,data/data-masc/screenshots/list/2683.jpg,data/data-masc/xml/list/2683.xml
2696,List,list,data/data-masc/screenshots/list/2696.jpg,data/data-masc/xml/list/2696.xml
2700,List,list,data/data-masc/screenshots/list/2700.jpg,data/data-masc/xml/list/2700.xml
2722,List,list,data/data-masc/screenshots/list/2722.jpg,data/data-masc/xml/list/2722.xml
2736,List,list,data/data-masc/screenshots/list/2736.jpg,data/data-masc/xml/list/2736.xml
2778,List,list,data/data-masc/screenshots/list/2778.jpg,data/data-masc/xml/list/2778.xml
2829,List,list,data/data-masc/screenshots/list/2829.jpg,data/data-masc/xml/list/2829.xml
2846,List,list,data/data-masc/screenshots/list/2846.jpg,data/data-masc/xml/list/2846.xml
2852,List,list,data/data-masc/screenshots/list/2852.jpg,data/data-masc/xml/list/2852.xml
2889,List,list,data/data-masc/screenshots/list/2889.jpg,data/data-masc/xml/list/2889.xml
2897,List,list,data/data-masc/screenshots/list/2897.jpg,data/data-masc/xml/list/2897.xml
2913,List,list,data/data-masc/screenshots/list/2913.jpg,data/data-masc/xml/list/2913.xml
2930,List,list,data/data-masc/screenshots/list/2930.jpg,data/data-masc/xml/list/2930.xml
2942,List,list,data/data-masc/screenshots/list/2942.jpg,data/data-masc/xml/list/2942.xml
2967,List,list,data/data-masc/screenshots/list/2967.jpg,data/data-masc/xml/list/2967.xml
2970,List,list,data/data-masc/screenshots/list/2970.jpg,data/data-masc/xml/list/2970.xml
3166,List,list,data/data-masc/screenshots/list/3166.jpg,data/data-masc/xml/list/3166.xml
3294,List,list,data/data-masc/screenshots/list/3294.jpg,data/data-masc/xml/list/3294.xml
3333,List,list,data/data-masc/screenshots/list/3333.jpg,data/data-masc/xml/list/3333.xml
3456,List,list,data/data-masc/screenshots/list/3456.jpg,data/data-masc/xml/list/3456.xml
3458,List,list,data/data-masc/screenshots/list/3458.jpg,data/data-masc/xml/list/3458.xml
3481,List,list,data/data-masc/screenshots/list/3481.jpg,data/data-masc/xml/list/3481.xml
3543,List,list,data/data-masc/screenshots/list/3543.jpg,data/data-masc/xml/list/3543.xml
3588,List,list,data/data-masc/screenshots/list/3588.jpg,data/data-masc/xml/list/3588.xml
3608,List,list,data/data-masc/screenshots/list/3608.jpg,data/data-masc/xml/list/3608.xml
3694,List,list,data/data-masc/screenshots/list/3694.jpg,data/data-masc/xml/list/3694.xml
3750,List,list,data/data-masc/screenshots/list/3750.jpg,data/data-masc/xml/list/3750.xml
3774,List,list,data/data-masc/screenshots/list/3774.jpg,data/data-masc/xml/list/3774.xml
3776,List,list,data/data-masc/screenshots/list/3776.jpg,data/data-masc/xml/list/3776.xml
3810,List,list,data/data-masc/screenshots/list/3810.jpg,data/data-masc/xml/list/3810.xml
3825,List,list,data/data-masc/screenshots/list/3825.jpg,data/data-masc/xml/list/3825.xml
3942,List,list,data/data-masc/screenshots/list/3942.jpg,data/data-masc/xml/list/3942.xml
3956,List,list,data/data-masc/screenshots/list/3956.jpg,data/data-masc/xml/list/3956.xml
4013,List,list,data/data-masc/screenshots/list/4013.jpg,data/data-masc/xml/list/4013.xml
4068,List,list,data/data-masc/screenshots/list/4068.jpg,data/data-masc/xml/list/4068.xml
4194,List,list,data/data-masc/screenshots/list/4194.jpg,data/data-masc/xml/list/4194.xml
4289,List,list,data/data-masc/screenshots/list/4289.jpg,data/data-masc/xml/list/4289.xml
4444,List,list,data/data-masc/screenshots/list/4444.jpg,data/data-masc/xml/list/4444.xml
4457,List,list,data/data-masc/screenshots/list/4457.jpg,data/data-masc/xml/list/4457.xml
4534,List,list,data/data-masc/screenshots/list/4534.jpg,data/data-masc/xml/list/4534.xml
4616,List,list,data/data-masc/screenshots/list/4616.jpg,data/data-masc/xml/list/4616.xml
4727,List,list,data/data-masc/screenshots/list/4727.jpg,data/data-masc/xml/list/4727.xml
4729,List,list,data/data-masc/screenshots/list/4729.jpg,data/data-masc/xml/list/4729.xml
4772,List,list,data/data-masc/screenshots/list/4772.jpg,data/data-masc/xml/list/4772.xml
4973,List,list,data/data-masc/screenshots/list/4973.jpg,data/data-masc/xml/list/4973.xml
5111,List,list,data/data-masc/screenshots/list/5111.jpg,data/data-masc/xml/list/5111.xml
5148,List,list,data/data-masc/screenshots/list/5148.jpg,data/data-masc/xml/list/5148.xml
5171,List,list,data/data-masc/screenshots/list/5171.jpg,data/data-masc/xml/list/5171.xml
5268,List,list,data/data-masc/screenshots/list/5268.jpg,data/data-masc/xml/list/5268.xml
5419,List,list,data/data-masc/screenshots/list/5419.jpg,data/data-masc/xml/list/5419.xml
5430,List,list,data/data-masc/screenshots/list/5430.jpg,data/data-masc/xml/list/5430.xml
5439,List,list,data/data-masc/screenshots/list/5439.jpg,data/data-masc/xml/list/5439.xml
5484,List,list,data/data-masc/screenshots/list/5484.jpg,data/data-masc/xml/list/5484.xml
5486,List,list,data/data-masc/screenshots/list/5486.jpg,data/data-masc/xml/list/5486.xml
5631,List,list,data/data-masc/screenshots/list/5631.jpg,data/data-masc/xml/list/5631.xml
5641,List,list,data/data-masc/screenshots/list/5641.jpg,data/data-masc/xml/list/5641.xml
5684,List,list,data/data-masc/screenshots/list/5684.jpg,data/data-masc/xml/list/5684.xml
5949,List,list,data/data-masc/screenshots/list/5949.jpg,data/data-masc/xml/list/5949.xml
6027,List,list,data/data-masc/screenshots/list/6027.jpg,data/data-masc/xml/list/6027.xml
6045,List,list,data/data-masc/screenshots/list/6045.jpg,data/data-masc/xml/list/6045.xml
6052,List,list,data/data-masc/screenshots/list/6052.jpg,data/data-masc/xml/list/6052.xml
6054,List,list,data/data-masc/screenshots/list/6054.jpg,data/data-masc/xml/list/6054.xml
6110,List,list,data/data-masc/screenshots/list/6110.jpg,data/data-masc/xml/list/6110.xml
6120,List,list,data/data-masc/screenshots/list/6120.jpg,data/data-masc/xml/list/6120.xml
6266,List,list,data/data-masc/screenshots/list/6266.jpg,data/data-masc/xml/list/6266.xml
6285,List,list,data/data-masc/screenshots/list/6285.jpg,data/data-masc/xml/list/6285.xml
6391,List,list,data/data-masc/screenshots/list/6391.jpg,data/data-masc/xml/list/6391.xml
6602,List,list,data/data-masc/screenshots/list/6602.jpg,data/data-masc/xml/list/6602.xml
6609,List,list,data/data-masc/screenshots/list/6609.jpg,data/data-masc/xml/list/6609.xml
6645,List,list,data/data-masc/screenshots/list/6645.jpg,data/data-masc/xml/list/6645.xml
6733,List,list,data/data-masc/screenshots/list/6733.jpg,data/data-masc/xml/list/6733.xml
6734,List,list,data/data-masc/screenshots/list/6734.jpg,data/data-masc/xml/list/6734.xml
6865,List,list,data/data-masc/screenshots/list/6865.jpg,data/data-masc/xml/list/6865.xml
6920,List,list,data/data-masc/screenshots/list/6920.jpg,data/data-masc/xml/list/6920.xml
6962,List,list,data/data-masc/screenshots/list/6962.jpg,data/data-masc/xml/list/6962.xml
7135,List,list,data/data-masc/screenshots/list/7135.jpg,data/data-masc/xml/list/7135.xml
7177,List,list,data/data-masc/screenshots/list/7177.jpg,data/data-masc/xml/list/7177.xml
7226,List,list,data/data-masc/screenshots/list/7226.jpg,data/data-masc/xml/list/7226.xml
7368,List,list,data/data-masc/screenshots/list/7368.jpg,data/data-masc/xml/list/7368.xml
7417,List,list,data/data-masc/screenshots/list/7417.jpg,data/data-masc/xml/list/7417.xml
7442,List,list,data/data-masc/screenshots/list/7442.jpg,data/data-masc/xml/list/7442.xml
7445,List,list,data/data-masc/screenshots/list/7445.jpg,data/data-masc/xml/list/7445.xml
7544,List,list,data/data-masc/screenshots/list/7544.jpg,data/data-masc/xml/list/7544.xml
7549,List,list,data/data-masc/screenshots/list/7549.jpg,data/data-masc/xml/list/7549.xml
7593,List,list,data/data-masc/screenshots/list/7593.jpg,data/data-masc/xml/list/7593.xml
7700,List,list,data/data-masc/screenshots/list/7700.jpg,data/data-masc/xml/list/7700.xml
7701,List,list,data/data-masc/screenshots/list/7701.jpg,data/data-masc/xml/list/7701.xml
7717,List,list,data/data-masc/screenshots/list/7717.jpg,data/data-masc/xml/list/7717.xml
7726,List,list,data/data-masc/screenshots/list/7726.jpg,data/data-masc/xml/list/7726.xml
7798,List,list,data/data-masc/screenshots/list/7798.jpg,data/data-masc/xml/list/7798.xml
7875,List,list,data/data-masc/screenshots/list/7875.jpg,data/data-masc/xml/list/7875.xml
7888,List,list,data/data-masc/screenshots/list/7888.jpg,data/data-masc/xml/list/7888.xml
7892,List,list,data/data-masc/screenshots/list/7892.jpg,data/data-masc/xml/list/7892.xml
7896,List,list,data/data-masc/screenshots/list/7896.jpg,data/data-masc/xml/list/7896.xml
7898,List,list,data/data-masc/screenshots/list/7898.jpg,data/data-masc/xml/list/7898.xml
7911,List,list,data/data-masc/screenshots/list/7911.jpg,data/data-masc/xml/list/7911.xml
7953,List,list,data/data-masc/screenshots/list/7953.jpg,data/data-masc/xml/list/7953.xml
7963,List,list,data/data-masc/screenshots/list/7963.jpg,data/data-masc/xml/list/7963.xml
7994,List,list,data/data-masc/screenshots/list/7994.jpg,data/data-masc/xml/list/7994.xml
8010,List,list,data/data-masc/screenshots/list/8010.jpg,data/data-masc/xml/list/8010.xml
8053,List,list,data/data-masc/screenshots/list/8053.jpg,data/data-masc/xml/list/8053.xml
8090,List,list,data/data-masc/screenshots/list/8090.jpg,data/data-masc/xml/list/8090.xml
8094,List,list,data/data-masc/screenshots/list/8094.jpg,data/data-masc/xml/list/8094.xml
8097,List,list,data/data-masc/screenshots/list/8097.jpg,data/data-masc/xml/list/8097.xml
8164,List,list,data/data-masc/screenshots/list/8164.jpg,data/data-masc/xml/list/8164.xml
8209,List,list,data/data-masc/screenshots/list/8209.jpg,data/data-masc/xml/list/8209.xml
8379,List,list,data/data-masc/screenshots/list/8379.jpg,data/data-masc/xml/list/8379.xml
8445,List,list,data/data-masc/screenshots/list/8445.jpg,data/data-masc/xml/list/8445.xml
8659,List,list,data/data-masc/screenshots/list/8659.jpg,data/data-masc/xml/list/8659.xml
8662,List,list,data/data-masc/screenshots/list/8662.jpg,data/data-masc/xml/list/8662.xml
8674,List,list,data/data-masc/screenshots/list/8674.jpg,data/data-masc/xml/list/8674.xml
8717,List,list,data/data-masc/screenshots/list/8717.jpg,data/data-masc/xml/list/8717.xml
8719,List,list,data/data-masc/screenshots/list/8719.jpg,data/data-masc/xml/list/8719.xml
8826,List,list,data/data-masc/screenshots/list/8826.jpg,data/data-masc/xml/list/8826.xml
9061,List,list,data/data-masc/screenshots/list/9061.jpg,data/data-masc/xml/list/9061.xml
9077,List,list,data/data-masc/screenshots/list/9077.jpg,data/data-masc/xml/list/9077.xml
9140,List,list,data/data-masc/screenshots/list/9140.jpg,data/data-masc/xml/list/9140.xml
9152,List,list,data/data-masc/screenshots/list/9152.jpg,data/data-masc/xml/list/9152.xml
9329,List,list,data/data-masc/screenshots/list/9329.jpg,data/data-masc/xml/list/9329.xml
9443,List,list,data/data-masc/screenshots/list/9443.jpg,data/data-masc/xml/list/9443.xml
9530,List,list,data/data-masc/screenshots/list/9530.jpg,data/data-masc/xml/list/9530.xml
9569,List,list,data/data-masc/screenshots/list/9569.jpg,data/data-masc/xml/list/9569.xml
9575,List,list,data/data-masc/screenshots/list/9575.jpg,data/data-masc/xml/list/9575.xml
9679,List,list,data/data-masc/screenshots/list/9679.jpg,data/data-masc/xml/list/9679.xml
9697,List,list,data/data-masc/screenshots/list/9697.jpg,data/data-masc/xml/list/9697.xml
9700,List,list,data/data-masc/screenshots/list/9700.jpg,data/data-masc/xml/list/9700.xml
9702,List,list,data/data-masc/screenshots/list/9702.jpg,data/data-masc/xml/list/9702.xml
9727,List,list,data/data-masc/screenshots/list/9727.jpg,data/data-masc/xml/list/9727.xml
9741,List,list,data/data-masc/screenshots/list/9741.jpg,data/data-masc/xml/list/9741.xml
9750,List,list,data/data-masc/screenshots/list/9750.jpg,data/data-masc/xml/list/9750.xml
10128,List,list,data/data-masc/screenshots/list/10128.jpg,data/data-masc/xml/list/10128.xml
10196,List,list,data/data-masc/screenshots/list/10196.jpg,data/data-masc/xml/list/10196.xml
10237,List,list,data/data-masc/screenshots/list/10237.jpg,data/data-masc/xml/list/10237.xml
10238,List,list,data/data-masc/screenshots/list/10238.jpg,data/data-masc/xml/list/10238.xml
10288,List,list,data/data-masc/screenshots/list/10288.jpg,data/data-masc/xml/list/10288.xml
10367,List,list,data/data-masc/screenshots/list/10367.jpg,data/data-masc/xml/list/10367.xml
10379,List,list,data/data-masc/screenshots/list/10379.jpg,data/data-masc/xml/list/10379.xml
10545,List,list,data/data-masc/screenshots/list/10545.jpg,data/data-masc/xml/list/10545.xml
10564,List,list,data/data-masc/screenshots/list/10564.jpg,data/data-masc/xml/list/10564.xml
10592,List,list,data/data-masc/screenshots/list/10592.jpg,data/data-masc/xml/list/10592.xml
10960,List,list,data/data-masc/screenshots/list/10960.jpg,data/data-masc/xml/list/10960.xml
11003,List,list,data/data-masc/screenshots/list/11003.jpg,data/data-masc/xml/list/11003.xml
11281,List,list,data/data-masc/screenshots/list/11281.jpg,data/data-masc/xml/list/11281.xml
11387,List,list,data/data-masc/screenshots/list/11387.jpg,data/data-masc/xml/list/11387.xml
11393,List,list,data/data-masc/screenshots/list/11393.jpg,data/data-masc/xml/list/11393.xml
11519,List,list,data/data-masc/screenshots/list/11519.jpg,data/data-masc/xml/list/11519.xml
11521,List,list,data/data-masc/screenshots/list/11521.jpg,data/data-masc/xml/list/11521.xml
11588,List,list,data/data-masc/screenshots/list/11588.jpg,data/data-masc/xml/list/11588.xml
11637,List,list,data/data-masc/screenshots/list/11637.jpg,data/data-masc/xml/list/11637.xml
11674,List,list,data/data-masc/screenshots/list/11674.jpg,data/data-masc/xml/list/11674.xml
11742,List,list,data/data-masc/screenshots/list/11742.jpg,data/data-masc/xml/list/11742.xml
11751,List,list,data/data-masc/screenshots/list/11751.jpg,data/data-masc/xml/list/11751.xml
11830,List,list,data/data-masc/screenshots/list/11830.jpg,data/data-masc/xml/list/11830.xml
11851,List,list,data/data-masc/screenshots/list/11851.jpg,data/data-masc/xml/list/11851.xml
11870,List,list,data/data-masc/screenshots/list/11870.jpg,data/data-masc/xml/list/11870.xml
11975,List,list,data/data-masc/screenshots/list/11975.jpg,data/data-masc/xml/list/11975.xml
11977,List,list,data/data-masc/screenshots/list/11977.jpg,data/data-masc/xml/list/11977.xml
12237,List,list,data/data-masc/screenshots/list/12237.jpg,data/data-masc/xml/list/12237.xml
12238,List,list,data/data-masc/screenshots/list/12238.jpg,data/data-masc/xml/list/12238.xml
12284,List,list,data/data-masc/screenshots/list/12284.jpg,data/data-masc/xml/list/12284.xml
12302,List,list,data/data-masc/screenshots/list/12302.jpg,data/data-masc/xml/list/12302.xml
12393,List,list,data/data-masc/screenshots/list/12393.jpg,data/data-masc/xml/list/12393.xml
12409,List,list,data/data-masc/screenshots/list/12409.jpg,data/data-masc/xml/list/12409.xml
12449,List,list,data/data-masc/screenshots/list/12449.jpg,data/data-masc/xml/list/12449.xml
12456,List,list,data/data-masc/screenshots/list/12456.jpg,data/data-masc/xml/list/12456.xml
12602,List,list,data/data-masc/screenshots/list/12602.jpg,data/data-masc/xml/list/12602.xml
12641,List,list,data/data-masc/screenshots/list/12641.jpg,data/data-masc/xml/list/12641.xml
12778,List,list,data/data-masc/screenshots/list/12778.jpg,data/data-masc/xml/list/12778.xml
12796,List,list,data/data-masc/screenshots/list/12796.jpg,data/data-masc/xml/list/12796.xml
12797,List,list,data/data-masc/screenshots/list/12797.jpg,data/data-masc/xml/list/12797.xml
12802,List,list,data/data-masc/screenshots/list/12802.jpg,data/data-masc/xml/list/12802.xml
12842,List,list,data/data-masc/screenshots/list/12842.jpg,data/data-masc/xml/list/12842.xml
12898,List,list,data/data-masc/screenshots/list/12898.jpg,data/data-masc/xml/list/12898.xml
12928,List,list,data/data-masc/screenshots/list/12928.jpg,data/data-masc/xml/list/12928.xml
12977,List,list,data/data-masc/screenshots/list/12977.jpg,data/data-masc/xml/list/12977.xml
13063,List,list,data/data-masc/screenshots/list/13063.jpg,data/data-masc/xml/list/13063.xml
13218,List,list,data/data-masc/screenshots/list/13218.jpg,data/data-masc/xml/list/13218.xml
13328,List,list,data/data-masc/screenshots/list/13328.jpg,data/data-masc/xml/list/13328.xml
13349,List,list,data/data-masc/screenshots/list/13349.jpg,data/data-masc/xml/list/13349.xml
13364,List,list,data/data-masc/screenshots/list/13364.jpg,data/data-masc/xml/list/13364.xml
13366,List,list,data/data-masc/screenshots/list/13366.jpg,data/data-masc/xml/list/13366.xml
13367,List,list,data/data-masc/screenshots/list/13367.jpg,data/data-masc/xml/list/13367.xml
13370,List,list,data/data-masc/screenshots/list/13370.jpg,data/data-masc/xml/list/13370.xml
13407,List,list,data/data-masc/screenshots/list/13407.jpg,data/data-masc/xml/list/13407.xml
13410,List,list,data/data-masc/screenshots/list/13410.jpg,data/data-masc/xml/list/13410.xml
13569,List,list,data/data-masc/screenshots/list/13569.jpg,data/data-masc/xml/list/13569.xml
13575,List,list,data/data-masc/screenshots/list/13575.jpg,data/data-masc/xml/list/13575.xml
13578,List,list,data/data-masc/screenshots/list/13578.jpg,data/data-masc/xml/list/13578.xml
13727,List,list,data/data-masc/screenshots/list/13727.jpg,data/data-masc/xml/list/13727.xml
13747,List,list,data/data-masc/screenshots/list/13747.jpg,data/data-masc/xml/list/13747.xml
13752,List,list,data/data-masc/screenshots/list/13752.jpg,data/data-masc/xml/list/13752.xml
13765,List,list,data/data-masc/screenshots/list/13765.jpg,data/data-masc/xml/list/13765.xml
13833,List,list,data/data-masc/screenshots/list/13833.jpg,data/data-masc/xml/list/13833.xml
13849,List,list,data/data-masc/screenshots/list/13849.jpg,data/data-masc/xml/list/13849.xml
13926,List,list,data/data-masc/screenshots/list/13926.jpg,data/data-masc/xml/list/13926.xml
13951,List,list,data/data-masc/screenshots/list/13951.jpg,data/data-masc/xml/list/13951.xml
13985,List,list,data/data-masc/screenshots/list/13985.jpg,data/data-masc/xml/list/13985.xml
14040,List,list,data/data-masc/screenshots/list/14040.jpg,data/data-masc/xml/list/14040.xml
14148,List,list,data/data-masc/screenshots/list/14148.jpg,data/data-masc/xml/list/14148.xml
14189,List,list,data/data-masc/screenshots/list/14189.jpg,data/data-masc/xml/list/14189.xml
14444,List,list,data/data-masc/screenshots/list/14444.jpg,data/data-masc/xml/list/14444.xml
14458,List,list,data/data-masc/screenshots/list/14458.jpg,data/data-masc/xml/list/14458.xml
14543,List,list,data/data-masc/screenshots/list/14543.jpg,data/data-masc/xml/list/14543.xml
14719,List,list,data/data-masc/screenshots/list/14719.jpg,data/data-masc/xml/list/14719.xml
14788,List,list,data/data-masc/screenshots/list/14788.jpg,data/data-masc/xml/list/14788.xml
14803,List,list,data/data-masc/screenshots/list/14803.jpg,data/data-masc/xml/list/14803.xml
14828,List,list,data/data-masc/screenshots/list/14828.jpg,data/data-masc/xml/list/14828.xml
15001,List,list,data/data-masc/screenshots/list/15001.jpg,data/data-masc/xml/list/15001.xml
15433,List,list,data/data-masc/screenshots/list/15433.jpg,data/data-masc/xml/list/15433.xml
15517,List,list,data/data-masc/screenshots/list/15517.jpg,data/data-masc/xml/list/15517.xml
15659,List,list,data/data-masc/screenshots/list/15659.jpg,data/data-masc/xml/list/15659.xml
16008,List,list,data/data-masc/screenshots/list/16008.jpg,data/data-masc/xml/list/16008.xml
16009,List,list,data/data-masc/screenshots/list/16009.jpg,data/data-masc/xml/list/16009.xml
16024,List,list,data/data-masc/screenshots/list/16024.jpg,data/data-masc/xml/list/16024.xml
16348,List,list,data/data-masc/screenshots/list/16348.jpg,data/data-masc/xml/list/16348.xml
16441,List,list,data/data-masc/screenshots/list/16441.jpg,data/data-masc/xml/list/16441.xml
16534,List,list,data/data-masc/screenshots/list/16534.jpg,data/data-masc/xml/list/16534.xml
16881,List,list,data/data-masc/screenshots/list/16881.jpg,data/data-masc/xml/list/16881.xml
16914,List,list,data/data-masc/screenshots/list/16914.jpg,data/data-masc/xml/list/16914.xml
16964,List,list,data/data-masc/screenshots/list/16964.jpg,data/data-masc/xml/list/16964.xml
17077,List,list,data/data-masc/screenshots/list/17077.jpg,data/data-masc/xml/list/17077.xml
17119,List,list,data/data-masc/screenshots/list/17119.jpg,data/data-masc/xml/list/17119.xml
17155,List,list,data/data-masc/screenshots/list/17155.jpg,data/data-masc/xml/list/17155.xml
17254,List,list,data/data-masc/screenshots/list/17254.jpg,data/data-masc/xml/list/17254.xml
17291,List,list,data/data-masc/screenshots/list/17291.jpg,data/data-masc/xml/list/17291.xml
17311,List,list,data/data-masc/screenshots/list/17311.jpg,data/data-masc/xml/list/17311.xml
17314,List,list,data/data-masc/screenshots/list/17314.jpg,data/data-masc/xml/list/17314.xml
17355,List,list,data/data-masc/screenshots/list/17355.jpg,data/data-masc/xml/list/17355.xml
17400,List,list,data/data-masc/screenshots/list/17400.jpg,data/data-masc/xml/list/17400.xml
17814,List,list,data/data-masc/screenshots/list/17814.jpg,data/data-masc/xml/list/17814.xml
17963,List,list,data/data-masc/screenshots/list/17963.jpg,data/data-masc/xml/list/17963.xml
18358,List,list,data/data-masc/screenshots/list/18358.jpg,data/data-masc/xml/list/18358.xml
18377,List,list,data/data-masc/screenshots/list/18377.jpg,data/data-masc/xml/list/18377.xml
18386,List,list,data/data-masc/screenshots/list/18386.jpg,data/data-masc/xml/list/18386.xml
18449,List,list,data/data-masc/screenshots/list/18449.jpg,data/data-masc/xml/list/18449.xml
18512,List,list,data/data-masc/screenshots/list/18512.jpg,data/data-masc/xml/list/18512.xml
18537,List,list,data/data-masc/screenshots/list/18537.jpg,data/data-masc/xml/list/18537.xml
18570,List,list,data/data-masc/screenshots/list/18570.jpg,data/data-masc/xml/list/18570.xml
18593,List,list,data/data-masc/screenshots/list/18593.jpg,data/data-masc/xml/list/18593.xml
18603,List,list,data/data-masc/screenshots/list/18603.jpg,data/data-masc/xml/list/18603.xml
18640,List,list,data/data-masc/screenshots/list/18640.jpg,data/data-masc/xml/list/18640.xml
18650,List,list,data/data-masc/screenshots/list/18650.jpg,data/data-masc/xml/list/18650.xml
18651,List,list,data/data-masc/screenshots/list/18651.jpg,data/data-masc/xml/list/18651.xml
18652,List,list,data/data-masc/screenshots/list/18652.jpg,data/data-masc/xml/list/18652.xml
18664,List,list,data/data-masc/screenshots/list/18664.jpg,data/data-masc/xml/list/18664.xml
18676,List,list,data/data-masc/screenshots/list/18676.jpg,data/data-masc/xml/list/18676.xml
18698,List,list,data/data-masc/screenshots/list/18698.jpg,data/data-masc/xml/list/18698.xml
18792,List,list,data/data-masc/screenshots/list/18792.jpg,data/data-masc/xml/list/18792.xml
18839,List,list,data/data-masc/screenshots/list/18839.jpg,data/data-masc/xml/list/18839.xml
18876,List,list,data/data-masc/screenshots/list/18876.jpg,data/data-masc/xml/list/18876.xml
18880,List,list,data/data-masc/screenshots/list/18880.jpg,data/data-masc/xml/list/18880.xml
18939,List,list,data/data-masc/screenshots/list/18939.jpg,data/data-masc/xml/list/18939.xml
18941,List,list,data/data-masc/screenshots/list/18941.jpg,data/data-masc/xml/list/18941.xml
18945,List,list,data/data-masc/screenshots/list/18945.jpg,data/data-masc/xml/list/18945.xml
19032,List,list,data/data-masc/screenshots/list/19032.jpg,data/data-masc/xml/list/19032.xml
19154,List,list,data/data-masc/screenshots/list/19154.jpg,data/data-masc/xml/list/19154.xml
19208,List,list,data/data-masc/screenshots/list/19208.jpg,data/data-masc/xml/list/19208.xml
19215,List,list,data/data-masc/screenshots/list/19215.jpg,data/data-masc/xml/list/19215.xml
19348,List,list,data/data-masc/screenshots/list/19348.jpg,data/data-masc/xml/list/19348.xml
19501,List,list,data/data-masc/screenshots/list/19501.jpg,data/data-masc/xml/list/19501.xml
19561,List,list,data/data-masc/screenshots/list/19561.jpg,data/data-masc/xml/list/19561.xml
19576,List,list,data/data-masc/screenshots/list/19576.jpg,data/data-masc/xml/list/19576.xml
19605,List,list,data/data-masc/screenshots/list/19605.jpg,data/data-masc/xml/list/19605.xml
19706,List,list,data/data-masc/screenshots/list/19706.jpg,data/data-masc/xml/list/19706.xml
19839,List,list,data/data-masc/screenshots/list/19839.jpg,data/data-masc/xml/list/19839.xml
19879,List,list,data/data-masc/screenshots/list/19879.jpg,data/data-masc/xml/list/19879.xml
19957,List,list,data/data-masc/screenshots/list/19957.jpg,data/data-masc/xml/list/19957.xml
19958,List,list,data/data-masc/screenshots/list/19958.jpg,data/data-masc/xml/list/19958.xml
19964,List,list,data/data-masc/screenshots/list/19964.jpg,data/data-masc/xml/list/19964.xml
19984,List,list,data/data-masc/screenshots/list/19984.jpg,data/data-masc/xml/list/19984.xml
20008,List,list,data/data-masc/screenshots/list/20008.jpg,data/data-masc/xml/list/20008.xml
20162,List,list,data/data-masc/screenshots/list/20162.jpg,data/data-masc/xml/list/20162.xml
20171,List,list,data/data-masc/screenshots/list/20171.jpg,data/data-masc/xml/list/20171.xml
20375,List,list,data/data-masc/screenshots/list/20375.jpg,data/data-masc/xml/list/20375.xml
20380,List,list,data/data-masc/screenshots/list/20380.jpg,data/data-masc/xml/list/20380.xml
20384,List,list,data/data-masc/screenshots/list/20384.jpg,data/data-masc/xml/list/20384.xml
20386,List,list,data/data-masc/screenshots/list/20386.jpg,data/data-masc/xml/list/20386.xml
20420,List,list,data/data-masc/screenshots/list/20420.jpg,data/data-masc/xml/list/20420.xml
20439,List,list,data/data-masc/screenshots/list/20439.jpg,data/data-masc/xml/list/20439.xml
20493,List,list,data/data-masc/screenshots/list/20493.jpg,data/data-masc/xml/list/20493.xml
20501,List,list,data/data-masc/screenshots/list/20501.jpg,data/data-masc/xml/list/20501.xml
20636,List,list,data/data-masc/screenshots/list/20636.jpg,data/data-masc/xml/list/20636.xml
20639,List,list,data/data-masc/screenshots/list/20639.jpg,data/data-masc/xml/list/20639.xml
20652,List,list,data/data-masc/screenshots/list/20652.jpg,data/data-masc/xml/list/20652.xml
21056,List,list,data/data-masc/screenshots/list/21056.jpg,data/data-masc/xml/list/21056.xml
21070,List,list,data/data-masc/screenshots/list/21070.jpg,data/data-masc/xml/list/21070.xml
21088,List,list,data/data-masc/screenshots/list/21088.jpg,data/data-masc/xml/list/21088.xml
21096,List,list,data/data-masc/screenshots/list/21096.jpg,data/data-masc/xml/list/21096.xml
21186,List,list,data/data-masc/screenshots/list/21186.jpg,data/data-masc/xml/list/21186.xml
21222,List,list,data/data-masc/screenshots/list/21222.jpg,data/data-masc/xml/list/21222.xml
21238,List,list,data/data-masc/screenshots/list/21238.jpg,data/data-masc/xml/list/21238.xml
21269,List,list,data/data-masc/screenshots/list/21269.jpg,data/data-masc/xml/list/21269.xml
21343,List,list,data/data-masc/screenshots/list/21343.jpg,data/data-masc/xml/list/21343.xml
21346,List,list,data/data-masc/screenshots/list/21346.jpg,data/data-masc/xml/list/21346.xml
21400,List,list,data/data-masc/screenshots/list/21400.jpg,data/data-masc/xml/list/21400.xml
21428,List,list,data/data-masc/screenshots/list/21428.jpg,data/data-masc/xml/list/21428.xml
21665,List,list,data/data-masc/screenshots/list/21665.jpg,data/data-masc/xml/list/21665.xml
21811,List,list,data/data-masc/screenshots/list/21811.jpg,data/data-masc/xml/list/21811.xml
21833,List,list,data/data-masc/screenshots/list/21833.jpg,data/data-masc/xml/list/21833.xml
21874,List,list,data/data-masc/screenshots/list/21874.jpg,data/data-masc/xml/list/21874.xml
21923,List,list,data/data-masc/screenshots/list/21923.jpg,data/data-masc/xml/list/21923.xml
21945,List,list,data/data-masc/screenshots/list/21945.jpg,data/data-masc/xml/list/21945.xml
22137,List,list,data/data-masc/screenshots/list/22137.jpg,data/data-masc/xml/list/22137.xml
22291,List,list,data/data-masc/screenshots/list/22291.jpg,data/data-masc/xml/list/22291.xml
22338,List,list,data/data-masc/screenshots/list/22338.jpg,data/data-masc/xml/list/22338.xml
22481,List,list,data/data-masc/screenshots/list/22481.jpg,data/data-masc/xml/list/22481.xml
22556,List,list,data/data-masc/screenshots/list/22556.jpg,data/data-masc/xml/list/22556.xml
22558,List,list,data/data-masc/screenshots/list/22558.jpg,data/data-masc/xml/list/22558.xml
22577,List,list,data/data-masc/screenshots/list/22577.jpg,data/data-masc/xml/list/22577.xml
22691,List,list,data/data-masc/screenshots/list/22691.jpg,data/data-masc/xml/list/22691.xml
22726,List,list,data/data-masc/screenshots/list/22726.jpg,data/data-masc/xml/list/22726.xml
22872,List,list,data/data-masc/screenshots/list/22872.jpg,data/data-masc/xml/list/22872.xml
22873,List,list,data/data-masc/screenshots/list/22873.jpg,data/data-masc/xml/list/22873.xml
22874,List,list,data/data-masc/screenshots/list/22874.jpg,data/data-masc/xml/list/22874.xml
22881,List,list,data/data-masc/screenshots/list/22881.jpg,data/data-masc/xml/list/22881.xml
22914,List,list,data/data-masc/screenshots/list/22914.jpg,data/data-masc/xml/list/22914.xml
22943,List,list,data/data-masc/screenshots/list/22943.jpg,data/data-masc/xml/list/22943.xml
22980,List,list,data/data-masc/screenshots/list/22980.jpg,data/data-masc/xml/list/22980.xml
23081,List,list,data/data-masc/screenshots/list/23081.jpg,data/data-masc/xml/list/23081.xml
23167,List,list,data/data-masc/screenshots/list/23167.jpg,data/data-masc/xml/list/23167.xml
23179,List,list,data/data-masc/screenshots/list/23179.jpg,data/data-masc/xml/list/23179.xml
23328,List,list,data/data-masc/screenshots/list/23328.jpg,data/data-masc/xml/list/23328.xml
23368,List,list,data/data-masc/screenshots/list/23368.jpg,data/data-masc/xml/list/23368.xml
23446,List,list,data/data-masc/screenshots/list/23446.jpg,data/data-masc/xml/list/23446.xml
23480,List,list,data/data-masc/screenshots/list/23480.jpg,data/data-masc/xml/list/23480.xml
23499,List,list,data/data-masc/screenshots/list/23499.jpg,data/data-masc/xml/list/23499.xml
23502,List,list,data/data-masc/screenshots/list/23502.jpg,data/data-masc/xml/list/23502.xml
23545,List,list,data/data-masc/screenshots/list/23545.jpg,data/data-masc/xml/list/23545.xml
23566,List,list,data/data-masc/screenshots/list/23566.jpg,data/data-masc/xml/list/23566.xml
23785,List,list,data/data-masc/screenshots/list/23785.jpg,data/data-masc/xml/list/23785.xml
23798,List,list,data/data-masc/screenshots/list/23798.jpg,data/data-masc/xml/list/23798.xml
23853,List,list,data/data-masc/screenshots/list/23853.jpg,data/data-masc/xml/list/23853.xml
23941,List,list,data/data-masc/screenshots/list/23941.jpg,data/data-masc/xml/list/23941.xml
23981,List,list,data/data-masc/screenshots/list/23981.jpg,data/data-masc/xml/list/23981.xml
23983,List,list,data/data-masc/screenshots/list/23983.jpg,data/data-masc/xml/list/23983.xml
23988,List,list,data/data-masc/screenshots/list/23988.jpg,data/data-masc/xml/list/23988.xml
24001,List,list,data/data-masc/screenshots/list/24001.jpg,data/data-masc/xml/list/24001.xml
24012,List,list,data/data-masc/screenshots/list/24012.jpg,data/data-masc/xml/list/24012.xml
24020,List,list,data/data-masc/screenshots/list/24020.jpg,data/data-masc/xml/list/24020.xml
24142,List,list,data/data-masc/screenshots/list/24142.jpg,data/data-masc/xml/list/24142.xml
24143,List,list,data/data-masc/screenshots/list/24143.jpg,data/data-masc/xml/list/24143.xml
24290,List,list,data/data-masc/screenshots/list/24290.jpg,data/data-masc/xml/list/24290.xml
24300,List,list,data/data-masc/screenshots/list/24300.jpg,data/data-masc/xml/list/24300.xml
24331,List,list,data/data-masc/screenshots/list/24331.jpg,data/data-masc/xml/list/24331.xml
24455,List,list,data/data-masc/screenshots/list/24455.jpg,data/data-masc/xml/list/24455.xml
24495,List,list,data/data-masc/screenshots/list/24495.jpg,data/data-masc/xml/list/24495.xml
24757,List,list,data/data-masc/screenshots/list/24757.jpg,data/data-masc/xml/list/24757.xml
24759,List,list,data/data-masc/screenshots/list/24759.jpg,data/data-masc/xml/list/24759.xml
24804,List,list,data/data-masc/screenshots/list/24804.jpg,data/data-masc/xml/list/24804.xml
24905,List,list,data/data-masc/screenshots/list/24905.jpg,data/data-masc/xml/list/24905.xml
24921,List,list,data/data-masc/screenshots/list/24921.jpg,data/data-masc/xml/list/24921.xml
25010,List,list,data/data-masc/screenshots/list/25010.jpg,data/data-masc/xml/list/25010.xml
25052,List,list,data/data-masc/screenshots/list/25052.jpg,data/data-masc/xml/list/25052.xml
25069,List,list,data/data-masc/screenshots/list/25069.jpg,data/data-masc/xml/list/25069.xml
25137,List,list,data/data-masc/screenshots/list/25137.jpg,data/data-masc/xml/list/25137.xml
25182,List,list,data/data-masc/screenshots/list/25182.jpg,data/data-masc/xml/list/25182.xml
25207,List,list,data/data-masc/screenshots/list/25207.jpg,data/data-masc/xml/list/25207.xml
25212,List,list,data/data-masc/screenshots/list/25212.jpg,data/data-masc/xml/list/25212.xml
25224,List,list,data/data-masc/screenshots/list/25224.jpg,data/data-masc/xml/list/25224.xml
25311,List,list,data/data-masc/screenshots/list/25311.jpg,data/data-masc/xml/list/25311.xml
25320,List,list,data/data-masc/screenshots/list/25320.jpg,data/data-masc/xml/list/25320.xml
25321,List,list,data/data-masc/screenshots/list/25321.jpg,data/data-masc/xml/list/25321.xml
25322,List,list,data/data-masc/screenshots/list/25322.jpg,data/data-masc/xml/list/25322.xml
25385,List,list,data/data-masc/screenshots/list/25385.jpg,data/data-masc/xml/list/25385.xml
25536,List,list,data/data-masc/screenshots/list/25536.jpg,data/data-masc/xml/list/25536.xml
25663,List,list,data/data-masc/screenshots/list/25663.jpg,data/data-masc/xml/list/25663.xml
25823,List,list,data/data-masc/screenshots/list/25823.jpg,data/data-masc/xml/list/25823.xml
25824,List,list,data/data-masc/screenshots/list/25824.jpg,data/data-masc/xml/list/25824.xml
25835,List,list,data/data-masc/screenshots/list/25835.jpg,data/data-masc/xml/list/25835.xml
25837,List,list,data/data-masc/screenshots/list/25837.jpg,data/data-masc/xml/list/25837.xml
25869,List,list,data/data-masc/screenshots/list/25869.jpg,data/data-masc/xml/list/25869.xml
25924,List,list,data/data-masc/screenshots/list/25924.jpg,data/data-masc/xml/list/25924.xml
25926,List,list,data/data-masc/screenshots/list/25926.jpg,data/data-masc/xml/list/25926.xml
25931,List,list,data/data-masc/screenshots/list/25931.jpg,data/data-masc/xml/list/25931.xml
26121,List,list,data/data-masc/screenshots/list/26121.jpg,data/data-masc/xml/list/26121.xml
26180,List,list,data/data-masc/screenshots/list/26180.jpg,data/data-masc/xml/list/26180.xml
26463,List,list,data/data-masc/screenshots/list/26463.jpg,data/data-masc/xml/list/26463.xml
26780,List,list,data/data-masc/screenshots/list/26780.jpg,data/data-masc/xml/list/26780.xml
26788,List,list,data/data-masc/screenshots/list/26788.jpg,data/data-masc/xml/list/26788.xml
26933,List,list,data/data-masc/screenshots/list/26933.jpg,data/data-masc/xml/list/26933.xml
26939,List,list,data/data-masc/screenshots/list/26939.jpg,data/data-masc/xml/list/26939.xml
27248,List,list,data/data-masc/screenshots/list/27248.jpg,data/data-masc/xml/list/27248.xml
27260,List,list,data/data-masc/screenshots/list/27260.jpg,data/data-masc/xml/list/27260.xml
27594,List,list,data/data-masc/screenshots/list/27594.jpg,data/data-masc/xml/list/27594.xml
27776,List,list,data/data-masc/screenshots/list/27776.jpg,data/data-masc/xml/list/27776.xml
27788,List,list,data/data-masc/screenshots/list/27788.jpg,data/data-masc/xml/list/27788.xml
27794,List,list,data/data-masc/screenshots/list/27794.jpg,data/data-masc/xml/list/27794.xml
27827,List,list,data/data-masc/screenshots/list/27827.jpg,data/data-masc/xml/list/27827.xml
27857,List,list,data/data-masc/screenshots/list/27857.jpg,data/data-masc/xml/list/27857.xml
27866,List,list,data/data-masc/screenshots/list/27866.jpg,data/data-masc/xml/list/27866.xml
27873,List,list,data/data-masc/screenshots/list/27873.jpg,data/data-masc/xml/list/27873.xml
27903,List,list,data/data-masc/screenshots/list/27903.jpg,data/data-masc/xml/list/27903.xml
27979,List,list,data/data-masc/screenshots/list/27979.jpg,data/data-masc/xml/list/27979.xml
27994,List,list,data/data-masc/screenshots/list/27994.jpg,data/data-masc/xml/list/27994.xml
28000,List,list,data/data-masc/screenshots/list/28000.jpg,data/data-masc/xml/list/28000.xml
28110,List,list,data/data-masc/screenshots/list/28110.jpg,data/data-masc/xml/list/28110.xml
28135,List,list,data/data-masc/screenshots/list/28135.jpg,data/data-masc/xml/list/28135.xml
28155,List,list,data/data-masc/screenshots/list/28155.jpg,data/data-masc/xml/list/28155.xml
28481,List,list,data/data-masc/screenshots/list/28481.jpg,data/data-masc/xml/list/28481.xml
28493,List,list,data/data-masc/screenshots/list/28493.jpg,data/data-masc/xml/list/28493.xml
28603,List,list,data/data-masc/screenshots/list/28603.jpg,data/data-masc/xml/list/28603.xml
28607,List,list,data/data-masc/screenshots/list/28607.jpg,data/data-masc/xml/list/28607.xml
28610,List,list,data/data-masc/screenshots/list/28610.jpg,data/data-masc/xml/list/28610.xml
28650,List,list,data/data-masc/screenshots/list/28650.jpg,data/data-masc/xml/list/28650.xml
28800,List,list,data/data-masc/screenshots/list/28800.jpg,data/data-masc/xml/list/28800.xml
28895,List,list,data/data-masc/screenshots/list/28895.jpg,data/data-masc/xml/list/28895.xml
29025,List,list,data/data-masc/screenshots/list/29025.jpg,data/data-masc/xml/list/29025.xml
29090,List,list,data/data-masc/screenshots/list/29090.jpg,data/data-masc/xml/list/29090.xml
29472,List,list,data/data-masc/screenshots/list/29472.jpg,data/data-masc/xml/list/29472.xml
29865,List,list,data/data-masc/screenshots/list/29865.jpg,data/data-masc/xml/list/29865.xml
30006,List,list,data/data-masc/screenshots/list/30006.jpg,data/data-masc/xml/list/30006.xml
30302,List,list,data/data-masc/screenshots/list/30302.jpg,data/data-masc/xml/list/30302.xml
30550,List,list,data/data-masc/screenshots/list/30550.jpg,data/data-masc/xml/list/30550.xml
30577,List,list,data/data-masc/screenshots/list/30577.jpg,data/data-masc/xml/list/30577.xml
30626,List,list,data/data-masc/screenshots/list/30626.jpg,data/data-masc/xml/list/30626.xml
30856,List,list,data/data-masc/screenshots/list/30856.jpg,data/data-masc/xml/list/30856.xml
31002,List,list,data/data-masc/screenshots/list/31002.jpg,data/data-masc/xml/list/31002.xml
31630,List,list,data/data-masc/screenshots/list/31630.jpg,data/data-masc/xml/list/31630.xml
32153,List,list,data/data-masc/screenshots/list/32153.jpg,data/data-masc/xml/list/32153.xml
32269,List,list,data/data-masc/screenshots/list/32269.jpg,data/data-masc/xml/list/32269.xml
32308,List,list,data/data-masc/screenshots/list/32308.jpg,data/data-masc/xml/list/32308.xml
32734,List,list,data/data-masc/screenshots/list/32734.jpg,data/data-masc/xml/list/32734.xml
32936,List,list,data/data-masc/screenshots/list/32936.jpg,data/data-masc/xml/list/32936.xml
32938,List,list,data/data-masc/screenshots/list/32938.jpg,data/data-masc/xml/list/32938.xml
32963,List,list,data/data-masc/screenshots/list/32963.jpg,data/data-masc/xml/list/32963.xml
32966,List,list,data/data-masc/screenshots/list/32966.jpg,data/data-masc/xml/list/32966.xml
33289,List,list,data/data-masc/screenshots/list/33289.jpg,data/data-masc/xml/list/33289.xml
33485,List,list,data/data-masc/screenshots/list/33485.jpg,data/data-masc/xml/list/33485.xml
33519,List,list,data/data-masc/screenshots/list/33519.jpg,data/data-masc/xml/list/33519.xml
33531,List,list,data/data-masc/screenshots/list/33531.jpg,data/data-masc/xml/list/33531.xml
33689,List,list,data/data-masc/screenshots/list/33689.jpg,data/data-masc/xml/list/33689.xml
33774,List,list,data/data-masc/screenshots/list/33774.jpg,data/data-masc/xml/list/33774.xml
33778,List,list,data/data-masc/screenshots/list/33778.jpg,data/data-masc/xml/list/33778.xml
33840,List,list,data/data-masc/screenshots/list/33840.jpg,data/data-masc/xml/list/33840.xml
33926,List,list,data/data-masc/screenshots/list/33926.jpg,data/data-masc/xml/list/33926.xml
33929,List,list,data/data-masc/screenshots/list/33929.jpg,data/data-masc/xml/list/33929.xml
34086,List,list,data/data-masc/screenshots/list/34086.jpg,data/data-masc/xml/list/34086.xml
34321,List,list,data/data-masc/screenshots/list/34321.jpg,data/data-masc/xml/list/34321.xml
34377,List,list,data/data-masc/screenshots/list/34377.jpg,data/data-masc/xml/list/34377.xml
34403,List,list,data/data-masc/screenshots/list/34403.jpg,data/data-masc/xml/list/34403.xml
34407,List,list,data/data-masc/screenshots/list/34407.jpg,data/data-masc/xml/list/34407.xml
34414,List,list,data/data-masc/screenshots/list/34414.jpg,data/data-masc/xml/list/34414.xml
34421,List,list,data/data-masc/screenshots/list/34421.jpg,data/data-masc/xml/list/34421.xml
34426,List,list,data/data-masc/screenshots/list/34426.jpg,data/data-masc/xml/list/34426.xml
34461,List,list,data/data-masc/screenshots/list/34461.jpg,data/data-masc/xml/list/34461.xml
34532,List,list,data/data-masc/screenshots/list/34532.jpg,data/data-masc/xml/list/34532.xml
34598,List,list,data/data-masc/screenshots/list/34598.jpg,data/data-masc/xml/list/34598.xml
34601,List,list,data/data-masc/screenshots/list/34601.jpg,data/data-masc/xml/list/34601.xml
34645,List,list,data/data-masc/screenshots/list/34645.jpg,data/data-masc/xml/list/34645.xml
34651,List,list,data/data-masc/screenshots/list/34651.jpg,data/data-masc/xml/list/34651.xml
34752,List,list,data/data-masc/screenshots/list/34752.jpg,data/data-masc/xml/list/34752.xml
34778,List,list,data/data-masc/screenshots/list/34778.jpg,data/data-masc/xml/list/34778.xml
34782,List,list,data/data-masc/screenshots/list/34782.jpg,data/data-masc/xml/list/34782.xml
34788,List,list,data/data-masc/screenshots/list/34788.jpg,data/data-masc/xml/list/34788.xml
34810,List,list,data/data-masc/screenshots/list/34810.jpg,data/data-masc/xml/list/34810.xml
34884,List,list,data/data-masc/screenshots/list/34884.jpg,data/data-masc/xml/list/34884.xml
35205,List,list,data/data-masc/screenshots/list/35205.jpg,data/data-masc/xml/list/35205.xml
35446,List,list,data/data-masc/screenshots/list/35446.jpg,data/data-masc/xml/list/35446.xml
35472,List,list,data/data-masc/screenshots/list/35472.jpg,data/data-masc/xml/list/35472.xml
35650,List,list,data/data-masc/screenshots/list/35650.jpg,data/data-masc/xml/list/35650.xml
35811,List,list,data/data-masc/screenshots/list/35811.jpg,data/data-masc/xml/list/35811.xml
35817,List,list,data/data-masc/screenshots/list/35817.jpg,data/data-masc/xml/list/35817.xml
36544,List,list,data/data-masc/screenshots/list/36544.jpg,data/data-masc/xml/list/36544.xml
36548,List,list,data/data-masc/screenshots/list/36548.jpg,data/data-masc/xml/list/36548.xml
36832,List,list,data/data-masc/screenshots/list/36832.jpg,data/data-masc/xml/list/36832.xml
36897,List,list,data/data-masc/screenshots/list/36897.jpg,data/data-masc/xml/list/36897.xml
36918,List,list,data/data-masc/screenshots/list/36918.jpg,data/data-masc/xml/list/36918.xml
36923,List,list,data/data-masc/screenshots/list/36923.jpg,data/data-masc/xml/list/36923.xml
36930,List,list,data/data-masc/screenshots/list/36930.jpg,data/data-masc/xml/list/36930.xml
36981,List,list,data/data-masc/screenshots/list/36981.jpg,data/data-masc/xml/list/36981.xml
37021,List,list,data/data-masc/screenshots/list/37021.jpg,data/data-masc/xml/list/37021.xml
37117,List,list,data/data-masc/screenshots/list/37117.jpg,data/data-masc/xml/list/37117.xml
37182,List,list,data/data-masc/screenshots/list/37182.jpg,data/data-masc/xml/list/37182.xml
37376,List,list,data/data-masc/screenshots/list/37376.jpg,data/data-masc/xml/list/37376.xml
37507,List,list,data/data-masc/screenshots/list/37507.jpg,data/data-masc/xml/list/37507.xml
37707,List,list,data/data-masc/screenshots/list/37707.jpg,data/data-masc/xml/list/37707.xml
37904,List,list,data/data-masc/screenshots/list/37904.jpg,data/data-masc/xml/list/37904.xml
37940,List,list,data/data-masc/screenshots/list/37940.jpg,data/data-masc/xml/list/37940.xml
38159,List,list,data/data-masc/screenshots/list/38159.jpg,data/data-masc/xml/list/38159.xml
38300,List,list,data/data-masc/screenshots/list/38300.jpg,data/data-masc/xml/list/38300.xml
38330,List,list,data/data-masc/screenshots/list/38330.jpg,data/data-masc/xml/list/38330.xml
38388,List,list,data/data-masc/screenshots/list/38388.jpg,data/data-masc/xml/list/38388.xml
38404,List,list,data/data-masc/screenshots/list/38404.jpg,data/data-masc/xml/list/38404.xml
38439,List,list,data/data-masc/screenshots/list/38439.jpg,data/data-masc/xml/list/38439.xml
38441,List,list,data/data-masc/screenshots/list/38441.jpg,data/data-masc/xml/list/38441.xml
38594,List,list,data/data-masc/screenshots/list/38594.jpg,data/data-masc/xml/list/38594.xml
38634,List,list,data/data-masc/screenshots/list/38634.jpg,data/data-masc/xml/list/38634.xml
38714,List,list,data/data-masc/screenshots/list/38714.jpg,data/data-masc/xml/list/38714.xml
38987,List,list,data/data-masc/screenshots/list/38987.jpg,data/data-masc/xml/list/38987.xml
39407,List,list,data/data-masc/screenshots/list/39407.jpg,data/data-masc/xml/list/39407.xml
39423,List,list,data/data-masc/screenshots/list/39423.jpg,data/data-masc/xml/list/39423.xml
39430,List,list,data/data-masc/screenshots/list/39430.jpg,data/data-masc/xml/list/39430.xml
39692,List,list,data/data-masc/screenshots/list/39692.jpg,data/data-masc/xml/list/39692.xml
39941,List,list,data/data-masc/screenshots/list/39941.jpg,data/data-masc/xml/list/39941.xml
39943,List,list,data/data-masc/screenshots/list/39943.jpg,data/data-masc/xml/list/39943.xml
39947,List,list,data/data-masc/screenshots/list/39947.jpg,data/data-masc/xml/list/39947.xml
40025,List,list,data/data-masc/screenshots/list/40025.jpg,data/data-masc/xml/list/40025.xml
40110,List,list,data/data-masc/screenshots/list/40110.jpg,data/data-masc/xml/list/40110.xml
40342,List,list,data/data-masc/screenshots/list/40342.jpg,data/data-masc/xml/list/40342.xml
40374,List,list,data/data-masc/screenshots/list/40374.jpg,data/data-masc/xml/list/40374.xml
40728,List,list,data/data-masc/screenshots/list/40728.jpg,data/data-masc/xml/list/40728.xml
41743,List,list,data/data-masc/screenshots/list/41743.jpg,data/data-masc/xml/list/41743.xml
42020,List,list,data/data-masc/screenshots/list/42020.jpg,data/data-masc/xml/list/42020.xml
42394,List,list,data/data-masc/screenshots/list/42394.jpg,data/data-masc/xml/list/42394.xml
42549,List,list,data/data-masc/screenshots/list/42549.jpg,data/data-masc/xml/list/42549.xml
42640,List,list,data/data-masc/screenshots/list/42640.jpg,data/data-masc/xml/list/42640.xml
44332,List,list,data/data-masc/screenshots/list/44332.jpg,data/data-masc/xml/list/44332.xml
44390,List,list,data/data-masc/screenshots/list/44390.jpg,data/data-masc/xml/list/44390.xml
44755,List,list,data/data-masc/screenshots/list/44755.jpg,data/data-masc/xml/list/44755.xml
44818,List,list,data/data-masc/screenshots/list/44818.jpg,data/data-masc/xml/list/44818.xml
44829,List,list,data/data-masc/screenshots/list/44829.jpg,data/data-masc/xml/list/44829.xml
44836,List,list,data/data-masc/screenshots/list/44836.jpg,data/data-masc/xml/list/44836.xml
44841,List,list,data/data-masc/screenshots/list/44841.jpg,data/data-masc/xml/list/44841.xml
44929,List,list,data/data-masc/screenshots/list/44929.jpg,data/data-masc/xml/list/44929.xml
45031,List,list,data/data-masc/screenshots/list/45031.jpg,data/data-masc/xml/list/45031.xml
45134,List,list,data/data-masc/screenshots/list/45134.jpg,data/data-masc/xml/list/45134.xml
45813,List,list,data/data-masc/screenshots/list/45813.jpg,data/data-masc/xml/list/45813.xml
45969,List,list,data/data-masc/screenshots/list/45969.jpg,data/data-masc/xml/list/45969.xml
46309,List,list,data/data-masc/screenshots/list/46309.jpg,data/data-masc/xml/list/46309.xml
46392,List,list,data/data-masc/screenshots/list/46392.jpg,data/data-masc/xml/list/46392.xml
46528,List,list,data/data-masc/screenshots/list/46528.jpg,data/data-masc/xml/list/46528.xml
48030,List,list,data/data-masc/screenshots/list/48030.jpg,data/data-masc/xml/list/48030.xml
48112,List,list,data/data-masc/screenshots/list/48112.jpg,data/data-masc/xml/list/48112.xml
48487,List,list,data/data-masc/screenshots/list/48487.jpg,data/data-masc/xml/list/48487.xml
48591,List,list,data/data-masc/screenshots/list/48591.jpg,data/data-masc/xml/list/48591.xml
48614,List,list,data/data-masc/screenshots/list/48614.jpg,data/data-masc/xml/list/48614.xml
48783,List,list,data/data-masc/screenshots/list/48783.jpg,data/data-masc/xml/list/48783.xml
48847,List,list,data/data-masc/screenshots/list/48847.jpg,data/data-masc/xml/list/48847.xml
48869,List,list,data/data-masc/screenshots/list/48869.jpg,data/data-masc/xml/list/48869.xml
48990,List,list,data/data-masc/screenshots/list/48990.jpg,data/data-masc/xml/list/48990.xml
49094,List,list,data/data-masc/screenshots/list/49094.jpg,data/data-masc/xml/list/49094.xml
49152,List,list,data/data-masc/screenshots/list/49152.jpg,data/data-masc/xml/list/49152.xml
49458,List,list,data/data-masc/screenshots/list/49458.jpg,data/data-masc/xml/list/49458.xml
49499,List,list,data/data-masc/screenshots/list/49499.jpg,data/data-masc/xml/list/49499.xml
49623,List,list,data/data-masc/screenshots/list/49623.jpg,data/data-masc/xml/list/49623.xml
49939,List,list,data/data-masc/screenshots/list/49939.jpg,data/data-masc/xml/list/49939.xml
50028,List,list,data/data-masc/screenshots/list/50028.jpg,data/data-masc/xml/list/50028.xml
50078,List,list,data/data-masc/screenshots/list/50078.jpg,data/data-masc/xml/list/50078.xml
50502,List,list,data/data-masc/screenshots/list/50502.jpg,data/data-masc/xml/list/50502.xml
50563,List,list,data/data-masc/screenshots/list/50563.jpg,data/data-masc/xml/list/50563.xml
51057,List,list,data/data-masc/screenshots/list/51057.jpg,data/data-masc/xml/list/51057.xml
51519,List,list,data/data-masc/screenshots/list/51519.jpg,data/data-masc/xml/list/51519.xml
51716,List,list,data/data-masc/screenshots/list/51716.jpg,data/data-masc/xml/list/51716.xml
52066,List,list,data/data-masc/screenshots/list/52066.jpg,data/data-masc/xml/list/52066.xml
52104,List,list,data/data-masc/screenshots/list/52104.jpg,data/data-masc/xml/list/52104.xml
52107,List,list,data/data-masc/screenshots/list/52107.jpg,data/data-masc/xml/list/52107.xml
52143,List,list,data/data-masc/screenshots/list/52143.jpg,data/data-masc/xml/list/52143.xml
52188,List,list,data/data-masc/screenshots/list/52188.jpg,data/data-masc/xml/list/52188.xml
52193,List,list,data/data-masc/screenshots/list/52193.jpg,data/data-masc/xml/list/52193.xml
52842,List,list,data/data-masc/screenshots/list/52842.jpg,data/data-masc/xml/list/52842.xml
53174,List,list,data/data-masc/screenshots/list/53174.jpg,data/data-masc/xml/list/53174.xml
53561,List,list,data/data-masc/screenshots/list/53561.jpg,data/data-masc/xml/list/53561.xml
53596,List,list,data/data-masc/screenshots/list/53596.jpg,data/data-masc/xml/list/53596.xml
53706,List,list,data/data-masc/screenshots/list/53706.jpg,data/data-masc/xml/list/53706.xml
54194,List,list,data/data-masc/screenshots/list/54194.jpg,data/data-masc/xml/list/54194.xml
54392,List,list,data/data-masc/screenshots/list/54392.jpg,data/data-masc/xml/list/54392.xml
54536,List,list,data/data-masc/screenshots/list/54536.jpg,data/data-masc/xml/list/54536.xml
54551,List,list,data/data-masc/screenshots/list/54551.jpg,data/data-masc/xml/list/54551.xml
54565,List,list,data/data-masc/screenshots/list/54565.jpg,data/data-masc/xml/list/54565.xml
54790,List,list,data/data-masc/screenshots/list/54790.jpg,data/data-masc/xml/list/54790.xml
54880,List,list,data/data-masc/screenshots/list/54880.jpg,data/data-masc/xml/list/54880.xml
55417,List,list,data/data-masc/screenshots/list/55417.jpg,data/data-masc/xml/list/55417.xml
56330,List,list,data/data-masc/screenshots/list/56330.jpg,data/data-masc/xml/list/56330.xml
56337,List,list,data/data-masc/screenshots/list/56337.jpg,data/data-masc/xml/list/56337.xml
56610,List,list,data/data-masc/screenshots/list/56610.jpg,data/data-masc/xml/list/56610.xml
56890,List,list,data/data-masc/screenshots/list/56890.jpg,data/data-masc/xml/list/56890.xml
56992,List,list,data/data-masc/screenshots/list/56992.jpg,data/data-masc/xml/list/56992.xml
56999,List,list,data/data-masc/screenshots/list/56999.jpg,data/data-masc/xml/list/56999.xml
57089,List,list,data/data-masc/screenshots/list/57089.jpg,data/data-masc/xml/list/57089.xml
58910,List,list,data/data-masc/screenshots/list/58910.jpg,data/data-masc/xml/list/58910.xml
58950,List,list,data/data-masc/screenshots/list/58950.jpg,data/data-masc/xml/list/58950.xml
59052,List,list,data/data-masc/screenshots/list/59052.jpg,data/data-masc/xml/list/59052.xml
59482,List,list,data/data-masc/screenshots/list/59482.jpg,data/data-masc/xml/list/59482.xml
59506,List,list,data/data-masc/screenshots/list/59506.jpg,data/data-masc/xml/list/59506.xml
59510,List,list,data/data-masc/screenshots/list/59510.jpg,data/data-masc/xml/list/59510.xml
59557,List,list,data/data-masc/screenshots/list/59557.jpg,data/data-masc/xml/list/59557.xml
59650,List,list,data/data-masc/screenshots/list/59650.jpg,data/data-masc/xml/list/59650.xml
59656,List,list,data/data-masc/screenshots/list/59656.jpg,data/data-masc/xml/list/59656.xml
59728,List,list,data/data-masc/screenshots/list/59728.jpg,data/data-masc/xml/list/59728.xml
59742,List,list,data/data-masc/screenshots/list/59742.jpg,data/data-masc/xml/list/59742.xml
60375,List,list,data/data-masc/screenshots/list/60375.jpg,data/data-masc/xml/list/60375.xml
60491,List,list,data/data-masc/screenshots/list/60491.jpg,data/data-masc/xml/list/60491.xml
61367,List,list,data/data-masc/screenshots/list/61367.jpg,data/data-masc/xml/list/61367.xml
61371,List,list,data/data-masc/screenshots/list/61371.jpg,data/data-masc/xml/list/61371.xml
61809,List,list,data/data-masc/screenshots/list/61809.jpg,data/data-masc/xml/list/61809.xml
62095,List,list,data/data-masc/screenshots/list/62095.jpg,data/data-masc/xml/list/62095.xml
62160,List,list,data/data-masc/screenshots/list/62160.jpg,data/data-masc/xml/list/62160.xml
62242,List,list,data/data-masc/screenshots/list/62242.jpg,data/data-masc/xml/list/62242.xml
62350,List,list,data/data-masc/screenshots/list/62350.jpg,data/data-masc/xml/list/62350.xml
62413,List,list,data/data-masc/screenshots/list/62413.jpg,data/data-masc/xml/list/62413.xml
62722,List,list,data/data-masc/screenshots/list/62722.jpg,data/data-masc/xml/list/62722.xml
63755,List,list,data/data-masc/screenshots/list/63755.jpg,data/data-masc/xml/list/63755.xml
64452,List,list,data/data-masc/screenshots/list/64452.jpg,data/data-masc/xml/list/64452.xml
64624,List,list,data/data-masc/screenshots/list/64624.jpg,data/data-masc/xml/list/64624.xml
65126,List,list,data/data-masc/screenshots/list/65126.jpg,data/data-masc/xml/list/65126.xml
65483,List,list,data/data-masc/screenshots/list/65483.jpg,data/data-masc/xml/list/65483.xml
65901,List,list,data/data-masc/screenshots/list/65901.jpg,data/data-masc/xml/list/65901.xml
66150,List,list,data/data-masc/screenshots/list/66150.jpg,data/data-masc/xml/list/66150.xml
66160,List,list,data/data-masc/screenshots/list/66160.jpg,data/data-masc/xml/list/66160.xml
66416,List,list,data/data-masc/screenshots/list/66416.jpg,data/data-masc/xml/list/66416.xml
67005,List,list,data/data-masc/screenshots/list/67005.jpg,data/data-masc/xml/list/67005.xml
67409,List,list,data/data-masc/screenshots/list/67409.jpg,data/data-masc/xml/list/67409.xml
67501,List,list,data/data-masc/screenshots/list/67501.jpg,data/data-masc/xml/list/67501.xml
67522,List,list,data/data-masc/screenshots/list/67522.jpg,data/data-masc/xml/list/67522.xml
67527,List,list,data/data-masc/screenshots/list/67527.jpg,data/data-masc/xml/list/67527.xml
67533,List,list,data/data-masc/screenshots/list/67533.jpg,data/data-masc/xml/list/67533.xml
67589,List,list,data/data-masc/screenshots/list/67589.jpg,data/data-masc/xml/list/67589.xml
67660,List,list,data/data-masc/screenshots/list/67660.jpg,data/data-masc/xml/list/67660.xml
67678,List,list,data/data-masc/screenshots/list/67678.jpg,data/data-masc/xml/list/67678.xml
67717,List,list,data/data-masc/screenshots/list/67717.jpg,data/data-masc/xml/list/67717.xml
67789,List,list,data/data-masc/screenshots/list/67789.jpg,data/data-masc/xml/list/67789.xml
68211,List,list,data/data-masc/screenshots/list/68211.jpg,data/data-masc/xml/list/68211.xml
69124,List,list,data/data-masc/screenshots/list/69124.jpg,data/data-masc/xml/list/69124.xml
69671,List,list,data/data-masc/screenshots/list/69671.jpg,data/data-masc/xml/list/69671.xml
69780,List,list,data/data-masc/screenshots/list/69780.jpg,data/data-masc/xml/list/69780.xml
69818,List,list,data/data-masc/screenshots/list/69818.jpg,data/data-masc/xml/list/69818.xml
70734,List,list,data/data-masc/screenshots/list/70734.jpg,data/data-masc/xml/list/70734.xml
70793,List,list,data/data-masc/screenshots/list/70793.jpg,data/data-masc/xml/list/70793.xml
71246,List,list,data/data-masc/screenshots/list/71246.jpg,data/data-masc/xml/list/71246.xml
71268,List,list,data/data-masc/screenshots/list/71268.jpg,data/data-masc/xml/list/71268.xml
71431,List,list,data/data-masc/screenshots/list/71431.jpg,data/data-masc/xml/list/71431.xml
71708,List,list,data/data-masc/screenshots/list/71708.jpg,data/data-masc/xml/list/71708.xml
101,Login,login,data/data-masc/screenshots/login/101.jpg,data/data-masc/xml/login/101.xml
108,Login,login,data/data-masc/screenshots/login/108.jpg,data/data-masc/xml/login/108.xml
140,Login,login,data/data-masc/screenshots/login/140.jpg,data/data-masc/xml/login/140.xml
141,Login,login,data/data-masc/screenshots/login/141.jpg,data/data-masc/xml/login/141.xml
430,Login,login,data/data-masc/screenshots/login/430.jpg,data/data-masc/xml/login/430.xml
735,Login,login,data/data-masc/screenshots/login/735.jpg,data/data-masc/xml/login/735.xml
824,Login,login,data/data-masc/screenshots/login/824.jpg,data/data-masc/xml/login/824.xml
1021,Login,login,data/data-masc/screenshots/login/1021.jpg,data/data-masc/xml/login/1021.xml
1067,Login,login,data/data-masc/screenshots/login/1067.jpg,data/data-masc/xml/login/1067.xml
1080,Login,login,data/data-masc/screenshots/login/1080.jpg,data/data-masc/xml/login/1080.xml
1082,Login,login,data/data-masc/screenshots/login/1082.jpg,data/data-masc/xml/login/1082.xml
1113,Login,login,data/data-masc/screenshots/login/1113.jpg,data/data-masc/xml/login/1113.xml
1114,Login,login,data/data-masc/screenshots/login/1114.jpg,data/data-masc/xml/login/1114.xml
1622,Login,login,data/data-masc/screenshots/login/1622.jpg,data/data-masc/xml/login/1622.xml
1893,Login,login,data/data-masc/screenshots/login/1893.jpg,data/data-masc/xml/login/1893.xml
2008,Login,login,data/data-masc/screenshots/login/2008.jpg,data/data-masc/xml/login/2008.xml
2013,Login,login,data/data-masc/screenshots/login/2013.jpg,data/data-masc/xml/login/2013.xml
2216,Login,login,data/data-masc/screenshots/login/2216.jpg,data/data-masc/xml/login/2216.xml
2349,Login,login,data/data-masc/screenshots/login/2349.jpg,data/data-masc/xml/login/2349.xml
2562,Login,login,data/data-masc/screenshots/login/2562.jpg,data/data-masc/xml/login/2562.xml
2610,Login,login,data/data-masc/screenshots/login/2610.jpg,data/data-masc/xml/login/2610.xml
2714,Login,login,data/data-masc/screenshots/login/2714.jpg,data/data-masc/xml/login/2714.xml
2716,Login,login,data/data-masc/screenshots/login/2716.jpg,data/data-masc/xml/login/2716.xml
3024,Login,login,data/data-masc/screenshots/login/3024.jpg,data/data-masc/xml/login/3024.xml
3440,Login,login,data/data-masc/screenshots/login/3440.jpg,data/data-masc/xml/login/3440.xml
3529,Login,login,data/data-masc/screenshots/login/3529.jpg,data/data-masc/xml/login/3529.xml
3719,Login,login,data/data-masc/screenshots/login/3719.jpg,data/data-masc/xml/login/3719.xml
3730,Login,login,data/data-masc/screenshots/login/3730.jpg,data/data-masc/xml/login/3730.xml
3799,Login,login,data/data-masc/screenshots/login/3799.jpg,data/data-masc/xml/login/3799.xml
3847,Login,login,data/data-masc/screenshots/login/3847.jpg,data/data-masc/xml/login/3847.xml
4146,Login,login,data/data-masc/screenshots/login/4146.jpg,data/data-masc/xml/login/4146.xml
4164,Login,login,data/data-masc/screenshots/login/4164.jpg,data/data-masc/xml/login/4164.xml
4214,Login,login,data/data-masc/screenshots/login/4214.jpg,data/data-masc/xml/login/4214.xml
4368,Login,login,data/data-masc/screenshots/login/4368.jpg,data/data-masc/xml/login/4368.xml
4489,Login,login,data/data-masc/screenshots/login/4489.jpg,data/data-masc/xml/login/4489.xml
4492,Login,login,data/data-masc/screenshots/login/4492.jpg,data/data-masc/xml/login/4492.xml
4513,Login,login,data/data-masc/screenshots/login/4513.jpg,data/data-masc/xml/login/4513.xml
4931,Login,login,data/data-masc/screenshots/login/4931.jpg,data/data-masc/xml/login/4931.xml
4939,Login,login,data/data-masc/screenshots/login/4939.jpg,data/data-masc/xml/login/4939.xml
4996,Login,login,data/data-masc/screenshots/login/4996.jpg,data/data-masc/xml/login/4996.xml
5000,Login,login,data/data-masc/screenshots/login/5000.jpg,data/data-masc/xml/login/5000.xml
5001,Login,login,data/data-masc/screenshots/login/5001.jpg,data/data-masc/xml/login/5001.xml
5059,Login,login,data/data-masc/screenshots/login/5059.jpg,data/data-masc/xml/login/5059.xml
5459,Login,login,data/data-masc/screenshots/login/5459.jpg,data/data-masc/xml/login/5459.xml
5466,Login,login,data/data-masc/screenshots/login/5466.jpg,data/data-masc/xml/login/5466.xml
5716,Login,login,data/data-masc/screenshots/login/5716.jpg,data/data-masc/xml/login/5716.xml
5777,Login,login,data/data-masc/screenshots/login/5777.jpg,data/data-masc/xml/login/5777.xml
5786,Login,login,data/data-masc/screenshots/login/5786.jpg,data/data-masc/xml/login/5786.xml
5918,Login,login,data/data-masc/screenshots/login/5918.jpg,data/data-masc/xml/login/5918.xml
5944,Login,login,data/data-masc/screenshots/login/5944.jpg,data/data-masc/xml/login/5944.xml
5975,Login,login,data/data-masc/screenshots/login/5975.jpg,data/data-masc/xml/login/5975.xml
6061,Login,login,data/data-masc/screenshots/login/6061.jpg,data/data-masc/xml/login/6061.xml
6146,Login,login,data/data-masc/screenshots/login/6146.jpg,data/data-masc/xml/login/6146.xml
6238,Login,login,data/data-masc/screenshots/login/6238.jpg,data/data-masc/xml/login/6238.xml
6251,Login,login,data/data-masc/screenshots/login/6251.jpg,data/data-masc/xml/login/6251.xml
6255,Login,login,data/data-masc/screenshots/login/6255.jpg,data/data-masc/xml/login/6255.xml
6608,Login,login,data/data-masc/screenshots/login/6608.jpg,data/data-masc/xml/login/6608.xml
6808,Login,login,data/data-masc/screenshots/login/6808.jpg,data/data-masc/xml/login/6808.xml
7002,Login,login,data/data-masc/screenshots/login/7002.jpg,data/data-masc/xml/login/7002.xml
7063,Login,login,data/data-masc/screenshots/login/7063.jpg,data/data-masc/xml/login/7063.xml
7139,Login,login,data/data-masc/screenshots/login/7139.jpg,data/data-masc/xml/login/7139.xml
7148,Login,login,data/data-masc/screenshots/login/7148.jpg,data/data-masc/xml/login/7148.xml
7251,Login,login,data/data-masc/screenshots/login/7251.jpg,data/data-masc/xml/login/7251.xml
7338,Login,login,data/data-masc/screenshots/login/7338.jpg,data/data-masc/xml/login/7338.xml
7361,Login,login,data/data-masc/screenshots/login/7361.jpg,data/data-masc/xml/login/7361.xml
7450,Login,login,data/data-masc/screenshots/login/7450.jpg,data/data-masc/xml/login/7450.xml
7524,Login,login,data/data-masc/screenshots/login/7524.jpg,data/data-masc/xml/login/7524.xml
7627,Login,login,data/data-masc/screenshots/login/7627.jpg,data/data-masc/xml/login/7627.xml
7713,Login,login,data/data-masc/screenshots/login/7713.jpg,data/data-masc/xml/login/7713.xml
7738,Login,login,data/data-masc/screenshots/login/7738.jpg,data/data-masc/xml/login/7738.xml
7778,Login,login,data/data-masc/screenshots/login/7778.jpg,data/data-masc/xml/login/7778.xml
7849,Login,login,data/data-masc/screenshots/login/7849.jpg,data/data-masc/xml/login/7849.xml
7902,Login,login,data/data-masc/screenshots/login/7902.jpg,data/data-masc/xml/login/7902.xml
7908,Login,login,data/data-masc/screenshots/login/7908.jpg,data/data-masc/xml/login/7908.xml
7995,Login,login,data/data-masc/screenshots/login/7995.jpg,data/data-masc/xml/login/7995.xml
8486,Login,login,data/data-masc/screenshots/login/8486.jpg,data/data-masc/xml/login/8486.xml
8541,Login,login,data/data-masc/screenshots/login/8541.jpg,data/data-masc/xml/login/8541.xml
8735,Login,login,data/data-masc/screenshots/login/8735.jpg,data/data-masc/xml/login/8735.xml
8963,Login,login,data/data-masc/screenshots/login/8963.jpg,data/data-masc/xml/login/8963.xml
8998,Login,login,data/data-masc/screenshots/login/8998.jpg,data/data-masc/xml/login/8998.xml
9185,Login,login,data/data-masc/screenshots/login/9185.jpg,data/data-masc/xml/login/9185.xml
9450,Login,login,data/data-masc/screenshots/login/9450.jpg,data/data-masc/xml/login/9450.xml
9634,Login,login,data/data-masc/screenshots/login/9634.jpg,data/data-masc/xml/login/9634.xml
10208,Login,login,data/data-masc/screenshots/login/10208.jpg,data/data-masc/xml/login/10208.xml
10214,Login,login,data/data-masc/screenshots/login/10214.jpg,data/data-masc/xml/login/10214.xml
10221,Login,login,data/data-masc/screenshots/login/10221.jpg,data/data-masc/xml/login/10221.xml
10258,Login,login,data/data-masc/screenshots/login/10258.jpg,data/data-masc/xml/login/10258.xml
10281,Login,login,data/data-masc/screenshots/login/10281.jpg,data/data-masc/xml/login/10281.xml
10362,Login,login,data/data-masc/screenshots/login/10362.jpg,data/data-masc/xml/login/10362.xml
10613,Login,login,data/data-masc/screenshots/login/10613.jpg,data/data-masc/xml/login/10613.xml
10894,Login,login,data/data-masc/screenshots/login/10894.jpg,data/data-masc/xml/login/10894.xml
10996,Login,login,data/data-masc/screenshots/login/10996.jpg,data/data-masc/xml/login/10996.xml
11002,Login,login,data/data-masc/screenshots/login/11002.jpg,data/data-masc/xml/login/11002.xml
11082,Login,login,data/data-masc/screenshots/login/11082.jpg,data/data-masc/xml/login/11082.xml
11089,Login,login,data/data-masc/screenshots/login/11089.jpg,data/data-masc/xml/login/11089.xml
11098,Login,login,data/data-masc/screenshots/login/11098.jpg,data/data-masc/xml/login/11098.xml
11287,Login,login,data/data-masc/screenshots/login/11287.jpg,data/data-masc/xml/login/11287.xml
11520,Login,login,data/data-masc/screenshots/login/11520.jpg,data/data-masc/xml/login/11520.xml
11560,Login,login,data/data-masc/screenshots/login/11560.jpg,data/data-masc/xml/login/11560.xml
11801,Login,login,data/data-masc/screenshots/login/11801.jpg,data/data-masc/xml/login/11801.xml
11840,Login,login,data/data-masc/screenshots/login/11840.jpg,data/data-masc/xml/login/11840.xml
11896,Login,login,data/data-masc/screenshots/login/11896.jpg,data/data-masc/xml/login/11896.xml
12134,Login,login,data/data-masc/screenshots/login/12134.jpg,data/data-masc/xml/login/12134.xml
12171,Login,login,data/data-masc/screenshots/login/12171.jpg,data/data-masc/xml/login/12171.xml
12176,Login,login,data/data-masc/screenshots/login/12176.jpg,data/data-masc/xml/login/12176.xml
12179,Login,login,data/data-masc/screenshots/login/12179.jpg,data/data-masc/xml/login/12179.xml
12231,Login,login,data/data-masc/screenshots/login/12231.jpg,data/data-masc/xml/login/12231.xml
12612,Login,login,data/data-masc/screenshots/login/12612.jpg,data/data-masc/xml/login/12612.xml
12637,Login,login,data/data-masc/screenshots/login/12637.jpg,data/data-masc/xml/login/12637.xml
12675,Login,login,data/data-masc/screenshots/login/12675.jpg,data/data-masc/xml/login/12675.xml
12823,Login,login,data/data-masc/screenshots/login/12823.jpg,data/data-masc/xml/login/12823.xml
12893,Login,login,data/data-masc/screenshots/login/12893.jpg,data/data-masc/xml/login/12893.xml
13260,Login,login,data/data-masc/screenshots/login/13260.jpg,data/data-masc/xml/login/13260.xml
13420,Login,login,data/data-masc/screenshots/login/13420.jpg,data/data-masc/xml/login/13420.xml
13434,Login,login,data/data-masc/screenshots/login/13434.jpg,data/data-masc/xml/login/13434.xml
13464,Login,login,data/data-masc/screenshots/login/13464.jpg,data/data-masc/xml/login/13464.xml
13862,Login,login,data/data-masc/screenshots/login/13862.jpg,data/data-masc/xml/login/13862.xml
13921,Login,login,data/data-masc/screenshots/login/13921.jpg,data/data-masc/xml/login/13921.xml
14093,Login,login,data/data-masc/screenshots/login/14093.jpg,data/data-masc/xml/login/14093.xml
14142,Login,login,data/data-masc/screenshots/login/14142.jpg,data/data-masc/xml/login/14142.xml
14143,Login,login,data/data-masc/screenshots/login/14143.jpg,data/data-masc/xml/login/14143.xml
14298,Login,login,data/data-masc/screenshots/login/14298.jpg,data/data-masc/xml/login/14298.xml
14302,Login,login,data/data-masc/screenshots/login/14302.jpg,data/data-masc/xml/login/14302.xml
14442,Login,login,data/data-masc/screenshots/login/14442.jpg,data/data-masc/xml/login/14442.xml
14469,Login,login,data/data-masc/screenshots/login/14469.jpg,data/data-masc/xml/login/14469.xml
14549,Login,login,data/data-masc/screenshots/login/14549.jpg,data/data-masc/xml/login/14549.xml
14615,Login,login,data/data-masc/screenshots/login/14615.jpg,data/data-masc/xml/login/14615.xml
14754,Login,login,data/data-masc/screenshots/login/14754.jpg,data/data-masc/xml/login/14754.xml
14847,Login,login,data/data-masc/screenshots/login/14847.jpg,data/data-masc/xml/login/14847.xml
14862,Login,login,data/data-masc/screenshots/login/14862.jpg,data/data-masc/xml/login/14862.xml
14889,Login,login,data/data-masc/screenshots/login/14889.jpg,data/data-masc/xml/login/14889.xml
15093,Login,login,data/data-masc/screenshots/login/15093.jpg,data/data-masc/xml/login/15093.xml
15105,Login,login,data/data-masc/screenshots/login/15105.jpg,data/data-masc/xml/login/15105.xml
15131,Login,login,data/data-masc/screenshots/login/15131.jpg,data/data-masc/xml/login/15131.xml
15301,Login,login,data/data-masc/screenshots/login/15301.jpg,data/data-masc/xml/login/15301.xml
15509,Login,login,data/data-masc/screenshots/login/15509.jpg,data/data-masc/xml/login/15509.xml
15520,Login,login,data/data-masc/screenshots/login/15520.jpg,data/data-masc/xml/login/15520.xml
15799,Login,login,data/data-masc/screenshots/login/15799.jpg,data/data-masc/xml/login/15799.xml
15800,Login,login,data/data-masc/screenshots/login/15800.jpg,data/data-masc/xml/login/15800.xml
15833,Login,login,data/data-masc/screenshots/login/15833.jpg,data/data-masc/xml/login/15833.xml
15869,Login,login,data/data-masc/screenshots/login/15869.jpg,data/data-masc/xml/login/15869.xml
15889,Login,login,data/data-masc/screenshots/login/15889.jpg,data/data-masc/xml/login/15889.xml
15898,Login,login,data/data-masc/screenshots/login/15898.jpg,data/data-masc/xml/login/15898.xml
15900,Login,login,data/data-masc/screenshots/login/15900.jpg,data/data-masc/xml/login/15900.xml
16140,Login,login,data/data-masc/screenshots/login/16140.jpg,data/data-masc/xml/login/16140.xml
16254,Login,login,data/data-masc/screenshots/login/16254.jpg,data/data-masc/xml/login/16254.xml
16340,Login,login,data/data-masc/screenshots/login/16340.jpg,data/data-masc/xml/login/16340.xml
16471,Login,login,data/data-masc/screenshots/login/16471.jpg,data/data-masc/xml/login/16471.xml
16626,Login,login,data/data-masc/screenshots/login/16626.jpg,data/data-masc/xml/login/16626.xml
16639,Login,login,data/data-masc/screenshots/login/16639.jpg,data/data-masc/xml/login/16639.xml
16659,Login,login,data/data-masc/screenshots/login/16659.jpg,data/data-masc/xml/login/16659.xml
16667,Login,login,data/data-masc/screenshots/login/16667.jpg,data/data-masc/xml/login/16667.xml
16725,Login,login,data/data-masc/screenshots/login/16725.jpg,data/data-masc/xml/login/16725.xml
16984,Login,login,data/data-masc/screenshots/login/16984.jpg,data/data-masc/xml/login/16984.xml
17044,Login,login,data/data-masc/screenshots/login/17044.jpg,data/data-masc/xml/login/17044.xml
17075,Login,login,data/data-masc/screenshots/login/17075.jpg,data/data-masc/xml/login/17075.xml
17385,Login,login,data/data-masc/screenshots/login/17385.jpg,data/data-masc/xml/login/17385.xml
17558,Login,login,data/data-masc/screenshots/login/17558.jpg,data/data-masc/xml/login/17558.xml
17570,Login,login,data/data-masc/screenshots/login/17570.jpg,data/data-masc/xml/login/17570.xml
17604,Login,login,data/data-masc/screenshots/login/17604.jpg,data/data-masc/xml/login/17604.xml
17620,Login,login,data/data-masc/screenshots/login/17620.jpg,data/data-masc/xml/login/17620.xml
17653,Login,login,data/data-masc/screenshots/login/17653.jpg,data/data-masc/xml/login/17653.xml
17772,Login,login,data/data-masc/screenshots/login/17772.jpg,data/data-masc/xml/login/17772.xml
17835,Login,login,data/data-masc/screenshots/login/17835.jpg,data/data-masc/xml/login/17835.xml
17838,Login,login,data/data-masc/screenshots/login/17838.jpg,data/data-masc/xml/login/17838.xml
17840,Login,login,data/data-masc/screenshots/login/17840.jpg,data/data-masc/xml/login/17840.xml
17958,Login,login,data/data-masc/screenshots/login/17958.jpg,data/data-masc/xml/login/17958.xml
18020,Login,login,data/data-masc/screenshots/login/18020.jpg,data/data-masc/xml/login/18020.xml
18109,Login,login,data/data-masc/screenshots/login/18109.jpg,data/data-masc/xml/login/18109.xml
18411,Login,login,data/data-masc/screenshots/login/18411.jpg,data/data-masc/xml/login/18411.xml
18564,Login,login,data/data-masc/screenshots/login/18564.jpg,data/data-masc/xml/login/18564.xml
18672,Login,login,data/data-masc/screenshots/login/18672.jpg,data/data-masc/xml/login/18672.xml
18832,Login,login,data/data-masc/screenshots/login/18832.jpg,data/data-masc/xml/login/18832.xml
18858,Login,login,data/data-masc/screenshots/login/18858.jpg,data/data-masc/xml/login/18858.xml
18864,Login,login,data/data-masc/screenshots/login/18864.jpg,data/data-masc/xml/login/18864.xml
18869,Login,login,data/data-masc/screenshots/login/18869.jpg,data/data-masc/xml/login/18869.xml
18936,Login,login,data/data-masc/screenshots/login/18936.jpg,data/data-masc/xml/login/18936.xml
19117,Login,login,data/data-masc/screenshots/login/19117.jpg,data/data-masc/xml/login/19117.xml
19158,Login,login,data/data-masc/screenshots/login/19158.jpg,data/data-masc/xml/login/19158.xml
19311,Login,login,data/data-masc/screenshots/login/19311.jpg,data/data-masc/xml/login/19311.xml
19397,Login,login,data/data-masc/screenshots/login/19397.jpg,data/data-masc/xml/login/19397.xml
19432,Login,login,data/data-masc/screenshots/login/19432.jpg,data/data-masc/xml/login/19432.xml
19442,Login,login,data/data-masc/screenshots/login/19442.jpg,data/data-masc/xml/login/19442.xml
19919,Login,login,data/data-masc/screenshots/login/19919.jpg,data/data-masc/xml/login/19919.xml
19925,Login,login,data/data-masc/screenshots/login/19925.jpg,data/data-masc/xml/login/19925.xml
19929,Login,login,data/data-masc/screenshots/login/19929.jpg,data/data-masc/xml/login/19929.xml
20015,Login,login,data/data-masc/screenshots/login/20015.jpg,data/data-masc/xml/login/20015.xml
20050,Login,login,data/data-masc/screenshots/login/20050.jpg,data/data-masc/xml/login/20050.xml
20233,Login,login,data/data-masc/screenshots/login/20233.jpg,data/data-masc/xml/login/20233.xml
20910,Login,login,data/data-masc/screenshots/login/20910.jpg,data/data-masc/xml/login/20910.xml
21120,Login,login,data/data-masc/screenshots/login/21120.jpg,data/data-masc/xml/login/21120.xml
21128,Login,login,data/data-masc/screenshots/login/21128.jpg,data/data-masc/xml/login/21128.xml
21189,Login,login,data/data-masc/screenshots/login/21189.jpg,data/data-masc/xml/login/21189.xml
21438,Login,login,data/data-masc/screenshots/login/21438.jpg,data/data-masc/xml/login/21438.xml
21444,Login,login,data/data-masc/screenshots/login/21444.jpg,data/data-masc/xml/login/21444.xml
21496,Login,login,data/data-masc/screenshots/login/21496.jpg,data/data-masc/xml/login/21496.xml
21547,Login,login,data/data-masc/screenshots/login/21547.jpg,data/data-masc/xml/login/21547.xml
21578,Login,login,data/data-masc/screenshots/login/21578.jpg,data/data-masc/xml/login/21578.xml
21580,Login,login,data/data-masc/screenshots/login/21580.jpg,data/data-masc/xml/login/21580.xml
21652,Login,login,data/data-masc/screenshots/login/21652.jpg,data/data-masc/xml/login/21652.xml
21654,Login,login,data/data-masc/screenshots/login/21654.jpg,data/data-masc/xml/login/21654.xml
21753,Login,login,data/data-masc/screenshots/login/21753.jpg,data/data-masc/xml/login/21753.xml
21818,Login,login,data/data-masc/screenshots/login/21818.jpg,data/data-masc/xml/login/21818.xml
21819,Login,login,data/data-masc/screenshots/login/21819.jpg,data/data-masc/xml/login/21819.xml
22032,Login,login,data/data-masc/screenshots/login/22032.jpg,data/data-masc/xml/login/22032.xml
22082,Login,login,data/data-masc/screenshots/login/22082.jpg,data/data-masc/xml/login/22082.xml
22143,Login,login,data/data-masc/screenshots/login/22143.jpg,data/data-masc/xml/login/22143.xml
22342,Login,login,data/data-masc/screenshots/login/22342.jpg,data/data-masc/xml/login/22342.xml
22440,Login,login,data/data-masc/screenshots/login/22440.jpg,data/data-masc/xml/login/22440.xml
22443,Login,login,data/data-masc/screenshots/login/22443.jpg,data/data-masc/xml/login/22443.xml
22592,Login,login,data/data-masc/screenshots/login/22592.jpg,data/data-masc/xml/login/22592.xml
22759,Login,login,data/data-masc/screenshots/login/22759.jpg,data/data-masc/xml/login/22759.xml
23042,Login,login,data/data-masc/screenshots/login/23042.jpg,data/data-masc/xml/login/23042.xml
23206,Login,login,data/data-masc/screenshots/login/23206.jpg,data/data-masc/xml/login/23206.xml
23645,Login,login,data/data-masc/screenshots/login/23645.jpg,data/data-masc/xml/login/23645.xml
23735,Login,login,data/data-masc/screenshots/login/23735.jpg,data/data-masc/xml/login/23735.xml
23793,Login,login,data/data-masc/screenshots/login/23793.jpg,data/data-masc/xml/login/23793.xml
23806,Login,login,data/data-masc/screenshots/login/23806.jpg,data/data-masc/xml/login/23806.xml
23938,Login,login,data/data-masc/screenshots/login/23938.jpg,data/data-masc/xml/login/23938.xml
23940,Login,login,data/data-masc/screenshots/login/23940.jpg,data/data-masc/xml/login/23940.xml
23944,Login,login,data/data-masc/screenshots/login/23944.jpg,data/data-masc/xml/login/23944.xml
24024,Login,login,data/data-masc/screenshots/login/24024.jpg,data/data-masc/xml/login/24024.xml
24026,Login,login,data/data-masc/screenshots/login/24026.jpg,data/data-masc/xml/login/24026.xml
24098,Login,login,data/data-masc/screenshots/login/24098.jpg,data/data-masc/xml/login/24098.xml
24611,Login,login,data/data-masc/screenshots/login/24611.jpg,data/data-masc/xml/login/24611.xml
24745,Login,login,data/data-masc/screenshots/login/24745.jpg,data/data-masc/xml/login/24745.xml
24765,Login,login,data/data-masc/screenshots/login/24765.jpg,data/data-masc/xml/login/24765.xml
24859,Login,login,data/data-masc/screenshots/login/24859.jpg,data/data-masc/xml/login/24859.xml
25114,Login,login,data/data-masc/screenshots/login/25114.jpg,data/data-masc/xml/login/25114.xml
25173,Login,login,data/data-masc/screenshots/login/25173.jpg,data/data-masc/xml/login/25173.xml
25175,Login,login,data/data-masc/screenshots/login/25175.jpg,data/data-masc/xml/login/25175.xml
25195,Login,login,data/data-masc/screenshots/login/25195.jpg,data/data-masc/xml/login/25195.xml
25253,Login,login,data/data-masc/screenshots/login/25253.jpg,data/data-masc/xml/login/25253.xml
25425,Login,login,data/data-masc/screenshots/login/25425.jpg,data/data-masc/xml/login/25425.xml
25482,Login,login,data/data-masc/screenshots/login/25482.jpg,data/data-masc/xml/login/25482.xml
25495,Login,login,data/data-masc/screenshots/login/25495.jpg,data/data-masc/xml/login/25495.xml
25607,Login,login,data/data-masc/screenshots/login/25607.jpg,data/data-masc/xml/login/25607.xml
25643,Login,login,data/data-masc/screenshots/login/25643.jpg,data/data-masc/xml/login/25643.xml
25782,Login,login,data/data-masc/screenshots/login/25782.jpg,data/data-masc/xml/login/25782.xml
25804,Login,login,data/data-masc/screenshots/login/25804.jpg,data/data-masc/xml/login/25804.xml
26038,Login,login,data/data-masc/screenshots/login/26038.jpg,data/data-masc/xml/login/26038.xml
26070,Login,login,data/data-masc/screenshots/login/26070.jpg,data/data-masc/xml/login/26070.xml
26211,Login,login,data/data-masc/screenshots/login/26211.jpg,data/data-masc/xml/login/26211.xml
26267,Login,login,data/data-masc/screenshots/login/26267.jpg,data/data-masc/xml/login/26267.xml
26516,Login,login,data/data-masc/screenshots/login/26516.jpg,data/data-masc/xml/login/26516.xml
26721,Login,login,data/data-masc/screenshots/login/26721.jpg,data/data-masc/xml/login/26721.xml
26726,Login,login,data/data-masc/screenshots/login/26726.jpg,data/data-masc/xml/login/26726.xml
26767,Login,login,data/data-masc/screenshots/login/26767.jpg,data/data-masc/xml/login/26767.xml
27703,Login,login,data/data-masc/screenshots/login/27703.jpg,data/data-masc/xml/login/27703.xml
27894,Login,login,data/data-masc/screenshots/login/27894.jpg,data/data-masc/xml/login/27894.xml
28528,Login,login,data/data-masc/screenshots/login/28528.jpg,data/data-masc/xml/login/28528.xml
28642,Login,login,data/data-masc/screenshots/login/28642.jpg,data/data-masc/xml/login/28642.xml
28999,Login,login,data/data-masc/screenshots/login/28999.jpg,data/data-masc/xml/login/28999.xml
29002,Login,login,data/data-masc/screenshots/login/29002.jpg,data/data-masc/xml/login/29002.xml
29074,Login,login,data/data-masc/screenshots/login/29074.jpg,data/data-masc/xml/login/29074.xml
29161,Login,login,data/data-masc/screenshots/login/29161.jpg,data/data-masc/xml/login/29161.xml
29183,Login,login,data/data-masc/screenshots/login/29183.jpg,data/data-masc/xml/login/29183.xml
29277,Login,login,data/data-masc/screenshots/login/29277.jpg,data/data-masc/xml/login/29277.xml
29321,Login,login,data/data-masc/screenshots/login/29321.jpg,data/data-masc/xml/login/29321.xml
29460,Login,login,data/data-masc/screenshots/login/29460.jpg,data/data-masc/xml/login/29460.xml
29481,Login,login,data/data-masc/screenshots/login/29481.jpg,data/data-masc/xml/login/29481.xml
29487,Login,login,data/data-masc/screenshots/login/29487.jpg,data/data-masc/xml/login/29487.xml
29662,Login,login,data/data-masc/screenshots/login/29662.jpg,data/data-masc/xml/login/29662.xml
29815,Login,login,data/data-masc/screenshots/login/29815.jpg,data/data-masc/xml/login/29815.xml
29901,Login,login,data/data-masc/screenshots/login/29901.jpg,data/data-masc/xml/login/29901.xml
30019,Login,login,data/data-masc/screenshots/login/30019.jpg,data/data-masc/xml/login/30019.xml
30031,Login,login,data/data-masc/screenshots/login/30031.jpg,data/data-masc/xml/login/30031.xml
30035,Login,login,data/data-masc/screenshots/login/30035.jpg,data/data-masc/xml/login/30035.xml
30042,Login,login,data/data-masc/screenshots/login/30042.jpg,data/data-masc/xml/login/30042.xml
30094,Login,login,data/data-masc/screenshots/login/30094.jpg,data/data-masc/xml/login/30094.xml
30102,Login,login,data/data-masc/screenshots/login/30102.jpg,data/data-masc/xml/login/30102.xml
30200,Login,login,data/data-masc/screenshots/login/30200.jpg,data/data-masc/xml/login/30200.xml
30240,Login,login,data/data-masc/screenshots/login/30240.jpg,data/data-masc/xml/login/30240.xml
30273,Login,login,data/data-masc/screenshots/login/30273.jpg,data/data-masc/xml/login/30273.xml
30450,Login,login,data/data-masc/screenshots/login/30450.jpg,data/data-masc/xml/login/30450.xml
30518,Login,login,data/data-masc/screenshots/login/30518.jpg,data/data-masc/xml/login/30518.xml
30673,Login,login,data/data-masc/screenshots/login/30673.jpg,data/data-masc/xml/login/30673.xml
30879,Login,login,data/data-masc/screenshots/login/30879.jpg,data/data-masc/xml/login/30879.xml
31245,Login,login,data/data-masc/screenshots/login/31245.jpg,data/data-masc/xml/login/31245.xml
31333,Login,login,data/data-masc/screenshots/login/31333.jpg,data/data-masc/xml/login/31333.xml
31980,Login,login,data/data-masc/screenshots/login/31980.jpg,data/data-masc/xml/login/31980.xml
32002,Login,login,data/data-masc/screenshots/login/32002.jpg,data/data-masc/xml/login/32002.xml
32049,Login,login,data/data-masc/screenshots/login/32049.jpg,data/data-masc/xml/login/32049.xml
32066,Login,login,data/data-masc/screenshots/login/32066.jpg,data/data-masc/xml/login/32066.xml
32071,Login,login,data/data-masc/screenshots/login/32071.jpg,data/data-masc/xml/login/32071.xml
32077,Login,login,data/data-masc/screenshots/login/32077.jpg,data/data-masc/xml/login/32077.xml
32189,Login,login,data/data-masc/screenshots/login/32189.jpg,data/data-masc/xml/login/32189.xml
32637,Login,login,data/data-masc/screenshots/login/32637.jpg,data/data-masc/xml/login/32637.xml
32795,Login,login,data/data-masc/screenshots/login/32795.jpg,data/data-masc/xml/login/32795.xml
33058,Login,login,data/data-masc/screenshots/login/33058.jpg,data/data-masc/xml/login/33058.xml
33123,Login,login,data/data-masc/screenshots/login/33123.jpg,data/data-masc/xml/login/33123.xml
33291,Login,login,data/data-masc/screenshots/login/33291.jpg,data/data-masc/xml/login/33291.xml
33292,Login,login,data/data-masc/screenshots/login/33292.jpg,data/data-masc/xml/login/33292.xml
33336,Login,login,data/data-masc/screenshots/login/33336.jpg,data/data-masc/xml/login/33336.xml
33614,Login,login,data/data-masc/screenshots/login/33614.jpg,data/data-masc/xml/login/33614.xml
33709,Login,login,data/data-masc/screenshots/login/33709.jpg,data/data-masc/xml/login/33709.xml
34017,Login,login,data/data-masc/screenshots/login/34017.jpg,data/data-masc/xml/login/34017.xml
34033,Login,login,data/data-masc/screenshots/login/34033.jpg,data/data-masc/xml/login/34033.xml
34164,Login,login,data/data-masc/screenshots/login/34164.jpg,data/data-masc/xml/login/34164.xml
34165,Login,login,data/data-masc/screenshots/login/34165.jpg,data/data-masc/xml/login/34165.xml
34202,Login,login,data/data-masc/screenshots/login/34202.jpg,data/data-masc/xml/login/34202.xml
34223,Login,login,data/data-masc/screenshots/login/34223.jpg,data/data-masc/xml/login/34223.xml
34306,Login,login,data/data-masc/screenshots/login/34306.jpg,data/data-masc/xml/login/34306.xml
34313,Login,login,data/data-masc/screenshots/login/34313.jpg,data/data-masc/xml/login/34313.xml
34344,Login,login,data/data-masc/screenshots/login/34344.jpg,data/data-masc/xml/login/34344.xml
34488,Login,login,data/data-masc/screenshots/login/34488.jpg,data/data-masc/xml/login/34488.xml
34493,Login,login,data/data-masc/screenshots/login/34493.jpg,data/data-masc/xml/login/34493.xml
34541,Login,login,data/data-masc/screenshots/login/34541.jpg,data/data-masc/xml/login/34541.xml
34571,Login,login,data/data-masc/screenshots/login/34571.jpg,data/data-masc/xml/login/34571.xml
34584,Login,login,data/data-masc/screenshots/login/34584.jpg,data/data-masc/xml/login/34584.xml
34650,Login,login,data/data-masc/screenshots/login/34650.jpg,data/data-masc/xml/login/34650.xml
34771,Login,login,data/data-masc/screenshots/login/34771.jpg,data/data-masc/xml/login/34771.xml
34935,Login,login,data/data-masc/screenshots/login/34935.jpg,data/data-masc/xml/login/34935.xml
34970,Login,login,data/data-masc/screenshots/login/34970.jpg,data/data-masc/xml/login/34970.xml
35150,Login,login,data/data-masc/screenshots/login/35150.jpg,data/data-masc/xml/login/35150.xml
35284,Login,login,data/data-masc/screenshots/login/35284.jpg,data/data-masc/xml/login/35284.xml
35492,Login,login,data/data-masc/screenshots/login/35492.jpg,data/data-masc/xml/login/35492.xml
35502,Login,login,data/data-masc/screenshots/login/35502.jpg,data/data-masc/xml/login/35502.xml
35665,Login,login,data/data-masc/screenshots/login/35665.jpg,data/data-masc/xml/login/35665.xml
35894,Login,login,data/data-masc/screenshots/login/35894.jpg,data/data-masc/xml/login/35894.xml
35910,Login,login,data/data-masc/screenshots/login/35910.jpg,data/data-masc/xml/login/35910.xml
36050,Login,login,data/data-masc/screenshots/login/36050.jpg,data/data-masc/xml/login/36050.xml
36080,Login,login,data/data-masc/screenshots/login/36080.jpg,data/data-masc/xml/login/36080.xml
36099,Login,login,data/data-masc/screenshots/login/36099.jpg,data/data-masc/xml/login/36099.xml
36126,Login,login,data/data-masc/screenshots/login/36126.jpg,data/data-masc/xml/login/36126.xml
36358,Login,login,data/data-masc/screenshots/login/36358.jpg,data/data-masc/xml/login/36358.xml
36536,Login,login,data/data-masc/screenshots/login/36536.jpg,data/data-masc/xml/login/36536.xml
36830,Login,login,data/data-masc/screenshots/login/36830.jpg,data/data-masc/xml/login/36830.xml
36889,Login,login,data/data-masc/screenshots/login/36889.jpg,data/data-masc/xml/login/36889.xml
36925,Login,login,data/data-masc/screenshots/login/36925.jpg,data/data-masc/xml/login/36925.xml
36977,Login,login,data/data-masc/screenshots/login/36977.jpg,data/data-masc/xml/login/36977.xml
37077,Login,login,data/data-masc/screenshots/login/37077.jpg,data/data-masc/xml/login/37077.xml
37269,Login,login,data/data-masc/screenshots/login/37269.jpg,data/data-masc/xml/login/37269.xml
37522,Login,login,data/data-masc/screenshots/login/37522.jpg,data/data-masc/xml/login/37522.xml
37578,Login,login,data/data-masc/screenshots/login/37578.jpg,data/data-masc/xml/login/37578.xml
37591,Login,login,data/data-masc/screenshots/login/37591.jpg,data/data-masc/xml/login/37591.xml
37731,Login,login,data/data-masc/screenshots/login/37731.jpg,data/data-masc/xml/login/37731.xml
37945,Login,login,data/data-masc/screenshots/login/37945.jpg,data/data-masc/xml/login/37945.xml
38049,Login,login,data/data-masc/screenshots/login/38049.jpg,data/data-masc/xml/login/38049.xml
38087,Login,login,data/data-masc/screenshots/login/38087.jpg,data/data-masc/xml/login/38087.xml
38158,Login,login,data/data-masc/screenshots/login/38158.jpg,data/data-masc/xml/login/38158.xml
38282,Login,login,data/data-masc/screenshots/login/38282.jpg,data/data-masc/xml/login/38282.xml
38284,Login,login,data/data-masc/screenshots/login/38284.jpg,data/data-masc/xml/login/38284.xml
38285,Login,login,data/data-masc/screenshots/login/38285.jpg,data/data-masc/xml/login/38285.xml
38405,Login,login,data/data-masc/screenshots/login/38405.jpg,data/data-masc/xml/login/38405.xml
38654,Login,login,data/data-masc/screenshots/login/38654.jpg,data/data-masc/xml/login/38654.xml
38747,Login,login,data/data-masc/screenshots/login/38747.jpg,data/data-masc/xml/login/38747.xml
38840,Login,login,data/data-masc/screenshots/login/38840.jpg,data/data-masc/xml/login/38840.xml
38964,Login,login,data/data-masc/screenshots/login/38964.jpg,data/data-masc/xml/login/38964.xml
39194,Login,login,data/data-masc/screenshots/login/39194.jpg,data/data-masc/xml/login/39194.xml
39414,Login,login,data/data-masc/screenshots/login/39414.jpg,data/data-masc/xml/login/39414.xml
39471,Login,login,data/data-masc/screenshots/login/39471.jpg,data/data-masc/xml/login/39471.xml
39536,Login,login,data/data-masc/screenshots/login/39536.jpg,data/data-masc/xml/login/39536.xml
39537,Login,login,data/data-masc/screenshots/login/39537.jpg,data/data-masc/xml/login/39537.xml
39570,Login,login,data/data-masc/screenshots/login/39570.jpg,data/data-masc/xml/login/39570.xml
39704,Login,login,data/data-masc/screenshots/login/39704.jpg,data/data-masc/xml/login/39704.xml
39729,Login,login,data/data-masc/screenshots/login/39729.jpg,data/data-masc/xml/login/39729.xml
39817,Login,login,data/data-masc/screenshots/login/39817.jpg,data/data-masc/xml/login/39817.xml
39830,Login,login,data/data-masc/screenshots/login/39830.jpg,data/data-masc/xml/login/39830.xml
40144,Login,login,data/data-masc/screenshots/login/40144.jpg,data/data-masc/xml/login/40144.xml
40261,Login,login,data/data-masc/screenshots/login/40261.jpg,data/data-masc/xml/login/40261.xml
40266,Login,login,data/data-masc/screenshots/login/40266.jpg,data/data-masc/xml/login/40266.xml
40336,Login,login,data/data-masc/screenshots/login/40336.jpg,data/data-masc/xml/login/40336.xml
40410,Login,login,data/data-masc/screenshots/login/40410.jpg,data/data-masc/xml/login/40410.xml
40446,Login,login,data/data-masc/screenshots/login/40446.jpg,data/data-masc/xml/login/40446.xml
40538,Login,login,data/data-masc/screenshots/login/40538.jpg,data/data-masc/xml/login/40538.xml
40540,Login,login,data/data-masc/screenshots/login/40540.jpg,data/data-masc/xml/login/40540.xml
40562,Login,login,data/data-masc/screenshots/login/40562.jpg,data/data-masc/xml/login/40562.xml
40568,Login,login,data/data-masc/screenshots/login/40568.jpg,data/data-masc/xml/login/40568.xml
40689,Login,login,data/data-masc/screenshots/login/40689.jpg,data/data-masc/xml/login/40689.xml
40881,Login,login,data/data-masc/screenshots/login/40881.jpg,data/data-masc/xml/login/40881.xml
40928,Login,login,data/data-masc/screenshots/login/40928.jpg,data/data-masc/xml/login/40928.xml
40945,Login,login,data/data-masc/screenshots/login/40945.jpg,data/data-masc/xml/login/40945.xml
41105,Login,login,data/data-masc/screenshots/login/41105.jpg,data/data-masc/xml/login/41105.xml
41419,Login,login,data/data-masc/screenshots/login/41419.jpg,data/data-masc/xml/login/41419.xml
41420,Login,login,data/data-masc/screenshots/login/41420.jpg,data/data-masc/xml/login/41420.xml
41472,Login,login,data/data-masc/screenshots/login/41472.jpg,data/data-masc/xml/login/41472.xml
41494,Login,login,data/data-masc/screenshots/login/41494.jpg,data/data-masc/xml/login/41494.xml
41638,Login,login,data/data-masc/screenshots/login/41638.jpg,data/data-masc/xml/login/41638.xml
41783,Login,login,data/data-masc/screenshots/login/41783.jpg,data/data-masc/xml/login/41783.xml
42067,Login,login,data/data-masc/screenshots/login/42067.jpg,data/data-masc/xml/login/42067.xml
42074,Login,login,data/data-masc/screenshots/login/42074.jpg,data/data-masc/xml/login/42074.xml
42122,Login,login,data/data-masc/screenshots/login/42122.jpg,data/data-masc/xml/login/42122.xml
42347,Login,login,data/data-masc/screenshots/login/42347.jpg,data/data-masc/xml/login/42347.xml
42485,Login,login,data/data-masc/screenshots/login/42485.jpg,data/data-masc/xml/login/42485.xml
42528,Login,login,data/data-masc/screenshots/login/42528.jpg,data/data-masc/xml/login/42528.xml
42624,Login,login,data/data-masc/screenshots/login/42624.jpg,data/data-masc/xml/login/42624.xml
42664,Login,login,data/data-masc/screenshots/login/42664.jpg,data/data-masc/xml/login/42664.xml
42715,Login,login,data/data-masc/screenshots/login/42715.jpg,data/data-masc/xml/login/42715.xml
42992,Login,login,data/data-masc/screenshots/login/42992.jpg,data/data-masc/xml/login/42992.xml
43003,Login,login,data/data-masc/screenshots/login/43003.jpg,data/data-masc/xml/login/43003.xml
43095,Login,login,data/data-masc/screenshots/login/43095.jpg,data/data-masc/xml/login/43095.xml
43173,Login,login,data/data-masc/screenshots/login/43173.jpg,data/data-masc/xml/login/43173.xml
43199,Login,login,data/data-masc/screenshots/login/43199.jpg,data/data-masc/xml/login/43199.xml
43386,Login,login,data/data-masc/screenshots/login/43386.jpg,data/data-masc/xml/login/43386.xml
43736,Login,login,data/data-masc/screenshots/login/43736.jpg,data/data-masc/xml/login/43736.xml
43874,Login,login,data/data-masc/screenshots/login/43874.jpg,data/data-masc/xml/login/43874.xml
43931,Login,login,data/data-masc/screenshots/login/43931.jpg,data/data-masc/xml/login/43931.xml
43958,Login,login,data/data-masc/screenshots/login/43958.jpg,data/data-masc/xml/login/43958.xml
44290,Login,login,data/data-masc/screenshots/login/44290.jpg,data/data-masc/xml/login/44290.xml
44370,Login,login,data/data-masc/screenshots/login/44370.jpg,data/data-masc/xml/login/44370.xml
44405,Login,login,data/data-masc/screenshots/login/44405.jpg,data/data-masc/xml/login/44405.xml
44466,Login,login,data/data-masc/screenshots/login/44466.jpg,data/data-masc/xml/login/44466.xml
44525,Login,login,data/data-masc/screenshots/login/44525.jpg,data/data-masc/xml/login/44525.xml
44535,Login,login,data/data-masc/screenshots/login/44535.jpg,data/data-masc/xml/login/44535.xml
44637,Login,login,data/data-masc/screenshots/login/44637.jpg,data/data-masc/xml/login/44637.xml
44660,Login,login,data/data-masc/screenshots/login/44660.jpg,data/data-masc/xml/login/44660.xml
44699,Login,login,data/data-masc/screenshots/login/44699.jpg,data/data-masc/xml/login/44699.xml
44721,Login,login,data/data-masc/screenshots/login/44721.jpg,data/data-masc/xml/login/44721.xml
44834,Login,login,data/data-masc/screenshots/login/44834.jpg,data/data-masc/xml/login/44834.xml
44875,Login,login,data/data-masc/screenshots/login/44875.jpg,data/data-masc/xml/login/44875.xml
45102,Login,login,data/data-masc/screenshots/login/45102.jpg,data/data-masc/xml/login/45102.xml
45252,Login,login,data/data-masc/screenshots/login/45252.jpg,data/data-masc/xml/login/45252.xml
45280,Login,login,data/data-masc/screenshots/login/45280.jpg,data/data-masc/xml/login/45280.xml
45373,Login,login,data/data-masc/screenshots/login/45373.jpg,data/data-masc/xml/login/45373.xml
45924,Login,login,data/data-masc/screenshots/login/45924.jpg,data/data-masc/xml/login/45924.xml
46302,Login,login,data/data-masc/screenshots/login/46302.jpg,data/data-masc/xml/login/46302.xml
46433,Login,login,data/data-masc/screenshots/login/46433.jpg,data/data-masc/xml/login/46433.xml
46607,Login,login,data/data-masc/screenshots/login/46607.jpg,data/data-masc/xml/login/46607.xml
46608,Login,login,data/data-masc/screenshots/login/46608.jpg,data/data-masc/xml/login/46608.xml
46883,Login,login,data/data-masc/screenshots/login/46883.jpg,data/data-masc/xml/login/46883.xml
46902,Login,login,data/data-masc/screenshots/login/46902.jpg,data/data-masc/xml/login/46902.xml
47206,Login,login,data/data-masc/screenshots/login/47206.jpg,data/data-masc/xml/login/47206.xml
47208,Login,login,data/data-masc/screenshots/login/47208.jpg,data/data-masc/xml/login/47208.xml
47319,Login,login,data/data-masc/screenshots/login/47319.jpg,data/data-masc/xml/login/47319.xml
47334,Login,login,data/data-masc/screenshots/login/47334.jpg,data/data-masc/xml/login/47334.xml
47338,Login,login,data/data-masc/screenshots/login/47338.jpg,data/data-masc/xml/login/47338.xml
47364,Login,login,data/data-masc/screenshots/login/47364.jpg,data/data-masc/xml/login/47364.xml
47489,Login,login,data/data-masc/screenshots/login/47489.jpg,data/data-masc/xml/login/47489.xml
47634,Login,login,data/data-masc/screenshots/login/47634.jpg,data/data-masc/xml/login/47634.xml
47635,Login,login,data/data-masc/screenshots/login/47635.jpg,data/data-masc/xml/login/47635.xml
47921,Login,login,data/data-masc/screenshots/login/47921.jpg,data/data-masc/xml/login/47921.xml
48072,Login,login,data/data-masc/screenshots/login/48072.jpg,data/data-masc/xml/login/48072.xml
48089,Login,login,data/data-masc/screenshots/login/48089.jpg,data/data-masc/xml/login/48089.xml
48303,Login,login,data/data-masc/screenshots/login/48303.jpg,data/data-masc/xml/login/48303.xml
48322,Login,login,data/data-masc/screenshots/login/48322.jpg,data/data-masc/xml/login/48322.xml
48874,Login,login,data/data-masc/screenshots/login/48874.jpg,data/data-masc/xml/login/48874.xml
49238,Login,login,data/data-masc/screenshots/login/49238.jpg,data/data-masc/xml/login/49238.xml
49245,Login,login,data/data-masc/screenshots/login/49245.jpg,data/data-masc/xml/login/49245.xml
49381,Login,login,data/data-masc/screenshots/login/49381.jpg,data/data-masc/xml/login/49381.xml
49426,Login,login,data/data-masc/screenshots/login/49426.jpg,data/data-masc/xml/login/49426.xml
49568,Login,login,data/data-masc/screenshots/login/49568.jpg,data/data-masc/xml/login/49568.xml
49571,Login,login,data/data-masc/screenshots/login/49571.jpg,data/data-masc/xml/login/49571.xml
49653,Login,login,data/data-masc/screenshots/login/49653.jpg,data/data-masc/xml/login/49653.xml
49744,Login,login,data/data-masc/screenshots/login/49744.jpg,data/data-masc/xml/login/49744.xml
49999,Login,login,data/data-masc/screenshots/login/49999.jpg,data/data-masc/xml/login/49999.xml
50087,Login,login,data/data-masc/screenshots/login/50087.jpg,data/data-masc/xml/login/50087.xml
50236,Login,login,data/data-masc/screenshots/login/50236.jpg,data/data-masc/xml/login/50236.xml
50280,Login,login,data/data-masc/screenshots/login/50280.jpg,data/data-masc/xml/login/50280.xml
50559,Login,login,data/data-masc/screenshots/login/50559.jpg,data/data-masc/xml/login/50559.xml
50640,Login,login,data/data-masc/screenshots/login/50640.jpg,data/data-masc/xml/login/50640.xml
50769,Login,login,data/data-masc/screenshots/login/50769.jpg,data/data-masc/xml/login/50769.xml
50919,Login,login,data/data-masc/screenshots/login/50919.jpg,data/data-masc/xml/login/50919.xml
51137,Login,login,data/data-masc/screenshots/login/51137.jpg,data/data-masc/xml/login/51137.xml
51204,Login,login,data/data-masc/screenshots/login/51204.jpg,data/data-masc/xml/login/51204.xml
51370,Login,login,data/data-masc/screenshots/login/51370.jpg,data/data-masc/xml/login/51370.xml
51467,Login,login,data/data-masc/screenshots/login/51467.jpg,data/data-masc/xml/login/51467.xml
51498,Login,login,data/data-masc/screenshots/login/51498.jpg,data/data-masc/xml/login/51498.xml
51501,Login,login,data/data-masc/screenshots/login/51501.jpg,data/data-masc/xml/login/51501.xml
51551,Login,login,data/data-masc/screenshots/login/51551.jpg,data/data-masc/xml/login/51551.xml
51647,Login,login,data/data-masc/screenshots/login/51647.jpg,data/data-masc/xml/login/51647.xml
51648,Login,login,data/data-masc/screenshots/login/51648.jpg,data/data-masc/xml/login/51648.xml
51728,Login,login,data/data-masc/screenshots/login/51728.jpg,data/data-masc/xml/login/51728.xml
51753,Login,login,data/data-masc/screenshots/login/51753.jpg,data/data-masc/xml/login/51753.xml
51755,Login,login,data/data-masc/screenshots/login/51755.jpg,data/data-masc/xml/login/51755.xml
51912,Login,login,data/data-masc/screenshots/login/51912.jpg,data/data-masc/xml/login/51912.xml
51947,Login,login,data/data-masc/screenshots/login/51947.jpg,data/data-masc/xml/login/51947.xml
51963,Login,login,data/data-masc/screenshots/login/51963.jpg,data/data-masc/xml/login/51963.xml
52034,Login,login,data/data-masc/screenshots/login/52034.jpg,data/data-masc/xml/login/52034.xml
52065,Login,login,data/data-masc/screenshots/login/52065.jpg,data/data-masc/xml/login/52065.xml
52424,Login,login,data/data-masc/screenshots/login/52424.jpg,data/data-masc/xml/login/52424.xml
52522,Login,login,data/data-masc/screenshots/login/52522.jpg,data/data-masc/xml/login/52522.xml
52595,Login,login,data/data-masc/screenshots/login/52595.jpg,data/data-masc/xml/login/52595.xml
52616,Login,login,data/data-masc/screenshots/login/52616.jpg,data/data-masc/xml/login/52616.xml
52980,Login,login,data/data-masc/screenshots/login/52980.jpg,data/data-masc/xml/login/52980.xml
53102,Login,login,data/data-masc/screenshots/login/53102.jpg,data/data-masc/xml/login/53102.xml
53184,Login,login,data/data-masc/screenshots/login/53184.jpg,data/data-masc/xml/login/53184.xml
53189,Login,login,data/data-masc/screenshots/login/53189.jpg,data/data-masc/xml/login/53189.xml
53268,Login,login,data/data-masc/screenshots/login/53268.jpg,data/data-masc/xml/login/53268.xml
53491,Login,login,data/data-masc/screenshots/login/53491.jpg,data/data-masc/xml/login/53491.xml
54677,Login,login,data/data-masc/screenshots/login/54677.jpg,data/data-masc/xml/login/54677.xml
54742,Login,login,data/data-masc/screenshots/login/54742.jpg,data/data-masc/xml/login/54742.xml
54744,Login,login,data/data-masc/screenshots/login/54744.jpg,data/data-masc/xml/login/54744.xml
55188,Login,login,data/data-masc/screenshots/login/55188.jpg,data/data-masc/xml/login/55188.xml
55288,Login,login,data/data-masc/screenshots/login/55288.jpg,data/data-masc/xml/login/55288.xml
55420,Login,login,data/data-masc/screenshots/login/55420.jpg,data/data-masc/xml/login/55420.xml
55476,Login,login,data/data-masc/screenshots/login/55476.jpg,data/data-masc/xml/login/55476.xml
55479,Login,login,data/data-masc/screenshots/login/55479.jpg,data/data-masc/xml/login/55479.xml
55806,Login,login,data/data-masc/screenshots/login/55806.jpg,data/data-masc/xml/login/55806.xml
56017,Login,login,data/data-masc/screenshots/login/56017.jpg,data/data-masc/xml/login/56017.xml
56233,Login,login,data/data-masc/screenshots/login/56233.jpg,data/data-masc/xml/login/56233.xml
56409,Login,login,data/data-masc/screenshots/login/56409.jpg,data/data-masc/xml/login/56409.xml
57127,Login,login,data/data-masc/screenshots/login/57127.jpg,data/data-masc/xml/login/57127.xml
57151,Login,login,data/data-masc/screenshots/login/57151.jpg,data/data-masc/xml/login/57151.xml
57266,Login,login,data/data-masc/screenshots/login/57266.jpg,data/data-masc/xml/login/57266.xml
57305,Login,login,data/data-masc/screenshots/login/57305.jpg,data/data-masc/xml/login/57305.xml
57322,Login,login,data/data-masc/screenshots/login/57322.jpg,data/data-masc/xml/login/57322.xml
57329,Login,login,data/data-masc/screenshots/login/57329.jpg,data/data-masc/xml/login/57329.xml
57566,Login,login,data/data-masc/screenshots/login/57566.jpg,data/data-masc/xml/login/57566.xml
57639,Login,login,data/data-masc/screenshots/login/57639.jpg,data/data-masc/xml/login/57639.xml
57642,Login,login,data/data-masc/screenshots/login/57642.jpg,data/data-masc/xml/login/57642.xml
57743,Login,login,data/data-masc/screenshots/login/57743.jpg,data/data-masc/xml/login/57743.xml
57985,Login,login,data/data-masc/screenshots/login/57985.jpg,data/data-masc/xml/login/57985.xml
58500,Login,login,data/data-masc/screenshots/login/58500.jpg,data/data-masc/xml/login/58500.xml
58516,Login,login,data/data-masc/screenshots/login/58516.jpg,data/data-masc/xml/login/58516.xml
58538,Login,login,data/data-masc/screenshots/login/58538.jpg,data/data-masc/xml/login/58538.xml
58547,Login,login,data/data-masc/screenshots/login/58547.jpg,data/data-masc/xml/login/58547.xml
58667,Login,login,data/data-masc/screenshots/login/58667.jpg,data/data-masc/xml/login/58667.xml
58767,Login,login,data/data-masc/screenshots/login/58767.jpg,data/data-masc/xml/login/58767.xml
58933,Login,login,data/data-masc/screenshots/login/58933.jpg,data/data-masc/xml/login/58933.xml
59030,Login,login,data/data-masc/screenshots/login/59030.jpg,data/data-masc/xml/login/59030.xml
59100,Login,login,data/data-masc/screenshots/login/59100.jpg,data/data-masc/xml/login/59100.xml
59354,Login,login,data/data-masc/screenshots/login/59354.jpg,data/data-masc/xml/login/59354.xml
59357,Login,login,data/data-masc/screenshots/login/59357.jpg,data/data-masc/xml/login/59357.xml
59484,Login,login,data/data-masc/screenshots/login/59484.jpg,data/data-masc/xml/login/59484.xml
59514,Login,login,data/data-masc/screenshots/login/59514.jpg,data/data-masc/xml/login/59514.xml
59519,Login,login,data/data-masc/screenshots/login/59519.jpg,data/data-masc/xml/login/59519.xml
59697,Login,login,data/data-masc/screenshots/login/59697.jpg,data/data-masc/xml/login/59697.xml
59731,Login,login,data/data-masc/screenshots/login/59731.jpg,data/data-masc/xml/login/59731.xml
59738,Login,login,data/data-masc/screenshots/login/59738.jpg,data/data-masc/xml/login/59738.xml
59821,Login,login,data/data-masc/screenshots/login/59821.jpg,data/data-masc/xml/login/59821.xml
60403,Login,login,data/data-masc/screenshots/login/60403.jpg,data/data-masc/xml/login/60403.xml
60406,Login,login,data/data-masc/screenshots/login/60406.jpg,data/data-masc/xml/login/60406.xml
60408,Login,login,data/data-masc/screenshots/login/60408.jpg,data/data-masc/xml/login/60408.xml
60554,Login,login,data/data-masc/screenshots/login/60554.jpg,data/data-masc/xml/login/60554.xml
60737,Login,login,data/data-masc/screenshots/login/60737.jpg,data/data-masc/xml/login/60737.xml
60770,Login,login,data/data-masc/screenshots/login/60770.jpg,data/data-masc/xml/login/60770.xml
60894,Login,login,data/data-masc/screenshots/login/60894.jpg,data/data-masc/xml/login/60894.xml
60958,Login,login,data/data-masc/screenshots/login/60958.jpg,data/data-masc/xml/login/60958.xml
61094,Login,login,data/data-masc/screenshots/login/61094.jpg,data/data-masc/xml/login/61094.xml
61528,Login,login,data/data-masc/screenshots/login/61528.jpg,data/data-masc/xml/login/61528.xml
62022,Login,login,data/data-masc/screenshots/login/62022.jpg,data/data-masc/xml/login/62022.xml
62097,Login,login,data/data-masc/screenshots/login/62097.jpg,data/data-masc/xml/login/62097.xml
62173,Login,login,data/data-masc/screenshots/login/62173.jpg,data/data-masc/xml/login/62173.xml
62189,Login,login,data/data-masc/screenshots/login/62189.jpg,data/data-masc/xml/login/62189.xml
62257,Login,login,data/data-masc/screenshots/login/62257.jpg,data/data-masc/xml/login/62257.xml
62314,Login,login,data/data-masc/screenshots/login/62314.jpg,data/data-masc/xml/login/62314.xml
62506,Login,login,data/data-masc/screenshots/login/62506.jpg,data/data-masc/xml/login/62506.xml
62735,Login,login,data/data-masc/screenshots/login/62735.jpg,data/data-masc/xml/login/62735.xml
63187,Login,login,data/data-masc/screenshots/login/63187.jpg,data/data-masc/xml/login/63187.xml
63382,Login,login,data/data-masc/screenshots/login/63382.jpg,data/data-masc/xml/login/63382.xml
63418,Login,login,data/data-masc/screenshots/login/63418.jpg,data/data-masc/xml/login/63418.xml
63429,Login,login,data/data-masc/screenshots/login/63429.jpg,data/data-masc/xml/login/63429.xml
63638,Login,login,data/data-masc/screenshots/login/63638.jpg,data/data-masc/xml/login/63638.xml
63970,Login,login,data/data-masc/screenshots/login/63970.jpg,data/data-masc/xml/login/63970.xml
64002,Login,login,data/data-masc/screenshots/login/64002.jpg,data/data-masc/xml/login/64002.xml
64005,Login,login,data/data-masc/screenshots/login/64005.jpg,data/data-masc/xml/login/64005.xml
64013,Login,login,data/data-masc/screenshots/login/64013.jpg,data/data-masc/xml/login/64013.xml
64040,Login,login,data/data-masc/screenshots/login/64040.jpg,data/data-masc/xml/login/64040.xml
64131,Login,login,data/data-masc/screenshots/login/64131.jpg,data/data-masc/xml/login/64131.xml
64133,Login,login,data/data-masc/screenshots/login/64133.jpg,data/data-masc/xml/login/64133.xml
64171,Login,login,data/data-masc/screenshots/login/64171.jpg,data/data-masc/xml/login/64171.xml
64213,Login,login,data/data-masc/screenshots/login/64213.jpg,data/data-masc/xml/login/64213.xml
64354,Login,login,data/data-masc/screenshots/login/64354.jpg,data/data-masc/xml/login/64354.xml
64448,Login,login,data/data-masc/screenshots/login/64448.jpg,data/data-masc/xml/login/64448.xml
64453,Login,login,data/data-masc/screenshots/login/64453.jpg,data/data-masc/xml/login/64453.xml
64513,Login,login,data/data-masc/screenshots/login/64513.jpg,data/data-masc/xml/login/64513.xml
64656,Login,login,data/data-masc/screenshots/login/64656.jpg,data/data-masc/xml/login/64656.xml
64671,Login,login,data/data-masc/screenshots/login/64671.jpg,data/data-masc/xml/login/64671.xml
64685,Login,login,data/data-masc/screenshots/login/64685.jpg,data/data-masc/xml/login/64685.xml
64705,Login,login,data/data-masc/screenshots/login/64705.jpg,data/data-masc/xml/login/64705.xml
64767,Login,login,data/data-masc/screenshots/login/64767.jpg,data/data-masc/xml/login/64767.xml
64931,Login,login,data/data-masc/screenshots/login/64931.jpg,data/data-masc/xml/login/64931.xml
64991,Login,login,data/data-masc/screenshots/login/64991.jpg,data/data-masc/xml/login/64991.xml
65201,Login,login,data/data-masc/screenshots/login/65201.jpg,data/data-masc/xml/login/65201.xml
65235,Login,login,data/data-masc/screenshots/login/65235.jpg,data/data-masc/xml/login/65235.xml
65239,Login,login,data/data-masc/screenshots/login/65239.jpg,data/data-masc/xml/login/65239.xml
65621,Login,login,data/data-masc/screenshots/login/65621.jpg,data/data-masc/xml/login/65621.xml
65674,Login,login,data/data-masc/screenshots/login/65674.jpg,data/data-masc/xml/login/65674.xml
65765,Login,login,data/data-masc/screenshots/login/65765.jpg,data/data-masc/xml/login/65765.xml
65775,Login,login,data/data-masc/screenshots/login/65775.jpg,data/data-masc/xml/login/65775.xml
65997,Login,login,data/data-masc/screenshots/login/65997.jpg,data/data-masc/xml/login/65997.xml
66112,Login,login,data/data-masc/screenshots/login/66112.jpg,data/data-masc/xml/login/66112.xml
66268,Login,login,data/data-masc/screenshots/login/66268.jpg,data/data-masc/xml/login/66268.xml
66403,Login,login,data/data-masc/screenshots/login/66403.jpg,data/data-masc/xml/login/66403.xml
66407,Login,login,data/data-masc/screenshots/login/66407.jpg,data/data-masc/xml/login/66407.xml
66506,Login,login,data/data-masc/screenshots/login/66506.jpg,data/data-masc/xml/login/66506.xml
66509,Login,login,data/data-masc/screenshots/login/66509.jpg,data/data-masc/xml/login/66509.xml
66551,Login,login,data/data-masc/screenshots/login/66551.jpg,data/data-masc/xml/login/66551.xml
66861,Login,login,data/data-masc/screenshots/login/66861.jpg,data/data-masc/xml/login/66861.xml
66893,Login,login,data/data-masc/screenshots/login/66893.jpg,data/data-masc/xml/login/66893.xml
66905,Login,login,data/data-masc/screenshots/login/66905.jpg,data/data-masc/xml/login/66905.xml
66941,Login,login,data/data-masc/screenshots/login/66941.jpg,data/data-masc/xml/login/66941.xml
66995,Login,login,data/data-masc/screenshots/login/66995.jpg,data/data-masc/xml/login/66995.xml
67147,Login,login,data/data-masc/screenshots/login/67147.jpg,data/data-masc/xml/login/67147.xml
67467,Login,login,data/data-masc/screenshots/login/67467.jpg,data/data-masc/xml/login/67467.xml
67569,Login,login,data/data-masc/screenshots/login/67569.jpg,data/data-masc/xml/login/67569.xml
67570,Login,login,data/data-masc/screenshots/login/67570.jpg,data/data-masc/xml/login/67570.xml
67720,Login,login,data/data-masc/screenshots/login/67720.jpg,data/data-masc/xml/login/67720.xml
67820,Login,login,data/data-masc/screenshots/login/67820.jpg,data/data-masc/xml/login/67820.xml
67956,Login,login,data/data-masc/screenshots/login/67956.jpg,data/data-masc/xml/login/67956.xml
68054,Login,login,data/data-masc/screenshots/login/68054.jpg,data/data-masc/xml/login/68054.xml
68077,Login,login,data/data-masc/screenshots/login/68077.jpg,data/data-masc/xml/login/68077.xml
68278,Login,login,data/data-masc/screenshots/login/68278.jpg,data/data-masc/xml/login/68278.xml
68288,Login,login,data/data-masc/screenshots/login/68288.jpg,data/data-masc/xml/login/68288.xml
68460,Login,login,data/data-masc/screenshots/login/68460.jpg,data/data-masc/xml/login/68460.xml
68531,Login,login,data/data-masc/screenshots/login/68531.jpg,data/data-masc/xml/login/68531.xml
68864,Login,login,data/data-masc/screenshots/login/68864.jpg,data/data-masc/xml/login/68864.xml
69017,Login,login,data/data-masc/screenshots/login/69017.jpg,data/data-masc/xml/login/69017.xml
69286,Login,login,data/data-masc/screenshots/login/69286.jpg,data/data-masc/xml/login/69286.xml
69293,Login,login,data/data-masc/screenshots/login/69293.jpg,data/data-masc/xml/login/69293.xml
69335,Login,login,data/data-masc/screenshots/login/69335.jpg,data/data-masc/xml/login/69335.xml
69504,Login,login,data/data-masc/screenshots/login/69504.jpg,data/data-masc/xml/login/69504.xml
69510,Login,login,data/data-masc/screenshots/login/69510.jpg,data/data-masc/xml/login/69510.xml
69516,Login,login,data/data-masc/screenshots/login/69516.jpg,data/data-masc/xml/login/69516.xml
69551,Login,login,data/data-masc/screenshots/login/69551.jpg,data/data-masc/xml/login/69551.xml
69842,Login,login,data/data-masc/screenshots/login/69842.jpg,data/data-masc/xml/login/69842.xml
69913,Login,login,data/data-masc/screenshots/login/69913.jpg,data/data-masc/xml/login/69913.xml
69932,Login,login,data/data-masc/screenshots/login/69932.jpg,data/data-masc/xml/login/69932.xml
70342,Login,login,data/data-masc/screenshots/login/70342.jpg,data/data-masc/xml/login/70342.xml
70599,Login,login,data/data-masc/screenshots/login/70599.jpg,data/data-masc/xml/login/70599.xml
70650,Login,login,data/data-masc/screenshots/login/70650.jpg,data/data-masc/xml/login/70650.xml
71126,Login,login,data/data-masc/screenshots/login/71126.jpg,data/data-masc/xml/login/71126.xml
71309,Login,login,data/data-masc/screenshots/login/71309.jpg,data/data-masc/xml/login/71309.xml
71317,Login,login,data/data-masc/screenshots/login/71317.jpg,data/data-masc/xml/login/71317.xml
71558,Login,login,data/data-masc/screenshots/login/71558.jpg,data/data-masc/xml/login/71558.xml
71664,Login,login,data/data-masc/screenshots/login/71664.jpg,data/data-masc/xml/login/71664.xml
71675,Login,login,data/data-masc/screenshots/login/71675.jpg,data/data-masc/xml/login/71675.xml
71858,Login,login,data/data-masc/screenshots/login/71858.jpg,data/data-masc/xml/login/71858.xml
71864,Login,login,data/data-masc/screenshots/login/71864.jpg,data/data-masc/xml/login/71864.xml
71875,Login,login,data/data-masc/screenshots/login/71875.jpg,data/data-masc/xml/login/71875.xml
71880,Login,login,data/data-masc/screenshots/login/71880.jpg,data/data-masc/xml/login/71880.xml
26,Map,maps,data/data-masc/screenshots/maps/26.jpg,data/data-masc/xml/maps/26.xml
174,Map,maps,data/data-masc/screenshots/maps/174.jpg,data/data-masc/xml/maps/174.xml
230,Map,maps,data/data-masc/screenshots/maps/230.jpg,data/data-masc/xml/maps/230.xml
240,Map,maps,data/data-masc/screenshots/maps/240.jpg,data/data-masc/xml/maps/240.xml
453,Map,maps,data/data-masc/screenshots/maps/453.jpg,data/data-masc/xml/maps/453.xml
527,Map,maps,data/data-masc/screenshots/maps/527.jpg,data/data-masc/xml/maps/527.xml
837,Map,maps,data/data-masc/screenshots/maps/837.jpg,data/data-masc/xml/maps/837.xml
881,Map,maps,data/data-masc/screenshots/maps/881.jpg,data/data-masc/xml/maps/881.xml
1191,Map,maps,data/data-masc/screenshots/maps/1191.jpg,data/data-masc/xml/maps/1191.xml
1206,Map,maps,data/data-masc/screenshots/maps/1206.jpg,data/data-masc/xml/maps/1206.xml
1207,Map,maps,data/data-masc/screenshots/maps/1207.jpg,data/data-masc/xml/maps/1207.xml
1694,Map,maps,data/data-masc/screenshots/maps/1694.jpg,data/data-masc/xml/maps/1694.xml
1755,Map,maps,data/data-masc/screenshots/maps/1755.jpg,data/data-masc/xml/maps/1755.xml
1756,Map,maps,data/data-masc/screenshots/maps/1756.jpg,data/data-masc/xml/maps/1756.xml
1796,Map,maps,data/data-masc/screenshots/maps/1796.jpg,data/data-masc/xml/maps/1796.xml
2003,Map,maps,data/data-masc/screenshots/maps/2003.jpg,data/data-masc/xml/maps/2003.xml
2004,Map,maps,data/data-masc/screenshots/maps/2004.jpg,data/data-masc/xml/maps/2004.xml
2129,Map,maps,data/data-masc/screenshots/maps/2129.jpg,data/data-masc/xml/maps/2129.xml
2211,Map,maps,data/data-masc/screenshots/maps/2211.jpg,data/data-masc/xml/maps/2211.xml
3086,Map,maps,data/data-masc/screenshots/maps/3086.jpg,data/data-masc/xml/maps/3086.xml
3094,Map,maps,data/data-masc/screenshots/maps/3094.jpg,data/data-masc/xml/maps/3094.xml
3735,Map,maps,data/data-masc/screenshots/maps/3735.jpg,data/data-masc/xml/maps/3735.xml
3738,Map,maps,data/data-masc/screenshots/maps/3738.jpg,data/data-masc/xml/maps/3738.xml
3743,Map,maps,data/data-masc/screenshots/maps/3743.jpg,data/data-masc/xml/maps/3743.xml
3863,Map,maps,data/data-masc/screenshots/maps/3863.jpg,data/data-masc/xml/maps/3863.xml
3978,Map,maps,data/data-masc/screenshots/maps/3978.jpg,data/data-masc/xml/maps/3978.xml
4008,Map,maps,data/data-masc/screenshots/maps/4008.jpg,data/data-masc/xml/maps/4008.xml
4020,Map,maps,data/data-masc/screenshots/maps/4020.jpg,data/data-masc/xml/maps/4020.xml
4024,Map,maps,data/data-masc/screenshots/maps/4024.jpg,data/data-masc/xml/maps/4024.xml
4173,Map,maps,data/data-masc/screenshots/maps/4173.jpg,data/data-masc/xml/maps/4173.xml
4182,Map,maps,data/data-masc/screenshots/maps/4182.jpg,data/data-masc/xml/maps/4182.xml
4317,Map,maps,data/data-masc/screenshots/maps/4317.jpg,data/data-masc/xml/maps/4317.xml
4342,Map,maps,data/data-masc/screenshots/maps/4342.jpg,data/data-masc/xml/maps/4342.xml
4349,Map,maps,data/data-masc/screenshots/maps/4349.jpg,data/data-masc/xml/maps/4349.xml
4806,Map,maps,data/data-masc/screenshots/maps/4806.jpg,data/data-masc/xml/maps/4806.xml
5003,Map,maps,data/data-masc/screenshots/maps/5003.jpg,data/data-masc/xml/maps/5003.xml
5016,Map,maps,data/data-masc/screenshots/maps/5016.jpg,data/data-masc/xml/maps/5016.xml
5042,Map,maps,data/data-masc/screenshots/maps/5042.jpg,data/data-masc/xml/maps/5042.xml
5051,Map,maps,data/data-masc/screenshots/maps/5051.jpg,data/data-masc/xml/maps/5051.xml
5053,Map,maps,data/data-masc/screenshots/maps/5053.jpg,data/data-masc/xml/maps/5053.xml
5063,Map,maps,data/data-masc/screenshots/maps/5063.jpg,data/data-masc/xml/maps/5063.xml
5493,Map,maps,data/data-masc/screenshots/maps/5493.jpg,data/data-masc/xml/maps/5493.xml
5561,Map,maps,data/data-masc/screenshots/maps/5561.jpg,data/data-masc/xml/maps/5561.xml
5622,Map,maps,data/data-masc/screenshots/maps/5622.jpg,data/data-masc/xml/maps/5622.xml
6170,Map,maps,data/data-masc/screenshots/maps/6170.jpg,data/data-masc/xml/maps/6170.xml
6901,Map,maps,data/data-masc/screenshots/maps/6901.jpg,data/data-masc/xml/maps/6901.xml
7020,Map,maps,data/data-masc/screenshots/maps/7020.jpg,data/data-masc/xml/maps/7020.xml
7045,Map,maps,data/data-masc/screenshots/maps/7045.jpg,data/data-masc/xml/maps/7045.xml
7046,Map,maps,data/data-masc/screenshots/maps/7046.jpg,data/data-masc/xml/maps/7046.xml
7084,Map,maps,data/data-masc/screenshots/maps/7084.jpg,data/data-masc/xml/maps/7084.xml
7396,Map,maps,data/data-masc/screenshots/maps/7396.jpg,data/data-masc/xml/maps/7396.xml
7886,Map,maps,data/data-masc/screenshots/maps/7886.jpg,data/data-masc/xml/maps/7886.xml
8264,Map,maps,data/data-masc/screenshots/maps/8264.jpg,data/data-masc/xml/maps/8264.xml
8318,Map,maps,data/data-masc/screenshots/maps/8318.jpg,data/data-masc/xml/maps/8318.xml
8485,Map,maps,data/data-masc/screenshots/maps/8485.jpg,data/data-masc/xml/maps/8485.xml
9916,Map,maps,data/data-masc/screenshots/maps/9916.jpg,data/data-masc/xml/maps/9916.xml
10023,Map,maps,data/data-masc/screenshots/maps/10023.jpg,data/data-masc/xml/maps/10023.xml
10031,Map,maps,data/data-masc/screenshots/maps/10031.jpg,data/data-masc/xml/maps/10031.xml
10616,Map,maps,data/data-masc/screenshots/maps/10616.jpg,data/data-masc/xml/maps/10616.xml
10685,Map,maps,data/data-masc/screenshots/maps/10685.jpg,data/data-masc/xml/maps/10685.xml
10737,Map,maps,data/data-masc/screenshots/maps/10737.jpg,data/data-masc/xml/maps/10737.xml
10762,Map,maps,data/data-masc/screenshots/maps/10762.jpg,data/data-masc/xml/maps/10762.xml
10925,Map,maps,data/data-masc/screenshots/maps/10925.jpg,data/data-masc/xml/maps/10925.xml
11055,Map,maps,data/data-masc/screenshots/maps/11055.jpg,data/data-masc/xml/maps/11055.xml
11059,Map,maps,data/data-masc/screenshots/maps/11059.jpg,data/data-masc/xml/maps/11059.xml
11144,Map,maps,data/data-masc/screenshots/maps/11144.jpg,data/data-masc/xml/maps/11144.xml
11620,Map,maps,data/data-masc/screenshots/maps/11620.jpg,data/data-masc/xml/maps/11620.xml
11750,Map,maps,data/data-masc/screenshots/maps/11750.jpg,data/data-masc/xml/maps/11750.xml
11890,Map,maps,data/data-masc/screenshots/maps/11890.jpg,data/data-masc/xml/maps/11890.xml
11891,Map,maps,data/data-masc/screenshots/maps/11891.jpg,data/data-masc/xml/maps/11891.xml
11892,Map,maps,data/data-masc/screenshots/maps/11892.jpg,data/data-masc/xml/maps/11892.xml
11898,Map,maps,data/data-masc/screenshots/maps/11898.jpg,data/data-masc/xml/maps/11898.xml
12029,Map,maps,data/data-masc/screenshots/maps/12029.jpg,data/data-masc/xml/maps/12029.xml
12030,Map,maps,data/data-masc/screenshots/maps/12030.jpg,data/data-masc/xml/maps/12030.xml
12074,Map,maps,data/data-masc/screenshots/maps/12074.jpg,data/data-masc/xml/maps/12074.xml
12189,Map,maps,data/data-masc/screenshots/maps/12189.jpg,data/data-masc/xml/maps/12189.xml
12327,Map,maps,data/data-masc/screenshots/maps/12327.jpg,data/data-masc/xml/maps/12327.xml
12390,Map,maps,data/data-masc/screenshots/maps/12390.jpg,data/data-masc/xml/maps/12390.xml
12398,Map,maps,data/data-masc/screenshots/maps/12398.jpg,data/data-masc/xml/maps/12398.xml
12949,Map,maps,data/data-masc/screenshots/maps/12949.jpg,data/data-masc/xml/maps/12949.xml
13160,Map,maps,data/data-masc/screenshots/maps/13160.jpg,data/data-masc/xml/maps/13160.xml
13257,Map,maps,data/data-masc/screenshots/maps/13257.jpg,data/data-masc/xml/maps/13257.xml
13259,Map,maps,data/data-masc/screenshots/maps/13259.jpg,data/data-masc/xml/maps/13259.xml
14019,Map,maps,data/data-masc/screenshots/maps/14019.jpg,data/data-masc/xml/maps/14019.xml
14747,Map,maps,data/data-masc/screenshots/maps/14747.jpg,data/data-masc/xml/maps/14747.xml
14748,Map,maps,data/data-masc/screenshots/maps/14748.jpg,data/data-masc/xml/maps/14748.xml
14750,Map,maps,data/data-masc/screenshots/maps/14750.jpg,data/data-masc/xml/maps/14750.xml
14771,Map,maps,data/data-masc/screenshots/maps/14771.jpg,data/data-masc/xml/maps/14771.xml
14774,Map,maps,data/data-masc/screenshots/maps/14774.jpg,data/data-masc/xml/maps/14774.xml
14777,Map,maps,data/data-masc/screenshots/maps/14777.jpg,data/data-masc/xml/maps/14777.xml
14808,Map,maps,data/data-masc/screenshots/maps/14808.jpg,data/data-masc/xml/maps/14808.xml
14833,Map,maps,data/data-masc/screenshots/maps/14833.jpg,data/data-masc/xml/maps/14833.xml
14848,Map,maps,data/data-masc/screenshots/maps/14848.jpg,data/data-masc/xml/maps/14848.xml
14853,Map,maps,data/data-masc/screenshots/maps/14853.jpg,data/data-masc/xml/maps/14853.xml
14907,Map,maps,data/data-masc/screenshots/maps/14907.jpg,data/data-masc/xml/maps/14907.xml
14908,Map,maps,data/data-masc/screenshots/maps/14908.jpg,data/data-masc/xml/maps/14908.xml
14961,Map,maps,data/data-masc/screenshots/maps/14961.jpg,data/data-masc/xml/maps/14961.xml
14963,Map,maps,data/data-masc/screenshots/maps/14963.jpg,data/data-masc/xml/maps/14963.xml
14965,Map,maps,data/data-masc/screenshots/maps/14965.jpg,data/data-masc/xml/maps/14965.xml
14966,Map,maps,data/data-masc/screenshots/maps/14966.jpg,data/data-masc/xml/maps/14966.xml
15125,Map,maps,data/data-masc/screenshots/maps/15125.jpg,data/data-masc/xml/maps/15125.xml
15127,Map,maps,data/data-masc/screenshots/maps/15127.jpg,data/data-masc/xml/maps/15127.xml
15134,Map,maps,data/data-masc/screenshots/maps/15134.jpg,data/data-masc/xml/maps/15134.xml
15139,Map,maps,data/data-masc/screenshots/maps/15139.jpg,data/data-masc/xml/maps/15139.xml
15184,Map,maps,data/data-masc/screenshots/maps/15184.jpg,data/data-masc/xml/maps/15184.xml
15195,Map,maps,data/data-masc/screenshots/maps/15195.jpg,data/data-masc/xml/maps/15195.xml
15287,Map,maps,data/data-masc/screenshots/maps/15287.jpg,data/data-masc/xml/maps/15287.xml
15958,Map,maps,data/data-masc/screenshots/maps/15958.jpg,data/data-masc/xml/maps/15958.xml
15963,Map,maps,data/data-masc/screenshots/maps/15963.jpg,data/data-masc/xml/maps/15963.xml
16294,Map,maps,data/data-masc/screenshots/maps/16294.jpg,data/data-masc/xml/maps/16294.xml
16311,Map,maps,data/data-masc/screenshots/maps/16311.jpg,data/data-masc/xml/maps/16311.xml
16321,Map,maps,data/data-masc/screenshots/maps/16321.jpg,data/data-masc/xml/maps/16321.xml
16734,Map,maps,data/data-masc/screenshots/maps/16734.jpg,data/data-masc/xml/maps/16734.xml
16742,Map,maps,data/data-masc/screenshots/maps/16742.jpg,data/data-masc/xml/maps/16742.xml
16743,Map,maps,data/data-masc/screenshots/maps/16743.jpg,data/data-masc/xml/maps/16743.xml
16837,Map,maps,data/data-masc/screenshots/maps/16837.jpg,data/data-masc/xml/maps/16837.xml
16883,Map,maps,data/data-masc/screenshots/maps/16883.jpg,data/data-masc/xml/maps/16883.xml
16887,Map,maps,data/data-masc/screenshots/maps/16887.jpg,data/data-masc/xml/maps/16887.xml
16890,Map,maps,data/data-masc/screenshots/maps/16890.jpg,data/data-masc/xml/maps/16890.xml
16892,Map,maps,data/data-masc/screenshots/maps/16892.jpg,data/data-masc/xml/maps/16892.xml
16898,Map,maps,data/data-masc/screenshots/maps/16898.jpg,data/data-masc/xml/maps/16898.xml
16911,Map,maps,data/data-masc/screenshots/maps/16911.jpg,data/data-masc/xml/maps/16911.xml
16913,Map,maps,data/data-masc/screenshots/maps/16913.jpg,data/data-masc/xml/maps/16913.xml
16915,Map,maps,data/data-masc/screenshots/maps/16915.jpg,data/data-masc/xml/maps/16915.xml
17033,Map,maps,data/data-masc/screenshots/maps/17033.jpg,data/data-masc/xml/maps/17033.xml
17036,Map,maps,data/data-masc/screenshots/maps/17036.jpg,data/data-masc/xml/maps/17036.xml
17101,Map,maps,data/data-masc/screenshots/maps/17101.jpg,data/data-masc/xml/maps/17101.xml
17107,Map,maps,data/data-masc/screenshots/maps/17107.jpg,data/data-masc/xml/maps/17107.xml
17347,Map,maps,data/data-masc/screenshots/maps/17347.jpg,data/data-masc/xml/maps/17347.xml
17550,Map,maps,data/data-masc/screenshots/maps/17550.jpg,data/data-masc/xml/maps/17550.xml
17638,Map,maps,data/data-masc/screenshots/maps/17638.jpg,data/data-masc/xml/maps/17638.xml
17684,Map,maps,data/data-masc/screenshots/maps/17684.jpg,data/data-masc/xml/maps/17684.xml
17721,Map,maps,data/data-masc/screenshots/maps/17721.jpg,data/data-masc/xml/maps/17721.xml
17724,Map,maps,data/data-masc/screenshots/maps/17724.jpg,data/data-masc/xml/maps/17724.xml
17727,Map,maps,data/data-masc/screenshots/maps/17727.jpg,data/data-masc/xml/maps/17727.xml
17884,Map,maps,data/data-masc/screenshots/maps/17884.jpg,data/data-masc/xml/maps/17884.xml
18068,Map,maps,data/data-masc/screenshots/maps/18068.jpg,data/data-masc/xml/maps/18068.xml
18073,Map,maps,data/data-masc/screenshots/maps/18073.jpg,data/data-masc/xml/maps/18073.xml
18604,Map,maps,data/data-masc/screenshots/maps/18604.jpg,data/data-masc/xml/maps/18604.xml
18975,Map,maps,data/data-masc/screenshots/maps/18975.jpg,data/data-masc/xml/maps/18975.xml
19060,Map,maps,data/data-masc/screenshots/maps/19060.jpg,data/data-masc/xml/maps/19060.xml
19067,Map,maps,data/data-masc/screenshots/maps/19067.jpg,data/data-masc/xml/maps/19067.xml
19135,Map,maps,data/data-masc/screenshots/maps/19135.jpg,data/data-masc/xml/maps/19135.xml
19340,Map,maps,data/data-masc/screenshots/maps/19340.jpg,data/data-masc/xml/maps/19340.xml
19691,Map,maps,data/data-masc/screenshots/maps/19691.jpg,data/data-masc/xml/maps/19691.xml
19953,Map,maps,data/data-masc/screenshots/maps/19953.jpg,data/data-masc/xml/maps/19953.xml
20421,Map,maps,data/data-masc/screenshots/maps/20421.jpg,data/data-masc/xml/maps/20421.xml
20943,Map,maps,data/data-masc/screenshots/maps/20943.jpg,data/data-masc/xml/maps/20943.xml
21086,Map,maps,data/data-masc/screenshots/maps/21086.jpg,data/data-masc/xml/maps/21086.xml
21107,Map,maps,data/data-masc/screenshots/maps/21107.jpg,data/data-masc/xml/maps/21107.xml
21714,Map,maps,data/data-masc/screenshots/maps/21714.jpg,data/data-masc/xml/maps/21714.xml
21717,Map,maps,data/data-masc/screenshots/maps/21717.jpg,data/data-masc/xml/maps/21717.xml
21723,Map,maps,data/data-masc/screenshots/maps/21723.jpg,data/data-masc/xml/maps/21723.xml
22006,Map,maps,data/data-masc/screenshots/maps/22006.jpg,data/data-masc/xml/maps/22006.xml
22658,Map,maps,data/data-masc/screenshots/maps/22658.jpg,data/data-masc/xml/maps/22658.xml
22780,Map,maps,data/data-masc/screenshots/maps/22780.jpg,data/data-masc/xml/maps/22780.xml
22818,Map,maps,data/data-masc/screenshots/maps/22818.jpg,data/data-masc/xml/maps/22818.xml
23301,Map,maps,data/data-masc/screenshots/maps/23301.jpg,data/data-masc/xml/maps/23301.xml
23400,Map,maps,data/data-masc/screenshots/maps/23400.jpg,data/data-masc/xml/maps/23400.xml
23909,Map,maps,data/data-masc/screenshots/maps/23909.jpg,data/data-masc/xml/maps/23909.xml
24615,Map,maps,data/data-masc/screenshots/maps/24615.jpg,data/data-masc/xml/maps/24615.xml
25113,Map,maps,data/data-masc/screenshots/maps/25113.jpg,data/data-masc/xml/maps/25113.xml
25192,Map,maps,data/data-masc/screenshots/maps/25192.jpg,data/data-masc/xml/maps/25192.xml
25749,Map,maps,data/data-masc/screenshots/maps/25749.jpg,data/data-masc/xml/maps/25749.xml
25758,Map,maps,data/data-masc/screenshots/maps/25758.jpg,data/data-masc/xml/maps/25758.xml
26131,Map,maps,data/data-masc/screenshots/maps/26131.jpg,data/data-masc/xml/maps/26131.xml
26135,Map,maps,data/data-masc/screenshots/maps/26135.jpg,data/data-masc/xml/maps/26135.xml
26629,Map,maps,data/data-masc/screenshots/maps/26629.jpg,data/data-masc/xml/maps/26629.xml
26905,Map,maps,data/data-masc/screenshots/maps/26905.jpg,data/data-masc/xml/maps/26905.xml
27175,Map,maps,data/data-masc/screenshots/maps/27175.jpg,data/data-masc/xml/maps/27175.xml
27314,Map,maps,data/data-masc/screenshots/maps/27314.jpg,data/data-masc/xml/maps/27314.xml
27496,Map,maps,data/data-masc/screenshots/maps/27496.jpg,data/data-masc/xml/maps/27496.xml
27812,Map,maps,data/data-masc/screenshots/maps/27812.jpg,data/data-masc/xml/maps/27812.xml
28298,Map,maps,data/data-masc/screenshots/maps/28298.jpg,data/data-masc/xml/maps/28298.xml
28539,Map,maps,data/data-masc/screenshots/maps/28539.jpg,data/data-masc/xml/maps/28539.xml
28619,Map,maps,data/data-masc/screenshots/maps/28619.jpg,data/data-masc/xml/maps/28619.xml
28833,Map,maps,data/data-masc/screenshots/maps/28833.jpg,data/data-masc/xml/maps/28833.xml
28913,Map,maps,data/data-masc/screenshots/maps/28913.jpg,data/data-masc/xml/maps/28913.xml
28931,Map,maps,data/data-masc/screenshots/maps/28931.jpg,data/data-masc/xml/maps/28931.xml
29311,Map,maps,data/data-masc/screenshots/maps/29311.jpg,data/data-masc/xml/maps/29311.xml
29803,Map,maps,data/data-masc/screenshots/maps/29803.jpg,data/data-masc/xml/maps/29803.xml
29887,Map,maps,data/data-masc/screenshots/maps/29887.jpg,data/data-masc/xml/maps/29887.xml
30748,Map,maps,data/data-masc/screenshots/maps/30748.jpg,data/data-masc/xml/maps/30748.xml
30929,Map,maps,data/data-masc/screenshots/maps/30929.jpg,data/data-masc/xml/maps/30929.xml
31620,Map,maps,data/data-masc/screenshots/maps/31620.jpg,data/data-masc/xml/maps/31620.xml
31636,Map,maps,data/data-masc/screenshots/maps/31636.jpg,data/data-masc/xml/maps/31636.xml
31865,Map,maps,data/data-masc/screenshots/maps/31865.jpg,data/data-masc/xml/maps/31865.xml
31872,Map,maps,data/data-masc/screenshots/maps/31872.jpg,data/data-masc/xml/maps/31872.xml
31897,Map,maps,data/data-masc/screenshots/maps/31897.jpg,data/data-masc/xml/maps/31897.xml
31918,Map,maps,data/data-masc/screenshots/maps/31918.jpg,data/data-masc/xml/maps/31918.xml
31919,Map,maps,data/data-masc/screenshots/maps/31919.jpg,data/data-masc/xml/maps/31919.xml
31920,Map,maps,data/data-masc/screenshots/maps/31920.jpg,data/data-masc/xml/maps/31920.xml
31979,Map,maps,data/data-masc/screenshots/maps/31979.jpg,data/data-masc/xml/maps/31979.xml
33154,Map,maps,data/data-masc/screenshots/maps/33154.jpg,data/data-masc/xml/maps/33154.xml
33156,Map,maps,data/data-masc/screenshots/maps/33156.jpg,data/data-masc/xml/maps/33156.xml
33720,Map,maps,data/data-masc/screenshots/maps/33720.jpg,data/data-masc/xml/maps/33720.xml
33875,Map,maps,data/data-masc/screenshots/maps/33875.jpg,data/data-masc/xml/maps/33875.xml
35065,Map,maps,data/data-masc/screenshots/maps/35065.jpg,data/data-masc/xml/maps/35065.xml
35160,Map,maps,data/data-masc/screenshots/maps/35160.jpg,data/data-masc/xml/maps/35160.xml
35267,Map,maps,data/data-masc/screenshots/maps/35267.jpg,data/data-masc/xml/maps/35267.xml
35592,Map,maps,data/data-masc/screenshots/maps/35592.jpg,data/data-masc/xml/maps/35592.xml
35632,Map,maps,data/data-masc/screenshots/maps/35632.jpg,data/data-masc/xml/maps/35632.xml
36125,Map,maps,data/data-masc/screenshots/maps/36125.jpg,data/data-masc/xml/maps/36125.xml
36495,Map,maps,data/data-masc/screenshots/maps/36495.jpg,data/data-masc/xml/maps/36495.xml
36496,Map,maps,data/data-masc/screenshots/maps/36496.jpg,data/data-masc/xml/maps/36496.xml
36653,Map,maps,data/data-masc/screenshots/maps/36653.jpg,data/data-masc/xml/maps/36653.xml
36766,Map,maps,data/data-masc/screenshots/maps/36766.jpg,data/data-masc/xml/maps/36766.xml
36772,Map,maps,data/data-masc/screenshots/maps/36772.jpg,data/data-masc/xml/maps/36772.xml
37348,Map,maps,data/data-masc/screenshots/maps/37348.jpg,data/data-masc/xml/maps/37348.xml
37790,Map,maps,data/data-masc/screenshots/maps/37790.jpg,data/data-masc/xml/maps/37790.xml
38748,Map,maps,data/data-masc/screenshots/maps/38748.jpg,data/data-masc/xml/maps/38748.xml
39461,Map,maps,data/data-masc/screenshots/maps/39461.jpg,data/data-masc/xml/maps/39461.xml
40107,Map,maps,data/data-masc/screenshots/maps/40107.jpg,data/data-masc/xml/maps/40107.xml
40413,Map,maps,data/data-masc/screenshots/maps/40413.jpg,data/data-masc/xml/maps/40413.xml
40450,Map,maps,data/data-masc/screenshots/maps/40450.jpg,data/data-masc/xml/maps/40450.xml
40451,Map,maps,data/data-masc/screenshots/maps/40451.jpg,data/data-masc/xml/maps/40451.xml
40452,Map,maps,data/data-masc/screenshots/maps/40452.jpg,data/data-masc/xml/maps/40452.xml
40455,Map,maps,data/data-masc/screenshots/maps/40455.jpg,data/data-masc/xml/maps/40455.xml
40613,Map,maps,data/data-masc/screenshots/maps/40613.jpg,data/data-masc/xml/maps/40613.xml
40794,Map,maps,data/data-masc/screenshots/maps/40794.jpg,data/data-masc/xml/maps/40794.xml
40804,Map,maps,data/data-masc/screenshots/maps/40804.jpg,data/data-masc/xml/maps/40804.xml
41284,Map,maps,data/data-masc/screenshots/maps/41284.jpg,data/data-masc/xml/maps/41284.xml
41294,Map,maps,data/data-masc/screenshots/maps/41294.jpg,data/data-masc/xml/maps/41294.xml
41295,Map,maps,data/data-masc/screenshots/maps/41295.jpg,data/data-masc/xml/maps/41295.xml
41299,Map,maps,data/data-masc/screenshots/maps/41299.jpg,data/data-masc/xml/maps/41299.xml
41305,Map,maps,data/data-masc/screenshots/maps/41305.jpg,data/data-masc/xml/maps/41305.xml
41668,Map,maps,data/data-masc/screenshots/maps/41668.jpg,data/data-masc/xml/maps/41668.xml
41738,Map,maps,data/data-masc/screenshots/maps/41738.jpg,data/data-masc/xml/maps/41738.xml
41765,Map,maps,data/data-masc/screenshots/maps/41765.jpg,data/data-masc/xml/maps/41765.xml
42012,Map,maps,data/data-masc/screenshots/maps/42012.jpg,data/data-masc/xml/maps/42012.xml
42548,Map,maps,data/data-masc/screenshots/maps/42548.jpg,data/data-masc/xml/maps/42548.xml
42554,Map,maps,data/data-masc/screenshots/maps/42554.jpg,data/data-masc/xml/maps/42554.xml
42558,Map,maps,data/data-masc/screenshots/maps/42558.jpg,data/data-masc/xml/maps/42558.xml
43326,Map,maps,data/data-masc/screenshots/maps/43326.jpg,data/data-masc/xml/maps/43326.xml
43371,Map,maps,data/data-masc/screenshots/maps/43371.jpg,data/data-masc/xml/maps/43371.xml
43459,Map,maps,data/data-masc/screenshots/maps/43459.jpg,data/data-masc/xml/maps/43459.xml
43461,Map,maps,data/data-masc/screenshots/maps/43461.jpg,data/data-masc/xml/maps/43461.xml
43609,Map,maps,data/data-masc/screenshots/maps/43609.jpg,data/data-masc/xml/maps/43609.xml
43610,Map,maps,data/data-masc/screenshots/maps/43610.jpg,data/data-masc/xml/maps/43610.xml
43870,Map,maps,data/data-masc/screenshots/maps/43870.jpg,data/data-masc/xml/maps/43870.xml
44955,Map,maps,data/data-masc/screenshots/maps/44955.jpg,data/data-masc/xml/maps/44955.xml
45585,Map,maps,data/data-masc/screenshots/maps/45585.jpg,data/data-masc/xml/maps/45585.xml
46201,Map,maps,data/data-masc/screenshots/maps/46201.jpg,data/data-masc/xml/maps/46201.xml
46203,Map,maps,data/data-masc/screenshots/maps/46203.jpg,data/data-masc/xml/maps/46203.xml
46513,Map,maps,data/data-masc/screenshots/maps/46513.jpg,data/data-masc/xml/maps/46513.xml
46857,Map,maps,data/data-masc/screenshots/maps/46857.jpg,data/data-masc/xml/maps/46857.xml
47196,Map,maps,data/data-masc/screenshots/maps/47196.jpg,data/data-masc/xml/maps/47196.xml
47311,Map,maps,data/data-masc/screenshots/maps/47311.jpg,data/data-masc/xml/maps/47311.xml
48083,Map,maps,data/data-masc/screenshots/maps/48083.jpg,data/data-masc/xml/maps/48083.xml
48101,Map,maps,data/data-masc/screenshots/maps/48101.jpg,data/data-masc/xml/maps/48101.xml
48325,Map,maps,data/data-masc/screenshots/maps/48325.jpg,data/data-masc/xml/maps/48325.xml
48484,Map,maps,data/data-masc/screenshots/maps/48484.jpg,data/data-masc/xml/maps/48484.xml
48699,Map,maps,data/data-masc/screenshots/maps/48699.jpg,data/data-masc/xml/maps/48699.xml
48735,Map,maps,data/data-masc/screenshots/maps/48735.jpg,data/data-masc/xml/maps/48735.xml
48744,Map,maps,data/data-masc/screenshots/maps/48744.jpg,data/data-masc/xml/maps/48744.xml
48746,Map,maps,data/data-masc/screenshots/maps/48746.jpg,data/data-masc/xml/maps/48746.xml
48753,Map,maps,data/data-masc/screenshots/maps/48753.jpg,data/data-masc/xml/maps/48753.xml
48836,Map,maps,data/data-masc/screenshots/maps/48836.jpg,data/data-masc/xml/maps/48836.xml
48961,Map,maps,data/data-masc/screenshots/maps/48961.jpg,data/data-masc/xml/maps/48961.xml
49574,Map,maps,data/data-masc/screenshots/maps/49574.jpg,data/data-masc/xml/maps/49574.xml
49936,Map,maps,data/data-masc/screenshots/maps/49936.jpg,data/data-masc/xml/maps/49936.xml
49959,Map,maps,data/data-masc/screenshots/maps/49959.jpg,data/data-masc/xml/maps/49959.xml
50411,Map,maps,data/data-masc/screenshots/maps/50411.jpg,data/data-masc/xml/maps/50411.xml
50508,Map,maps,data/data-masc/screenshots/maps/50508.jpg,data/data-masc/xml/maps/50508.xml
50509,Map,maps,data/data-masc/screenshots/maps/50509.jpg,data/data-masc/xml/maps/50509.xml
50511,Map,maps,data/data-masc/screenshots/maps/50511.jpg,data/data-masc/xml/maps/50511.xml
50516,Map,maps,data/data-masc/screenshots/maps/50516.jpg,data/data-masc/xml/maps/50516.xml
50518,Map,maps,data/data-masc/screenshots/maps/50518.jpg,data/data-masc/xml/maps/50518.xml
51161,Map,maps,data/data-masc/screenshots/maps/51161.jpg,data/data-masc/xml/maps/51161.xml
51518,Map,maps,data/data-masc/screenshots/maps/51518.jpg,data/data-masc/xml/maps/51518.xml
52127,Map,maps,data/data-masc/screenshots/maps/52127.jpg,data/data-masc/xml/maps/52127.xml
52141,Map,maps,data/data-masc/screenshots/maps/52141.jpg,data/data-masc/xml/maps/52141.xml
52142,Map,maps,data/data-masc/screenshots/maps/52142.jpg,data/data-masc/xml/maps/52142.xml
52320,Map,maps,data/data-masc/screenshots/maps/52320.jpg,data/data-masc/xml/maps/52320.xml
52335,Map,maps,data/data-masc/screenshots/maps/52335.jpg,data/data-masc/xml/maps/52335.xml
52336,Map,maps,data/data-masc/screenshots/maps/52336.jpg,data/data-masc/xml/maps/52336.xml
52816,Map,maps,data/data-masc/screenshots/maps/52816.jpg,data/data-masc/xml/maps/52816.xml
53402,Map,maps,data/data-masc/screenshots/maps/53402.jpg,data/data-masc/xml/maps/53402.xml
53652,Map,maps,data/data-masc/screenshots/maps/53652.jpg,data/data-masc/xml/maps/53652.xml
54076,Map,maps,data/data-masc/screenshots/maps/54076.jpg,data/data-masc/xml/maps/54076.xml
54342,Map,maps,data/data-masc/screenshots/maps/54342.jpg,data/data-masc/xml/maps/54342.xml
54602,Map,maps,data/data-masc/screenshots/maps/54602.jpg,data/data-masc/xml/maps/54602.xml
54644,Map,maps,data/data-masc/screenshots/maps/54644.jpg,data/data-masc/xml/maps/54644.xml
56830,Map,maps,data/data-masc/screenshots/maps/56830.jpg,data/data-masc/xml/maps/56830.xml
57046,Map,maps,data/data-masc/screenshots/maps/57046.jpg,data/data-masc/xml/maps/57046.xml
57247,Map,maps,data/data-masc/screenshots/maps/57247.jpg,data/data-masc/xml/maps/57247.xml
57272,Map,maps,data/data-masc/screenshots/maps/57272.jpg,data/data-masc/xml/maps/57272.xml
57274,Map,maps,data/data-masc/screenshots/maps/57274.jpg,data/data-masc/xml/maps/57274.xml
58214,Map,maps,data/data-masc/screenshots/maps/58214.jpg,data/data-masc/xml/maps/58214.xml
58217,Map,maps,data/data-masc/screenshots/maps/58217.jpg,data/data-masc/xml/maps/58217.xml
58351,Map,maps,data/data-masc/screenshots/maps/58351.jpg,data/data-masc/xml/maps/58351.xml
58356,Map,maps,data/data-masc/screenshots/maps/58356.jpg,data/data-masc/xml/maps/58356.xml
58389,Map,maps,data/data-masc/screenshots/maps/58389.jpg,data/data-masc/xml/maps/58389.xml
59777,Map,maps,data/data-masc/screenshots/maps/59777.jpg,data/data-masc/xml/maps/59777.xml
60090,Map,maps,data/data-masc/screenshots/maps/60090.jpg,data/data-masc/xml/maps/60090.xml
60543,Map,maps,data/data-masc/screenshots/maps/60543.jpg,data/data-masc/xml/maps/60543.xml
60544,Map,maps,data/data-masc/screenshots/maps/60544.jpg,data/data-masc/xml/maps/60544.xml
60692,Map,maps,data/data-masc/screenshots/maps/60692.jpg,data/data-masc/xml/maps/60692.xml
61244,Map,maps,data/data-masc/screenshots/maps/61244.jpg,data/data-masc/xml/maps/61244.xml
61568,Map,maps,data/data-masc/screenshots/maps/61568.jpg,data/data-masc/xml/maps/61568.xml
61599,Map,maps,data/data-masc/screenshots/maps/61599.jpg,data/data-masc/xml/maps/61599.xml
61691,Map,maps,data/data-masc/screenshots/maps/61691.jpg,data/data-masc/xml/maps/61691.xml
61696,Map,maps,data/data-masc/screenshots/maps/61696.jpg,data/data-masc/xml/maps/61696.xml
62042,Map,maps,data/data-masc/screenshots/maps/62042.jpg,data/data-masc/xml/maps/62042.xml
62046,Map,maps,data/data-masc/screenshots/maps/62046.jpg,data/data-masc/xml/maps/62046.xml
62047,Map,maps,data/data-masc/screenshots/maps/62047.jpg,data/data-masc/xml/maps/62047.xml
62049,Map,maps,data/data-masc/screenshots/maps/62049.jpg,data/data-masc/xml/maps/62049.xml
62352,Map,maps,data/data-masc/screenshots/maps/62352.jpg,data/data-masc/xml/maps/62352.xml
62872,Map,maps,data/data-masc/screenshots/maps/62872.jpg,data/data-masc/xml/maps/62872.xml
63370,Map,maps,data/data-masc/screenshots/maps/63370.jpg,data/data-masc/xml/maps/63370.xml
63614,Map,maps,data/data-masc/screenshots/maps/63614.jpg,data/data-masc/xml/maps/63614.xml
63789,Map,maps,data/data-masc/screenshots/maps/63789.jpg,data/data-masc/xml/maps/63789.xml
63981,Map,maps,data/data-masc/screenshots/maps/63981.jpg,data/data-masc/xml/maps/63981.xml
64333,Map,maps,data/data-masc/screenshots/maps/64333.jpg,data/data-masc/xml/maps/64333.xml
64818,Map,maps,data/data-masc/screenshots/maps/64818.jpg,data/data-masc/xml/maps/64818.xml
65205,Map,maps,data/data-masc/screenshots/maps/65205.jpg,data/data-masc/xml/maps/65205.xml
65492,Map,maps,data/data-masc/screenshots/maps/65492.jpg,data/data-masc/xml/maps/65492.xml
65713,Map,maps,data/data-masc/screenshots/maps/65713.jpg,data/data-masc/xml/maps/65713.xml
65717,Map,maps,data/data-masc/screenshots/maps/65717.jpg,data/data-masc/xml/maps/65717.xml
65746,Map,maps,data/data-masc/screenshots/maps/65746.jpg,data/data-masc/xml/maps/65746.xml
65779,Map,maps,data/data-masc/screenshots/maps/65779.jpg,data/data-masc/xml/maps/65779.xml
66171,Map,maps,data/data-masc/screenshots/maps/66171.jpg,data/data-masc/xml/maps/66171.xml
66443,Map,maps,data/data-masc/screenshots/maps/66443.jpg,data/data-masc/xml/maps/66443.xml
67016,Map,maps,data/data-masc/screenshots/maps/67016.jpg,data/data-masc/xml/maps/67016.xml
67545,Map,maps,data/data-masc/screenshots/maps/67545.jpg,data/data-masc/xml/maps/67545.xml
67688,Map,maps,data/data-masc/screenshots/maps/67688.jpg,data/data-masc/xml/maps/67688.xml
68079,Map,maps,data/data-masc/screenshots/maps/68079.jpg,data/data-masc/xml/maps/68079.xml
68137,Map,maps,data/data-masc/screenshots/maps/68137.jpg,data/data-masc/xml/maps/68137.xml
68549,Map,maps,data/data-masc/screenshots/maps/68549.jpg,data/data-masc/xml/maps/68549.xml
69071,Map,maps,data/data-masc/screenshots/maps/69071.jpg,data/data-masc/xml/maps/69071.xml
69171,Map,maps,data/data-masc/screenshots/maps/69171.jpg,data/data-masc/xml/maps/69171.xml
69605,Map,maps,data/data-masc/screenshots/maps/69605.jpg,data/data-masc/xml/maps/69605.xml
69752,Map,maps,data/data-masc/screenshots/maps/69752.jpg,data/data-masc/xml/maps/69752.xml
69756,Map,maps,data/data-masc/screenshots/maps/69756.jpg,data/data-masc/xml/maps/69756.xml
69760,Map,maps,data/data-masc/screenshots/maps/69760.jpg,data/data-masc/xml/maps/69760.xml
70363,Map,maps,data/data-masc/screenshots/maps/70363.jpg,data/data-masc/xml/maps/70363.xml
70364,Map,maps,data/data-masc/screenshots/maps/70364.jpg,data/data-masc/xml/maps/70364.xml
70367,Map,maps,data/data-masc/screenshots/maps/70367.jpg,data/data-masc/xml/maps/70367.xml
70410,Map,maps,data/data-masc/screenshots/maps/70410.jpg,data/data-masc/xml/maps/70410.xml
70414,Map,maps,data/data-masc/screenshots/maps/70414.jpg,data/data-masc/xml/maps/70414.xml
70621,Map,maps,data/data-masc/screenshots/maps/70621.jpg,data/data-masc/xml/maps/70621.xml
70769,Map,maps,data/data-masc/screenshots/maps/70769.jpg,data/data-masc/xml/maps/70769.xml
70772,Map,maps,data/data-masc/screenshots/maps/70772.jpg,data/data-masc/xml/maps/70772.xml
70814,Map,maps,data/data-masc/screenshots/maps/70814.jpg,data/data-masc/xml/maps/70814.xml
70861,Map,maps,data/data-masc/screenshots/maps/70861.jpg,data/data-masc/xml/maps/70861.xml
71030,Map,maps,data/data-masc/screenshots/maps/71030.jpg,data/data-masc/xml/maps/71030.xml
71043,Map,maps,data/data-masc/screenshots/maps/71043.jpg,data/data-masc/xml/maps/71043.xml
71101,Map,maps,data/data-masc/screenshots/maps/71101.jpg,data/data-masc/xml/maps/71101.xml
72172,Map,maps,data/data-masc/screenshots/maps/72172.jpg,data/data-masc/xml/maps/72172.xml
72179,Map,maps,data/data-masc/screenshots/maps/72179.jpg,data/data-masc/xml/maps/72179.xml
131,Menu,menu,data/data-masc/screenshots/menu/131.jpg,data/data-masc/xml/menu/131.xml
135,Menu,menu,data/data-masc/screenshots/menu/135.jpg,data/data-masc/xml/menu/135.xml
149,Menu,menu,data/data-masc/screenshots/menu/149.jpg,data/data-masc/xml/menu/149.xml
158,Menu,menu,data/data-masc/screenshots/menu/158.jpg,data/data-masc/xml/menu/158.xml
161,Menu,menu,data/data-masc/screenshots/menu/161.jpg,data/data-masc/xml/menu/161.xml
176,Menu,menu,data/data-masc/screenshots/menu/176.jpg,data/data-masc/xml/menu/176.xml
183,Menu,menu,data/data-masc/screenshots/menu/183.jpg,data/data-masc/xml/menu/183.xml
186,Menu,menu,data/data-masc/screenshots/menu/186.jpg,data/data-masc/xml/menu/186.xml
194,Menu,menu,data/data-masc/screenshots/menu/194.jpg,data/data-masc/xml/menu/194.xml
195,Menu,menu,data/data-masc/screenshots/menu/195.jpg,data/data-masc/xml/menu/195.xml
1009,Menu,menu,data/data-masc/screenshots/menu/1009.jpg,data/data-masc/xml/menu/1009.xml
1015,Menu,menu,data/data-masc/screenshots/menu/1015.jpg,data/data-masc/xml/menu/1015.xml
1133,Menu,menu,data/data-masc/screenshots/menu/1133.jpg,data/data-masc/xml/menu/1133.xml
1134,Menu,menu,data/data-masc/screenshots/menu/1134.jpg,data/data-masc/xml/menu/1134.xml
1205,Menu,menu,data/data-masc/screenshots/menu/1205.jpg,data/data-masc/xml/menu/1205.xml
1283,Menu,menu,data/data-masc/screenshots/menu/1283.jpg,data/data-masc/xml/menu/1283.xml
1291,Menu,menu,data/data-masc/screenshots/menu/1291.jpg,data/data-masc/xml/menu/1291.xml
1296,Menu,menu,data/data-masc/screenshots/menu/1296.jpg,data/data-masc/xml/menu/1296.xml
1422,Menu,menu,data/data-masc/screenshots/menu/1422.jpg,data/data-masc/xml/menu/1422.xml
1431,Menu,menu,data/data-masc/screenshots/menu/1431.jpg,data/data-masc/xml/menu/1431.xml
1434,Menu,menu,data/data-masc/screenshots/menu/1434.jpg,data/data-masc/xml/menu/1434.xml
1443,Menu,menu,data/data-masc/screenshots/menu/1443.jpg,data/data-masc/xml/menu/1443.xml
1444,Menu,menu,data/data-masc/screenshots/menu/1444.jpg,data/data-masc/xml/menu/1444.xml
1466,Menu,menu,data/data-masc/screenshots/menu/1466.jpg,data/data-masc/xml/menu/1466.xml
1481,Menu,menu,data/data-masc/screenshots/menu/1481.jpg,data/data-masc/xml/menu/1481.xml
1739,Menu,menu,data/data-masc/screenshots/menu/1739.jpg,data/data-masc/xml/menu/1739.xml
1740,Menu,menu,data/data-masc/screenshots/menu/1740.jpg,data/data-masc/xml/menu/1740.xml
1742,Menu,menu,data/data-masc/screenshots/menu/1742.jpg,data/data-masc/xml/menu/1742.xml
2899,Menu,menu,data/data-masc/screenshots/menu/2899.jpg,data/data-masc/xml/menu/2899.xml
3005,Menu,menu,data/data-masc/screenshots/menu/3005.jpg,data/data-masc/xml/menu/3005.xml
3140,Menu,menu,data/data-masc/screenshots/menu/3140.jpg,data/data-masc/xml/menu/3140.xml
3207,Menu,menu,data/data-masc/screenshots/menu/3207.jpg,data/data-masc/xml/menu/3207.xml
3305,Menu,menu,data/data-masc/screenshots/menu/3305.jpg,data/data-masc/xml/menu/3305.xml
3993,Menu,menu,data/data-masc/screenshots/menu/3993.jpg,data/data-masc/xml/menu/3993.xml
4490,Menu,menu,data/data-masc/screenshots/menu/4490.jpg,data/data-masc/xml/menu/4490.xml
4990,Menu,menu,data/data-masc/screenshots/menu/4990.jpg,data/data-masc/xml/menu/4990.xml
5470,Menu,menu,data/data-masc/screenshots/menu/5470.jpg,data/data-masc/xml/menu/5470.xml
5508,Menu,menu,data/data-masc/screenshots/menu/5508.jpg,data/data-masc/xml/menu/5508.xml
5559,Menu,menu,data/data-masc/screenshots/menu/5559.jpg,data/data-masc/xml/menu/5559.xml
5682,Menu,menu,data/data-masc/screenshots/menu/5682.jpg,data/data-masc/xml/menu/5682.xml
6068,Menu,menu,data/data-masc/screenshots/menu/6068.jpg,data/data-masc/xml/menu/6068.xml
6257,Menu,menu,data/data-masc/screenshots/menu/6257.jpg,data/data-masc/xml/menu/6257.xml
6542,Menu,menu,data/data-masc/screenshots/menu/6542.jpg,data/data-masc/xml/menu/6542.xml
6565,Menu,menu,data/data-masc/screenshots/menu/6565.jpg,data/data-masc/xml/menu/6565.xml
6752,Menu,menu,data/data-masc/screenshots/menu/6752.jpg,data/data-masc/xml/menu/6752.xml
6756,Menu,menu,data/data-masc/screenshots/menu/6756.jpg,data/data-masc/xml/menu/6756.xml
7013,Menu,menu,data/data-masc/screenshots/menu/7013.jpg,data/data-masc/xml/menu/7013.xml
8191,Menu,menu,data/data-masc/screenshots/menu/8191.jpg,data/data-masc/xml/menu/8191.xml
8522,Menu,menu,data/data-masc/screenshots/menu/8522.jpg,data/data-masc/xml/menu/8522.xml
9297,Menu,menu,data/data-masc/screenshots/menu/9297.jpg,data/data-masc/xml/menu/9297.xml
9302,Menu,menu,data/data-masc/screenshots/menu/9302.jpg,data/data-masc/xml/menu/9302.xml
9412,Menu,menu,data/data-masc/screenshots/menu/9412.jpg,data/data-masc/xml/menu/9412.xml
9421,Menu,menu,data/data-masc/screenshots/menu/9421.jpg,data/data-masc/xml/menu/9421.xml
9547,Menu,menu,data/data-masc/screenshots/menu/9547.jpg,data/data-masc/xml/menu/9547.xml
9696,Menu,menu,data/data-masc/screenshots/menu/9696.jpg,data/data-masc/xml/menu/9696.xml
10061,Menu,menu,data/data-masc/screenshots/menu/10061.jpg,data/data-masc/xml/menu/10061.xml
10062,Menu,menu,data/data-masc/screenshots/menu/10062.jpg,data/data-masc/xml/menu/10062.xml
10194,Menu,menu,data/data-masc/screenshots/menu/10194.jpg,data/data-masc/xml/menu/10194.xml
10198,Menu,menu,data/data-masc/screenshots/menu/10198.jpg,data/data-masc/xml/menu/10198.xml
10211,Menu,menu,data/data-masc/screenshots/menu/10211.jpg,data/data-masc/xml/menu/10211.xml
10212,Menu,menu,data/data-masc/screenshots/menu/10212.jpg,data/data-masc/xml/menu/10212.xml
10373,Menu,menu,data/data-masc/screenshots/menu/10373.jpg,data/data-masc/xml/menu/10373.xml
10378,Menu,menu,data/data-masc/screenshots/menu/10378.jpg,data/data-masc/xml/menu/10378.xml
10418,Menu,menu,data/data-masc/screenshots/menu/10418.jpg,data/data-masc/xml/menu/10418.xml
10481,Menu,menu,data/data-masc/screenshots/menu/10481.jpg,data/data-masc/xml/menu/10481.xml
10596,Menu,menu,data/data-masc/screenshots/menu/10596.jpg,data/data-masc/xml/menu/10596.xml
10603,Menu,menu,data/data-masc/screenshots/menu/10603.jpg,data/data-masc/xml/menu/10603.xml
10609,Menu,menu,data/data-masc/screenshots/menu/10609.jpg,data/data-masc/xml/menu/10609.xml
10612,Menu,menu,data/data-masc/screenshots/menu/10612.jpg,data/data-masc/xml/menu/10612.xml
10640,Menu,menu,data/data-masc/screenshots/menu/10640.jpg,data/data-masc/xml/menu/10640.xml
10646,Menu,menu,data/data-masc/screenshots/menu/10646.jpg,data/data-masc/xml/menu/10646.xml
10724,Menu,menu,data/data-masc/screenshots/menu/10724.jpg,data/data-masc/xml/menu/10724.xml
10752,Menu,menu,data/data-masc/screenshots/menu/10752.jpg,data/data-masc/xml/menu/10752.xml
10760,Menu,menu,data/data-masc/screenshots/menu/10760.jpg,data/data-masc/xml/menu/10760.xml
10761,Menu,menu,data/data-masc/screenshots/menu/10761.jpg,data/data-masc/xml/menu/10761.xml
10840,Menu,menu,data/data-masc/screenshots/menu/10840.jpg,data/data-masc/xml/menu/10840.xml
10855,Menu,menu,data/data-masc/screenshots/menu/10855.jpg,data/data-masc/xml/menu/10855.xml
10859,Menu,menu,data/data-masc/screenshots/menu/10859.jpg,data/data-masc/xml/menu/10859.xml
10860,Menu,menu,data/data-masc/screenshots/menu/10860.jpg,data/data-masc/xml/menu/10860.xml
10862,Menu,menu,data/data-masc/screenshots/menu/10862.jpg,data/data-masc/xml/menu/10862.xml
10865,Menu,menu,data/data-masc/screenshots/menu/10865.jpg,data/data-masc/xml/menu/10865.xml
10882,Menu,menu,data/data-masc/screenshots/menu/10882.jpg,data/data-masc/xml/menu/10882.xml
10982,Menu,menu,data/data-masc/screenshots/menu/10982.jpg,data/data-masc/xml/menu/10982.xml
11058,Menu,menu,data/data-masc/screenshots/menu/11058.jpg,data/data-masc/xml/menu/11058.xml
11101,Menu,menu,data/data-masc/screenshots/menu/11101.jpg,data/data-masc/xml/menu/11101.xml
11103,Menu,menu,data/data-masc/screenshots/menu/11103.jpg,data/data-masc/xml/menu/11103.xml
11108,Menu,menu,data/data-masc/screenshots/menu/11108.jpg,data/data-masc/xml/menu/11108.xml
11115,Menu,menu,data/data-masc/screenshots/menu/11115.jpg,data/data-masc/xml/menu/11115.xml
11120,Menu,menu,data/data-masc/screenshots/menu/11120.jpg,data/data-masc/xml/menu/11120.xml
11133,Menu,menu,data/data-masc/screenshots/menu/11133.jpg,data/data-masc/xml/menu/11133.xml
11148,Menu,menu,data/data-masc/screenshots/menu/11148.jpg,data/data-masc/xml/menu/11148.xml
11262,Menu,menu,data/data-masc/screenshots/menu/11262.jpg,data/data-masc/xml/menu/11262.xml
11282,Menu,menu,data/data-masc/screenshots/menu/11282.jpg,data/data-masc/xml/menu/11282.xml
11455,Menu,menu,data/data-masc/screenshots/menu/11455.jpg,data/data-masc/xml/menu/11455.xml
11464,Menu,menu,data/data-masc/screenshots/menu/11464.jpg,data/data-masc/xml/menu/11464.xml
11498,Menu,menu,data/data-masc/screenshots/menu/11498.jpg,data/data-masc/xml/menu/11498.xml
11593,Menu,menu,data/data-masc/screenshots/menu/11593.jpg,data/data-masc/xml/menu/11593.xml
11595,Menu,menu,data/data-masc/screenshots/menu/11595.jpg,data/data-masc/xml/menu/11595.xml
11630,Menu,menu,data/data-masc/screenshots/menu/11630.jpg,data/data-masc/xml/menu/11630.xml
11713,Menu,menu,data/data-masc/screenshots/menu/11713.jpg,data/data-masc/xml/menu/11713.xml
11764,Menu,menu,data/data-masc/screenshots/menu/11764.jpg,data/data-masc/xml/menu/11764.xml
11847,Menu,menu,data/data-masc/screenshots/menu/11847.jpg,data/data-masc/xml/menu/11847.xml
11853,Menu,menu,data/data-masc/screenshots/menu/11853.jpg,data/data-masc/xml/menu/11853.xml
11914,Menu,menu,data/data-masc/screenshots/menu/11914.jpg,data/data-masc/xml/menu/11914.xml
11917,Menu,menu,data/data-masc/screenshots/menu/11917.jpg,data/data-masc/xml/menu/11917.xml
12007,Menu,menu,data/data-masc/screenshots/menu/12007.jpg,data/data-masc/xml/menu/12007.xml
12028,Menu,menu,data/data-masc/screenshots/menu/12028.jpg,data/data-masc/xml/menu/12028.xml
12034,Menu,menu,data/data-masc/screenshots/menu/12034.jpg,data/data-masc/xml/menu/12034.xml
12035,Menu,menu,data/data-masc/screenshots/menu/12035.jpg,data/data-masc/xml/menu/12035.xml
12071,Menu,menu,data/data-masc/screenshots/menu/12071.jpg,data/data-masc/xml/menu/12071.xml
12229,Menu,menu,data/data-masc/screenshots/menu/12229.jpg,data/data-masc/xml/menu/12229.xml
12261,Menu,menu,data/data-masc/screenshots/menu/12261.jpg,data/data-masc/xml/menu/12261.xml
12279,Menu,menu,data/data-masc/screenshots/menu/12279.jpg,data/data-masc/xml/menu/12279.xml
12309,Menu,menu,data/data-masc/screenshots/menu/12309.jpg,data/data-masc/xml/menu/12309.xml
12407,Menu,menu,data/data-masc/screenshots/menu/12407.jpg,data/data-masc/xml/menu/12407.xml
12412,Menu,menu,data/data-masc/screenshots/menu/12412.jpg,data/data-masc/xml/menu/12412.xml
12576,Menu,menu,data/data-masc/screenshots/menu/12576.jpg,data/data-masc/xml/menu/12576.xml
12580,Menu,menu,data/data-masc/screenshots/menu/12580.jpg,data/data-masc/xml/menu/12580.xml
12583,Menu,menu,data/data-masc/screenshots/menu/12583.jpg,data/data-masc/xml/menu/12583.xml
12619,Menu,menu,data/data-masc/screenshots/menu/12619.jpg,data/data-masc/xml/menu/12619.xml
12678,Menu,menu,data/data-masc/screenshots/menu/12678.jpg,data/data-masc/xml/menu/12678.xml
12679,Menu,menu,data/data-masc/screenshots/menu/12679.jpg,data/data-masc/xml/menu/12679.xml
12683,Menu,menu,data/data-masc/screenshots/menu/12683.jpg,data/data-masc/xml/menu/12683.xml
12699,Menu,menu,data/data-masc/screenshots/menu/12699.jpg,data/data-masc/xml/menu/12699.xml
12860,Menu,menu,data/data-masc/screenshots/menu/12860.jpg,data/data-masc/xml/menu/12860.xml
12867,Menu,menu,data/data-masc/screenshots/menu/12867.jpg,data/data-masc/xml/menu/12867.xml
12871,Menu,menu,data/data-masc/screenshots/menu/12871.jpg,data/data-masc/xml/menu/12871.xml
12884,Menu,menu,data/data-masc/screenshots/menu/12884.jpg,data/data-masc/xml/menu/12884.xml
12904,Menu,menu,data/data-masc/screenshots/menu/12904.jpg,data/data-masc/xml/menu/12904.xml
12910,Menu,menu,data/data-masc/screenshots/menu/12910.jpg,data/data-masc/xml/menu/12910.xml
12913,Menu,menu,data/data-masc/screenshots/menu/12913.jpg,data/data-masc/xml/menu/12913.xml
12915,Menu,menu,data/data-masc/screenshots/menu/12915.jpg,data/data-masc/xml/menu/12915.xml
12916,Menu,menu,data/data-masc/screenshots/menu/12916.jpg,data/data-masc/xml/menu/12916.xml
12933,Menu,menu,data/data-masc/screenshots/menu/12933.jpg,data/data-masc/xml/menu/12933.xml
12937,Menu,menu,data/data-masc/screenshots/menu/12937.jpg,data/data-masc/xml/menu/12937.xml
12939,Menu,menu,data/data-masc/screenshots/menu/12939.jpg,data/data-masc/xml/menu/12939.xml
12947,Menu,menu,data/data-masc/screenshots/menu/12947.jpg,data/data-masc/xml/menu/12947.xml
13098,Menu,menu,data/data-masc/screenshots/menu/13098.jpg,data/data-masc/xml/menu/13098.xml
13224,Menu,menu,data/data-masc/screenshots/menu/13224.jpg,data/data-masc/xml/menu/13224.xml
13246,Menu,menu,data/data-masc/screenshots/menu/13246.jpg,data/data-masc/xml/menu/13246.xml
13258,Menu,menu,data/data-masc/screenshots/menu/13258.jpg,data/data-masc/xml/menu/13258.xml
13334,Menu,menu,data/data-masc/screenshots/menu/13334.jpg,data/data-masc/xml/menu/13334.xml
13337,Menu,menu,data/data-masc/screenshots/menu/13337.jpg,data/data-masc/xml/menu/13337.xml
13478,Menu,menu,data/data-masc/screenshots/menu/13478.jpg,data/data-masc/xml/menu/13478.xml
13483,Menu,menu,data/data-masc/screenshots/menu/13483.jpg,data/data-masc/xml/menu/13483.xml
13548,Menu,menu,data/data-masc/screenshots/menu/13548.jpg,data/data-masc/xml/menu/13548.xml
13555,Menu,menu,data/data-masc/screenshots/menu/13555.jpg,data/data-masc/xml/menu/13555.xml
13562,Menu,menu,data/data-masc/screenshots/menu/13562.jpg,data/data-masc/xml/menu/13562.xml
13564,Menu,menu,data/data-masc/screenshots/menu/13564.jpg,data/data-masc/xml/menu/13564.xml
13638,Menu,menu,data/data-masc/screenshots/menu/13638.jpg,data/data-masc/xml/menu/13638.xml
13644,Menu,menu,data/data-masc/screenshots/menu/13644.jpg,data/data-masc/xml/menu/13644.xml
13650,Menu,menu,data/data-masc/screenshots/menu/13650.jpg,data/data-masc/xml/menu/13650.xml
13690,Menu,menu,data/data-masc/screenshots/menu/13690.jpg,data/data-masc/xml/menu/13690.xml
13691,Menu,menu,data/data-masc/screenshots/menu/13691.jpg,data/data-masc/xml/menu/13691.xml
13695,Menu,menu,data/data-masc/screenshots/menu/13695.jpg,data/data-masc/xml/menu/13695.xml
13708,Menu,menu,data/data-masc/screenshots/menu/13708.jpg,data/data-masc/xml/menu/13708.xml
13719,Menu,menu,data/data-masc/screenshots/menu/13719.jpg,data/data-masc/xml/menu/13719.xml
13721,Menu,menu,data/data-masc/screenshots/menu/13721.jpg,data/data-masc/xml/menu/13721.xml
13830,Menu,menu,data/data-masc/screenshots/menu/13830.jpg,data/data-masc/xml/menu/13830.xml
13838,Menu,menu,data/data-masc/screenshots/menu/13838.jpg,data/data-masc/xml/menu/13838.xml
13847,Menu,menu,data/data-masc/screenshots/menu/13847.jpg,data/data-masc/xml/menu/13847.xml
13848,Menu,menu,data/data-masc/screenshots/menu/13848.jpg,data/data-masc/xml/menu/13848.xml
13857,Menu,menu,data/data-masc/screenshots/menu/13857.jpg,data/data-masc/xml/menu/13857.xml
13864,Menu,menu,data/data-masc/screenshots/menu/13864.jpg,data/data-masc/xml/menu/13864.xml
13957,Menu,menu,data/data-masc/screenshots/menu/13957.jpg,data/data-masc/xml/menu/13957.xml
14119,Menu,menu,data/data-masc/screenshots/menu/14119.jpg,data/data-masc/xml/menu/14119.xml
14122,Menu,menu,data/data-masc/screenshots/menu/14122.jpg,data/data-masc/xml/menu/14122.xml
14190,Menu,menu,data/data-masc/screenshots/menu/14190.jpg,data/data-masc/xml/menu/14190.xml
14234,Menu,menu,data/data-masc/screenshots/menu/14234.jpg,data/data-masc/xml/menu/14234.xml
14349,Menu,menu,data/data-masc/screenshots/menu/14349.jpg,data/data-masc/xml/menu/14349.xml
14352,Menu,menu,data/data-masc/screenshots/menu/14352.jpg,data/data-masc/xml/menu/14352.xml
14584,Menu,menu,data/data-masc/screenshots/menu/14584.jpg,data/data-masc/xml/menu/14584.xml
14587,Menu,menu,data/data-masc/screenshots/menu/14587.jpg,data/data-masc/xml/menu/14587.xml
14588,Menu,menu,data/data-masc/screenshots/menu/14588.jpg,data/data-masc/xml/menu/14588.xml
14605,Menu,menu,data/data-masc/screenshots/menu/14605.jpg,data/data-masc/xml/menu/14605.xml
14675,Menu,menu,data/data-masc/screenshots/menu/14675.jpg,data/data-masc/xml/menu/14675.xml
14682,Menu,menu,data/data-masc/screenshots/menu/14682.jpg,data/data-masc/xml/menu/14682.xml
14741,Menu,menu,data/data-masc/screenshots/menu/14741.jpg,data/data-masc/xml/menu/14741.xml
14750,Menu,menu,data/data-masc/screenshots/menu/14750.jpg,data/data-masc/xml/menu/14750.xml
14960,Menu,menu,data/data-masc/screenshots/menu/14960.jpg,data/data-masc/xml/menu/14960.xml
15032,Menu,menu,data/data-masc/screenshots/menu/15032.jpg,data/data-masc/xml/menu/15032.xml
15187,Menu,menu,data/data-masc/screenshots/menu/15187.jpg,data/data-masc/xml/menu/15187.xml
15200,Menu,menu,data/data-masc/screenshots/menu/15200.jpg,data/data-masc/xml/menu/15200.xml
15385,Menu,menu,data/data-masc/screenshots/menu/15385.jpg,data/data-masc/xml/menu/15385.xml
15386,Menu,menu,data/data-masc/screenshots/menu/15386.jpg,data/data-masc/xml/menu/15386.xml
15389,Menu,menu,data/data-masc/screenshots/menu/15389.jpg,data/data-masc/xml/menu/15389.xml
15392,Menu,menu,data/data-masc/screenshots/menu/15392.jpg,data/data-masc/xml/menu/15392.xml
15553,Menu,menu,data/data-masc/screenshots/menu/15553.jpg,data/data-masc/xml/menu/15553.xml
15774,Menu,menu,data/data-masc/screenshots/menu/15774.jpg,data/data-masc/xml/menu/15774.xml
15777,Menu,menu,data/data-masc/screenshots/menu/15777.jpg,data/data-masc/xml/menu/15777.xml
15778,Menu,menu,data/data-masc/screenshots/menu/15778.jpg,data/data-masc/xml/menu/15778.xml
15851,Menu,menu,data/data-masc/screenshots/menu/15851.jpg,data/data-masc/xml/menu/15851.xml
15886,Menu,menu,data/data-masc/screenshots/menu/15886.jpg,data/data-masc/xml/menu/15886.xml
15975,Menu,menu,data/data-masc/screenshots/menu/15975.jpg,data/data-masc/xml/menu/15975.xml
15978,Menu,menu,data/data-masc/screenshots/menu/15978.jpg,data/data-masc/xml/menu/15978.xml
15981,Menu,menu,data/data-masc/screenshots/menu/15981.jpg,data/data-masc/xml/menu/15981.xml
15982,Menu,menu,data/data-masc/screenshots/menu/15982.jpg,data/data-masc/xml/menu/15982.xml
15987,Menu,menu,data/data-masc/screenshots/menu/15987.jpg,data/data-masc/xml/menu/15987.xml
16020,Menu,menu,data/data-masc/screenshots/menu/16020.jpg,data/data-masc/xml/menu/16020.xml
16121,Menu,menu,data/data-masc/screenshots/menu/16121.jpg,data/data-masc/xml/menu/16121.xml
16137,Menu,menu,data/data-masc/screenshots/menu/16137.jpg,data/data-masc/xml/menu/16137.xml
16291,Menu,menu,data/data-masc/screenshots/menu/16291.jpg,data/data-masc/xml/menu/16291.xml
16309,Menu,menu,data/data-masc/screenshots/menu/16309.jpg,data/data-masc/xml/menu/16309.xml
16319,Menu,menu,data/data-masc/screenshots/menu/16319.jpg,data/data-masc/xml/menu/16319.xml
16320,Menu,menu,data/data-masc/screenshots/menu/16320.jpg,data/data-masc/xml/menu/16320.xml
16322,Menu,menu,data/data-masc/screenshots/menu/16322.jpg,data/data-masc/xml/menu/16322.xml
16323,Menu,menu,data/data-masc/screenshots/menu/16323.jpg,data/data-masc/xml/menu/16323.xml
16388,Menu,menu,data/data-masc/screenshots/menu/16388.jpg,data/data-masc/xml/menu/16388.xml
16513,Menu,menu,data/data-masc/screenshots/menu/16513.jpg,data/data-masc/xml/menu/16513.xml
16529,Menu,menu,data/data-masc/screenshots/menu/16529.jpg,data/data-masc/xml/menu/16529.xml
16599,Menu,menu,data/data-masc/screenshots/menu/16599.jpg,data/data-masc/xml/menu/16599.xml
16601,Menu,menu,data/data-masc/screenshots/menu/16601.jpg,data/data-masc/xml/menu/16601.xml
16648,Menu,menu,data/data-masc/screenshots/menu/16648.jpg,data/data-masc/xml/menu/16648.xml
16693,Menu,menu,data/data-masc/screenshots/menu/16693.jpg,data/data-masc/xml/menu/16693.xml
16810,Menu,menu,data/data-masc/screenshots/menu/16810.jpg,data/data-masc/xml/menu/16810.xml
16816,Menu,menu,data/data-masc/screenshots/menu/16816.jpg,data/data-masc/xml/menu/16816.xml
16825,Menu,menu,data/data-masc/screenshots/menu/16825.jpg,data/data-masc/xml/menu/16825.xml
16839,Menu,menu,data/data-masc/screenshots/menu/16839.jpg,data/data-masc/xml/menu/16839.xml
16846,Menu,menu,data/data-masc/screenshots/menu/16846.jpg,data/data-masc/xml/menu/16846.xml
16848,Menu,menu,data/data-masc/screenshots/menu/16848.jpg,data/data-masc/xml/menu/16848.xml
16900,Menu,menu,data/data-masc/screenshots/menu/16900.jpg,data/data-masc/xml/menu/16900.xml
17000,Menu,menu,data/data-masc/screenshots/menu/17000.jpg,data/data-masc/xml/menu/17000.xml
17017,Menu,menu,data/data-masc/screenshots/menu/17017.jpg,data/data-masc/xml/menu/17017.xml
17018,Menu,menu,data/data-masc/screenshots/menu/17018.jpg,data/data-masc/xml/menu/17018.xml
17032,Menu,menu,data/data-masc/screenshots/menu/17032.jpg,data/data-masc/xml/menu/17032.xml
17050,Menu,menu,data/data-masc/screenshots/menu/17050.jpg,data/data-masc/xml/menu/17050.xml
17057,Menu,menu,data/data-masc/screenshots/menu/17057.jpg,data/data-masc/xml/menu/17057.xml
17124,Menu,menu,data/data-masc/screenshots/menu/17124.jpg,data/data-masc/xml/menu/17124.xml
17141,Menu,menu,data/data-masc/screenshots/menu/17141.jpg,data/data-masc/xml/menu/17141.xml
17151,Menu,menu,data/data-masc/screenshots/menu/17151.jpg,data/data-masc/xml/menu/17151.xml
17152,Menu,menu,data/data-masc/screenshots/menu/17152.jpg,data/data-masc/xml/menu/17152.xml
17158,Menu,menu,data/data-masc/screenshots/menu/17158.jpg,data/data-masc/xml/menu/17158.xml
17168,Menu,menu,data/data-masc/screenshots/menu/17168.jpg,data/data-masc/xml/menu/17168.xml
17174,Menu,menu,data/data-masc/screenshots/menu/17174.jpg,data/data-masc/xml/menu/17174.xml
17384,Menu,menu,data/data-masc/screenshots/menu/17384.jpg,data/data-masc/xml/menu/17384.xml
17391,Menu,menu,data/data-masc/screenshots/menu/17391.jpg,data/data-masc/xml/menu/17391.xml
17395,Menu,menu,data/data-masc/screenshots/menu/17395.jpg,data/data-masc/xml/menu/17395.xml
17398,Menu,menu,data/data-masc/screenshots/menu/17398.jpg,data/data-masc/xml/menu/17398.xml
17403,Menu,menu,data/data-masc/screenshots/menu/17403.jpg,data/data-masc/xml/menu/17403.xml
17437,Menu,menu,data/data-masc/screenshots/menu/17437.jpg,data/data-masc/xml/menu/17437.xml
17439,Menu,menu,data/data-masc/screenshots/menu/17439.jpg,data/data-masc/xml/menu/17439.xml
17443,Menu,menu,data/data-masc/screenshots/menu/17443.jpg,data/data-masc/xml/menu/17443.xml
17493,Menu,menu,data/data-masc/screenshots/menu/17493.jpg,data/data-masc/xml/menu/17493.xml
17888,Menu,menu,data/data-masc/screenshots/menu/17888.jpg,data/data-masc/xml/menu/17888.xml
17921,Menu,menu,data/data-masc/screenshots/menu/17921.jpg,data/data-masc/xml/menu/17921.xml
17951,Menu,menu,data/data-masc/screenshots/menu/17951.jpg,data/data-masc/xml/menu/17951.xml
17959,Menu,menu,data/data-masc/screenshots/menu/17959.jpg,data/data-masc/xml/menu/17959.xml
17960,Menu,menu,data/data-masc/screenshots/menu/17960.jpg,data/data-masc/xml/menu/17960.xml
17961,Menu,menu,data/data-masc/screenshots/menu/17961.jpg,data/data-masc/xml/menu/17961.xml
17972,Menu,menu,data/data-masc/screenshots/menu/17972.jpg,data/data-masc/xml/menu/17972.xml
18042,Menu,menu,data/data-masc/screenshots/menu/18042.jpg,data/data-masc/xml/menu/18042.xml
18047,Menu,menu,data/data-masc/screenshots/menu/18047.jpg,data/data-masc/xml/menu/18047.xml
18126,Menu,menu,data/data-masc/screenshots/menu/18126.jpg,data/data-masc/xml/menu/18126.xml
18185,Menu,menu,data/data-masc/screenshots/menu/18185.jpg,data/data-masc/xml/menu/18185.xml
18194,Menu,menu,data/data-masc/screenshots/menu/18194.jpg,data/data-masc/xml/menu/18194.xml
18262,Menu,menu,data/data-masc/screenshots/menu/18262.jpg,data/data-masc/xml/menu/18262.xml
18338,Menu,menu,data/data-masc/screenshots/menu/18338.jpg,data/data-masc/xml/menu/18338.xml
18340,Menu,menu,data/data-masc/screenshots/menu/18340.jpg,data/data-masc/xml/menu/18340.xml
18401,Menu,menu,data/data-masc/screenshots/menu/18401.jpg,data/data-masc/xml/menu/18401.xml
18405,Menu,menu,data/data-masc/screenshots/menu/18405.jpg,data/data-masc/xml/menu/18405.xml
18418,Menu,menu,data/data-masc/screenshots/menu/18418.jpg,data/data-masc/xml/menu/18418.xml
18534,Menu,menu,data/data-masc/screenshots/menu/18534.jpg,data/data-masc/xml/menu/18534.xml
18639,Menu,menu,data/data-masc/screenshots/menu/18639.jpg,data/data-masc/xml/menu/18639.xml
18645,Menu,menu,data/data-masc/screenshots/menu/18645.jpg,data/data-masc/xml/menu/18645.xml
18654,Menu,menu,data/data-masc/screenshots/menu/18654.jpg,data/data-masc/xml/menu/18654.xml
18668,Menu,menu,data/data-masc/screenshots/menu/18668.jpg,data/data-masc/xml/menu/18668.xml
18766,Menu,menu,data/data-masc/screenshots/menu/18766.jpg,data/data-masc/xml/menu/18766.xml
18767,Menu,menu,data/data-masc/screenshots/menu/18767.jpg,data/data-masc/xml/menu/18767.xml
18891,Menu,menu,data/data-masc/screenshots/menu/18891.jpg,data/data-masc/xml/menu/18891.xml
19347,Menu,menu,data/data-masc/screenshots/menu/19347.jpg,data/data-masc/xml/menu/19347.xml
19355,Menu,menu,data/data-masc/screenshots/menu/19355.jpg,data/data-masc/xml/menu/19355.xml
19361,Menu,menu,data/data-masc/screenshots/menu/19361.jpg,data/data-masc/xml/menu/19361.xml
19366,Menu,menu,data/data-masc/screenshots/menu/19366.jpg,data/data-masc/xml/menu/19366.xml
19383,Menu,menu,data/data-masc/screenshots/menu/19383.jpg,data/data-masc/xml/menu/19383.xml
19386,Menu,menu,data/data-masc/screenshots/menu/19386.jpg,data/data-masc/xml/menu/19386.xml
19392,Menu,menu,data/data-masc/screenshots/menu/19392.jpg,data/data-masc/xml/menu/19392.xml
19400,Menu,menu,data/data-masc/screenshots/menu/19400.jpg,data/data-masc/xml/menu/19400.xml
19421,Menu,menu,data/data-masc/screenshots/menu/19421.jpg,data/data-masc/xml/menu/19421.xml
19424,Menu,menu,data/data-masc/screenshots/menu/19424.jpg,data/data-masc/xml/menu/19424.xml
19440,Menu,menu,data/data-masc/screenshots/menu/19440.jpg,data/data-masc/xml/menu/19440.xml
19443,Menu,menu,data/data-masc/screenshots/menu/19443.jpg,data/data-masc/xml/menu/19443.xml
19620,Menu,menu,data/data-masc/screenshots/menu/19620.jpg,data/data-masc/xml/menu/19620.xml
19656,Menu,menu,data/data-masc/screenshots/menu/19656.jpg,data/data-masc/xml/menu/19656.xml
20427,Menu,menu,data/data-masc/screenshots/menu/20427.jpg,data/data-masc/xml/menu/20427.xml
20476,Menu,menu,data/data-masc/screenshots/menu/20476.jpg,data/data-masc/xml/menu/20476.xml
21784,Menu,menu,data/data-masc/screenshots/menu/21784.jpg,data/data-masc/xml/menu/21784.xml
21785,Menu,menu,data/data-masc/screenshots/menu/21785.jpg,data/data-masc/xml/menu/21785.xml
22304,Menu,menu,data/data-masc/screenshots/menu/22304.jpg,data/data-masc/xml/menu/22304.xml
22305,Menu,menu,data/data-masc/screenshots/menu/22305.jpg,data/data-masc/xml/menu/22305.xml
22309,Menu,menu,data/data-masc/screenshots/menu/22309.jpg,data/data-masc/xml/menu/22309.xml
22322,Menu,menu,data/data-masc/screenshots/menu/22322.jpg,data/data-masc/xml/menu/22322.xml
22487,Menu,menu,data/data-masc/screenshots/menu/22487.jpg,data/data-masc/xml/menu/22487.xml
23074,Menu,menu,data/data-masc/screenshots/menu/23074.jpg,data/data-masc/xml/menu/23074.xml
23177,Menu,menu,data/data-masc/screenshots/menu/23177.jpg,data/data-masc/xml/menu/23177.xml
24004,Menu,menu,data/data-masc/screenshots/menu/24004.jpg,data/data-masc/xml/menu/24004.xml
24246,Menu,menu,data/data-masc/screenshots/menu/24246.jpg,data/data-masc/xml/menu/24246.xml
24251,Menu,menu,data/data-masc/screenshots/menu/24251.jpg,data/data-masc/xml/menu/24251.xml
24269,Menu,menu,data/data-masc/screenshots/menu/24269.jpg,data/data-masc/xml/menu/24269.xml
24579,Menu,menu,data/data-masc/screenshots/menu/24579.jpg,data/data-masc/xml/menu/24579.xml
24701,Menu,menu,data/data-masc/screenshots/menu/24701.jpg,data/data-masc/xml/menu/24701.xml
24789,Menu,menu,data/data-masc/screenshots/menu/24789.jpg,data/data-masc/xml/menu/24789.xml
25544,Menu,menu,data/data-masc/screenshots/menu/25544.jpg,data/data-masc/xml/menu/25544.xml
25919,Menu,menu,data/data-masc/screenshots/menu/25919.jpg,data/data-masc/xml/menu/25919.xml
26112,Menu,menu,data/data-masc/screenshots/menu/26112.jpg,data/data-masc/xml/menu/26112.xml
26120,Menu,menu,data/data-masc/screenshots/menu/26120.jpg,data/data-masc/xml/menu/26120.xml
26878,Menu,menu,data/data-masc/screenshots/menu/26878.jpg,data/data-masc/xml/menu/26878.xml
27884,Menu,menu,data/data-masc/screenshots/menu/27884.jpg,data/data-masc/xml/menu/27884.xml
29983,Menu,menu,data/data-masc/screenshots/menu/29983.jpg,data/data-masc/xml/menu/29983.xml
29992,Menu,menu,data/data-masc/screenshots/menu/29992.jpg,data/data-masc/xml/menu/29992.xml
30007,Menu,menu,data/data-masc/screenshots/menu/30007.jpg,data/data-masc/xml/menu/30007.xml
31896,Menu,menu,data/data-masc/screenshots/menu/31896.jpg,data/data-masc/xml/menu/31896.xml
32115,Menu,menu,data/data-masc/screenshots/menu/32115.jpg,data/data-masc/xml/menu/32115.xml
32175,Menu,menu,data/data-masc/screenshots/menu/32175.jpg,data/data-masc/xml/menu/32175.xml
32890,Menu,menu,data/data-masc/screenshots/menu/32890.jpg,data/data-masc/xml/menu/32890.xml
33012,Menu,menu,data/data-masc/screenshots/menu/33012.jpg,data/data-masc/xml/menu/33012.xml
33918,Menu,menu,data/data-masc/screenshots/menu/33918.jpg,data/data-masc/xml/menu/33918.xml
34311,Menu,menu,data/data-masc/screenshots/menu/34311.jpg,data/data-masc/xml/menu/34311.xml
34333,Menu,menu,data/data-masc/screenshots/menu/34333.jpg,data/data-masc/xml/menu/34333.xml
34595,Menu,menu,data/data-masc/screenshots/menu/34595.jpg,data/data-masc/xml/menu/34595.xml
34781,Menu,menu,data/data-masc/screenshots/menu/34781.jpg,data/data-masc/xml/menu/34781.xml
34866,Menu,menu,data/data-masc/screenshots/menu/34866.jpg,data/data-masc/xml/menu/34866.xml
35218,Menu,menu,data/data-masc/screenshots/menu/35218.jpg,data/data-masc/xml/menu/35218.xml
35609,Menu,menu,data/data-masc/screenshots/menu/35609.jpg,data/data-masc/xml/menu/35609.xml
35640,Menu,menu,data/data-masc/screenshots/menu/35640.jpg,data/data-masc/xml/menu/35640.xml
37583,Menu,menu,data/data-masc/screenshots/menu/37583.jpg,data/data-masc/xml/menu/37583.xml
37883,Menu,menu,data/data-masc/screenshots/menu/37883.jpg,data/data-masc/xml/menu/37883.xml
37885,Menu,menu,data/data-masc/screenshots/menu/37885.jpg,data/data-masc/xml/menu/37885.xml
38575,Menu,menu,data/data-masc/screenshots/menu/38575.jpg,data/data-masc/xml/menu/38575.xml
39600,Menu,menu,data/data-masc/screenshots/menu/39600.jpg,data/data-masc/xml/menu/39600.xml
39880,Menu,menu,data/data-masc/screenshots/menu/39880.jpg,data/data-masc/xml/menu/39880.xml
42492,Menu,menu,data/data-masc/screenshots/menu/42492.jpg,data/data-masc/xml/menu/42492.xml
43148,Menu,menu,data/data-masc/screenshots/menu/43148.jpg,data/data-masc/xml/menu/43148.xml
43339,Menu,menu,data/data-masc/screenshots/menu/43339.jpg,data/data-masc/xml/menu/43339.xml
43892,Menu,menu,data/data-masc/screenshots/menu/43892.jpg,data/data-masc/xml/menu/43892.xml
44718,Menu,menu,data/data-masc/screenshots/menu/44718.jpg,data/data-masc/xml/menu/44718.xml
45945,Menu,menu,data/data-masc/screenshots/menu/45945.jpg,data/data-masc/xml/menu/45945.xml
47203,Menu,menu,data/data-masc/screenshots/menu/47203.jpg,data/data-masc/xml/menu/47203.xml
47540,Menu,menu,data/data-masc/screenshots/menu/47540.jpg,data/data-masc/xml/menu/47540.xml
47546,Menu,menu,data/data-masc/screenshots/menu/47546.jpg,data/data-masc/xml/menu/47546.xml
47557,Menu,menu,data/data-masc/screenshots/menu/47557.jpg,data/data-masc/xml/menu/47557.xml
47707,Menu,menu,data/data-masc/screenshots/menu/47707.jpg,data/data-masc/xml/menu/47707.xml
48153,Menu,menu,data/data-masc/screenshots/menu/48153.jpg,data/data-masc/xml/menu/48153.xml
48248,Menu,menu,data/data-masc/screenshots/menu/48248.jpg,data/data-masc/xml/menu/48248.xml
48253,Menu,menu,data/data-masc/screenshots/menu/48253.jpg,data/data-masc/xml/menu/48253.xml
48702,Menu,menu,data/data-masc/screenshots/menu/48702.jpg,data/data-masc/xml/menu/48702.xml
49225,Menu,menu,data/data-masc/screenshots/menu/49225.jpg,data/data-masc/xml/menu/49225.xml
49704,Menu,menu,data/data-masc/screenshots/menu/49704.jpg,data/data-masc/xml/menu/49704.xml
50143,Menu,menu,data/data-masc/screenshots/menu/50143.jpg,data/data-masc/xml/menu/50143.xml
50400,Menu,menu,data/data-masc/screenshots/menu/50400.jpg,data/data-masc/xml/menu/50400.xml
50839,Menu,menu,data/data-masc/screenshots/menu/50839.jpg,data/data-masc/xml/menu/50839.xml
51927,Menu,menu,data/data-masc/screenshots/menu/51927.jpg,data/data-masc/xml/menu/51927.xml
52304,Menu,menu,data/data-masc/screenshots/menu/52304.jpg,data/data-masc/xml/menu/52304.xml
52711,Menu,menu,data/data-masc/screenshots/menu/52711.jpg,data/data-masc/xml/menu/52711.xml
52717,Menu,menu,data/data-masc/screenshots/menu/52717.jpg,data/data-masc/xml/menu/52717.xml
53075,Menu,menu,data/data-masc/screenshots/menu/53075.jpg,data/data-masc/xml/menu/53075.xml
53086,Menu,menu,data/data-masc/screenshots/menu/53086.jpg,data/data-masc/xml/menu/53086.xml
53100,Menu,menu,data/data-masc/screenshots/menu/53100.jpg,data/data-masc/xml/menu/53100.xml
53105,Menu,menu,data/data-masc/screenshots/menu/53105.jpg,data/data-masc/xml/menu/53105.xml
53110,Menu,menu,data/data-masc/screenshots/menu/53110.jpg,data/data-masc/xml/menu/53110.xml
53124,Menu,menu,data/data-masc/screenshots/menu/53124.jpg,data/data-masc/xml/menu/53124.xml
53329,Menu,menu,data/data-masc/screenshots/menu/53329.jpg,data/data-masc/xml/menu/53329.xml
53333,Menu,menu,data/data-masc/screenshots/menu/53333.jpg,data/data-masc/xml/menu/53333.xml
54433,Menu,menu,data/data-masc/screenshots/menu/54433.jpg,data/data-masc/xml/menu/54433.xml
54440,Menu,menu,data/data-masc/screenshots/menu/54440.jpg,data/data-masc/xml/menu/54440.xml
54537,Menu,menu,data/data-masc/screenshots/menu/54537.jpg,data/data-masc/xml/menu/54537.xml
54918,Menu,menu,data/data-masc/screenshots/menu/54918.jpg,data/data-masc/xml/menu/54918.xml
55504,Menu,menu,data/data-masc/screenshots/menu/55504.jpg,data/data-masc/xml/menu/55504.xml
57025,Menu,menu,data/data-masc/screenshots/menu/57025.jpg,data/data-masc/xml/menu/57025.xml
57339,Menu,menu,data/data-masc/screenshots/menu/57339.jpg,data/data-masc/xml/menu/57339.xml
57747,Menu,menu,data/data-masc/screenshots/menu/57747.jpg,data/data-masc/xml/menu/57747.xml
58044,Menu,menu,data/data-masc/screenshots/menu/58044.jpg,data/data-masc/xml/menu/58044.xml
58067,Menu,menu,data/data-masc/screenshots/menu/58067.jpg,data/data-masc/xml/menu/58067.xml
58430,Menu,menu,data/data-masc/screenshots/menu/58430.jpg,data/data-masc/xml/menu/58430.xml
59123,Menu,menu,data/data-masc/screenshots/menu/59123.jpg,data/data-masc/xml/menu/59123.xml
60052,Menu,menu,data/data-masc/screenshots/menu/60052.jpg,data/data-masc/xml/menu/60052.xml
60173,Menu,menu,data/data-masc/screenshots/menu/60173.jpg,data/data-masc/xml/menu/60173.xml
60264,Menu,menu,data/data-masc/screenshots/menu/60264.jpg,data/data-masc/xml/menu/60264.xml
61217,Menu,menu,data/data-masc/screenshots/menu/61217.jpg,data/data-masc/xml/menu/61217.xml
62012,Menu,menu,data/data-masc/screenshots/menu/62012.jpg,data/data-masc/xml/menu/62012.xml
62274,Menu,menu,data/data-masc/screenshots/menu/62274.jpg,data/data-masc/xml/menu/62274.xml
62940,Menu,menu,data/data-masc/screenshots/menu/62940.jpg,data/data-masc/xml/menu/62940.xml
63015,Menu,menu,data/data-masc/screenshots/menu/63015.jpg,data/data-masc/xml/menu/63015.xml
66309,Menu,menu,data/data-masc/screenshots/menu/66309.jpg,data/data-masc/xml/menu/66309.xml
66563,Menu,menu,data/data-masc/screenshots/menu/66563.jpg,data/data-masc/xml/menu/66563.xml
68492,Menu,menu,data/data-masc/screenshots/menu/68492.jpg,data/data-masc/xml/menu/68492.xml
69297,Menu,menu,data/data-masc/screenshots/menu/69297.jpg,data/data-masc/xml/menu/69297.xml
69622,Menu,menu,data/data-masc/screenshots/menu/69622.jpg,data/data-masc/xml/menu/69622.xml
71103,Menu,menu,data/data-masc/screenshots/menu/71103.jpg,data/data-masc/xml/menu/71103.xml
71307,Menu,menu,data/data-masc/screenshots/menu/71307.jpg,data/data-masc/xml/menu/71307.xml
180,Profile,profile,data/data-masc/screenshots/profile/180.jpg,data/data-masc/xml/profile/180.xml
247,Profile,profile,data/data-masc/screenshots/profile/247.jpg,data/data-masc/xml/profile/247.xml
926,Profile,profile,data/data-masc/screenshots/profile/926.jpg,data/data-masc/xml/profile/926.xml
1065,Profile,profile,data/data-masc/screenshots/profile/1065.jpg,data/data-masc/xml/profile/1065.xml
1068,Profile,profile,data/data-masc/screenshots/profile/1068.jpg,data/data-masc/xml/profile/1068.xml
1069,Profile,profile,data/data-masc/screenshots/profile/1069.jpg,data/data-masc/xml/profile/1069.xml
1151,Profile,profile,data/data-masc/screenshots/profile/1151.jpg,data/data-masc/xml/profile/1151.xml
1281,Profile,profile,data/data-masc/screenshots/profile/1281.jpg,data/data-masc/xml/profile/1281.xml
1371,Profile,profile,data/data-masc/screenshots/profile/1371.jpg,data/data-masc/xml/profile/1371.xml
1553,Profile,profile,data/data-masc/screenshots/profile/1553.jpg,data/data-masc/xml/profile/1553.xml
1886,Profile,profile,data/data-masc/screenshots/profile/1886.jpg,data/data-masc/xml/profile/1886.xml
2325,Profile,profile,data/data-masc/screenshots/profile/2325.jpg,data/data-masc/xml/profile/2325.xml
2448,Profile,profile,data/data-masc/screenshots/profile/2448.jpg,data/data-masc/xml/profile/2448.xml
2517,Profile,profile,data/data-masc/screenshots/profile/2517.jpg,data/data-masc/xml/profile/2517.xml
2835,Profile,profile,data/data-masc/screenshots/profile/2835.jpg,data/data-masc/xml/profile/2835.xml
3025,Profile,profile,data/data-masc/screenshots/profile/3025.jpg,data/data-masc/xml/profile/3025.xml
3496,Profile,profile,data/data-masc/screenshots/profile/3496.jpg,data/data-masc/xml/profile/3496.xml
3497,Profile,profile,data/data-masc/screenshots/profile/3497.jpg,data/data-masc/xml/profile/3497.xml
3546,Profile,profile,data/data-masc/screenshots/profile/3546.jpg,data/data-masc/xml/profile/3546.xml
3701,Profile,profile,data/data-masc/screenshots/profile/3701.jpg,data/data-masc/xml/profile/3701.xml
3789,Profile,profile,data/data-masc/screenshots/profile/3789.jpg,data/data-masc/xml/profile/3789.xml
3933,Profile,profile,data/data-masc/screenshots/profile/3933.jpg,data/data-masc/xml/profile/3933.xml
4025,Profile,profile,data/data-masc/screenshots/profile/4025.jpg,data/data-masc/xml/profile/4025.xml
4134,Profile,profile,data/data-masc/screenshots/profile/4134.jpg,data/data-masc/xml/profile/4134.xml
4271,Profile,profile,data/data-masc/screenshots/profile/4271.jpg,data/data-masc/xml/profile/4271.xml
4688,Profile,profile,data/data-masc/screenshots/profile/4688.jpg,data/data-masc/xml/profile/4688.xml
4797,Profile,profile,data/data-masc/screenshots/profile/4797.jpg,data/data-masc/xml/profile/4797.xml
4849,Profile,profile,data/data-masc/screenshots/profile/4849.jpg,data/data-masc/xml/profile/4849.xml
5253,Profile,profile,data/data-masc/screenshots/profile/5253.jpg,data/data-masc/xml/profile/5253.xml
5273,Profile,profile,data/data-masc/screenshots/profile/5273.jpg,data/data-masc/xml/profile/5273.xml
5835,Profile,profile,data/data-masc/screenshots/profile/5835.jpg,data/data-masc/xml/profile/5835.xml
6011,Profile,profile,data/data-masc/screenshots/profile/6011.jpg,data/data-masc/xml/profile/6011.xml
6224,Profile,profile,data/data-masc/screenshots/profile/6224.jpg,data/data-masc/xml/profile/6224.xml
6764,Profile,profile,data/data-masc/screenshots/profile/6764.jpg,data/data-masc/xml/profile/6764.xml
6877,Profile,profile,data/data-masc/screenshots/profile/6877.jpg,data/data-masc/xml/profile/6877.xml
7071,Profile,profile,data/data-masc/screenshots/profile/7071.jpg,data/data-masc/xml/profile/7071.xml
7112,Profile,profile,data/data-masc/screenshots/profile/7112.jpg,data/data-masc/xml/profile/7112.xml
7198,Profile,profile,data/data-masc/screenshots/profile/7198.jpg,data/data-masc/xml/profile/7198.xml
7236,Profile,profile,data/data-masc/screenshots/profile/7236.jpg,data/data-masc/xml/profile/7236.xml
7788,Profile,profile,data/data-masc/screenshots/profile/7788.jpg,data/data-masc/xml/profile/7788.xml
8444,Profile,profile,data/data-masc/screenshots/profile/8444.jpg,data/data-masc/xml/profile/8444.xml
8547,Profile,profile,data/data-masc/screenshots/profile/8547.jpg,data/data-masc/xml/profile/8547.xml
8732,Profile,profile,data/data-masc/screenshots/profile/8732.jpg,data/data-masc/xml/profile/8732.xml
9261,Profile,profile,data/data-masc/screenshots/profile/9261.jpg,data/data-masc/xml/profile/9261.xml
9550,Profile,profile,data/data-masc/screenshots/profile/9550.jpg,data/data-masc/xml/profile/9550.xml
9631,Profile,profile,data/data-masc/screenshots/profile/9631.jpg,data/data-masc/xml/profile/9631.xml
10210,Profile,profile,data/data-masc/screenshots/profile/10210.jpg,data/data-masc/xml/profile/10210.xml
10247,Profile,profile,data/data-masc/screenshots/profile/10247.jpg,data/data-masc/xml/profile/10247.xml
10279,Profile,profile,data/data-masc/screenshots/profile/10279.jpg,data/data-masc/xml/profile/10279.xml
10280,Profile,profile,data/data-masc/screenshots/profile/10280.jpg,data/data-masc/xml/profile/10280.xml
10614,Profile,profile,data/data-masc/screenshots/profile/10614.jpg,data/data-masc/xml/profile/10614.xml
10985,Profile,profile,data/data-masc/screenshots/profile/10985.jpg,data/data-masc/xml/profile/10985.xml
11107,Profile,profile,data/data-masc/screenshots/profile/11107.jpg,data/data-masc/xml/profile/11107.xml
11122,Profile,profile,data/data-masc/screenshots/profile/11122.jpg,data/data-masc/xml/profile/11122.xml
11233,Profile,profile,data/data-masc/screenshots/profile/11233.jpg,data/data-masc/xml/profile/11233.xml
11502,Profile,profile,data/data-masc/screenshots/profile/11502.jpg,data/data-masc/xml/profile/11502.xml
12240,Profile,profile,data/data-masc/screenshots/profile/12240.jpg,data/data-masc/xml/profile/12240.xml
12275,Profile,profile,data/data-masc/screenshots/profile/12275.jpg,data/data-masc/xml/profile/12275.xml
12617,Profile,profile,data/data-masc/screenshots/profile/12617.jpg,data/data-masc/xml/profile/12617.xml
12828,Profile,profile,data/data-masc/screenshots/profile/12828.jpg,data/data-masc/xml/profile/12828.xml
12924,Profile,profile,data/data-masc/screenshots/profile/12924.jpg,data/data-masc/xml/profile/12924.xml
12926,Profile,profile,data/data-masc/screenshots/profile/12926.jpg,data/data-masc/xml/profile/12926.xml
12952,Profile,profile,data/data-masc/screenshots/profile/12952.jpg,data/data-masc/xml/profile/12952.xml
13107,Profile,profile,data/data-masc/screenshots/profile/13107.jpg,data/data-masc/xml/profile/13107.xml
13117,Profile,profile,data/data-masc/screenshots/profile/13117.jpg,data/data-masc/xml/profile/13117.xml
13455,Profile,profile,data/data-masc/screenshots/profile/13455.jpg,data/data-masc/xml/profile/13455.xml
13800,Profile,profile,data/data-masc/screenshots/profile/13800.jpg,data/data-masc/xml/profile/13800.xml
14731,Profile,profile,data/data-masc/screenshots/profile/14731.jpg,data/data-masc/xml/profile/14731.xml
14911,Profile,profile,data/data-masc/screenshots/profile/14911.jpg,data/data-masc/xml/profile/14911.xml
15040,Profile,profile,data/data-masc/screenshots/profile/15040.jpg,data/data-masc/xml/profile/15040.xml
15173,Profile,profile,data/data-masc/screenshots/profile/15173.jpg,data/data-masc/xml/profile/15173.xml
15315,Profile,profile,data/data-masc/screenshots/profile/15315.jpg,data/data-masc/xml/profile/15315.xml
15660,Profile,profile,data/data-masc/screenshots/profile/15660.jpg,data/data-masc/xml/profile/15660.xml
15666,Profile,profile,data/data-masc/screenshots/profile/15666.jpg,data/data-masc/xml/profile/15666.xml
15802,Profile,profile,data/data-masc/screenshots/profile/15802.jpg,data/data-masc/xml/profile/15802.xml
15880,Profile,profile,data/data-masc/screenshots/profile/15880.jpg,data/data-masc/xml/profile/15880.xml
15931,Profile,profile,data/data-masc/screenshots/profile/15931.jpg,data/data-masc/xml/profile/15931.xml
16267,Profile,profile,data/data-masc/screenshots/profile/16267.jpg,data/data-masc/xml/profile/16267.xml
16339,Profile,profile,data/data-masc/screenshots/profile/16339.jpg,data/data-masc/xml/profile/16339.xml
16387,Profile,profile,data/data-masc/screenshots/profile/16387.jpg,data/data-masc/xml/profile/16387.xml
16499,Profile,profile,data/data-masc/screenshots/profile/16499.jpg,data/data-masc/xml/profile/16499.xml
16850,Profile,profile,data/data-masc/screenshots/profile/16850.jpg,data/data-masc/xml/profile/16850.xml
17091,Profile,profile,data/data-masc/screenshots/profile/17091.jpg,data/data-masc/xml/profile/17091.xml
17161,Profile,profile,data/data-masc/screenshots/profile/17161.jpg,data/data-masc/xml/profile/17161.xml
17197,Profile,profile,data/data-masc/screenshots/profile/17197.jpg,data/data-masc/xml/profile/17197.xml
17255,Profile,profile,data/data-masc/screenshots/profile/17255.jpg,data/data-masc/xml/profile/17255.xml
17290,Profile,profile,data/data-masc/screenshots/profile/17290.jpg,data/data-masc/xml/profile/17290.xml
17303,Profile,profile,data/data-masc/screenshots/profile/17303.jpg,data/data-masc/xml/profile/17303.xml
17873,Profile,profile,data/data-masc/screenshots/profile/17873.jpg,data/data-masc/xml/profile/17873.xml
18353,Profile,profile,data/data-masc/screenshots/profile/18353.jpg,data/data-masc/xml/profile/18353.xml
18575,Profile,profile,data/data-masc/screenshots/profile/18575.jpg,data/data-masc/xml/profile/18575.xml
18583,Profile,profile,data/data-masc/screenshots/profile/18583.jpg,data/data-masc/xml/profile/18583.xml
18587,Profile,profile,data/data-masc/screenshots/profile/18587.jpg,data/data-masc/xml/profile/18587.xml
18588,Profile,profile,data/data-masc/screenshots/profile/18588.jpg,data/data-masc/xml/profile/18588.xml
18596,Profile,profile,data/data-masc/screenshots/profile/18596.jpg,data/data-masc/xml/profile/18596.xml
19032,Profile,profile,data/data-masc/screenshots/profile/19032.jpg,data/data-masc/xml/profile/19032.xml
19306,Profile,profile,data/data-masc/screenshots/profile/19306.jpg,data/data-masc/xml/profile/19306.xml
19452,Profile,profile,data/data-masc/screenshots/profile/19452.jpg,data/data-masc/xml/profile/19452.xml
19614,Profile,profile,data/data-masc/screenshots/profile/19614.jpg,data/data-masc/xml/profile/19614.xml
19787,Profile,profile,data/data-masc/screenshots/profile/19787.jpg,data/data-masc/xml/profile/19787.xml
19792,Profile,profile,data/data-masc/screenshots/profile/19792.jpg,data/data-masc/xml/profile/19792.xml
19798,Profile,profile,data/data-masc/screenshots/profile/19798.jpg,data/data-masc/xml/profile/19798.xml
20016,Profile,profile,data/data-masc/screenshots/profile/20016.jpg,data/data-masc/xml/profile/20016.xml
20061,Profile,profile,data/data-masc/screenshots/profile/20061.jpg,data/data-masc/xml/profile/20061.xml
20139,Profile,profile,data/data-masc/screenshots/profile/20139.jpg,data/data-masc/xml/profile/20139.xml
20148,Profile,profile,data/data-masc/screenshots/profile/20148.jpg,data/data-masc/xml/profile/20148.xml
20780,Profile,profile,data/data-masc/screenshots/profile/20780.jpg,data/data-masc/xml/profile/20780.xml
20782,Profile,profile,data/data-masc/screenshots/profile/20782.jpg,data/data-masc/xml/profile/20782.xml
21050,Profile,profile,data/data-masc/screenshots/profile/21050.jpg,data/data-masc/xml/profile/21050.xml
21103,Profile,profile,data/data-masc/screenshots/profile/21103.jpg,data/data-masc/xml/profile/21103.xml
21313,Profile,profile,data/data-masc/screenshots/profile/21313.jpg,data/data-masc/xml/profile/21313.xml
21820,Profile,profile,data/data-masc/screenshots/profile/21820.jpg,data/data-masc/xml/profile/21820.xml
22059,Profile,profile,data/data-masc/screenshots/profile/22059.jpg,data/data-masc/xml/profile/22059.xml
22176,Profile,profile,data/data-masc/screenshots/profile/22176.jpg,data/data-masc/xml/profile/22176.xml
22258,Profile,profile,data/data-masc/screenshots/profile/22258.jpg,data/data-masc/xml/profile/22258.xml
22453,Profile,profile,data/data-masc/screenshots/profile/22453.jpg,data/data-masc/xml/profile/22453.xml
22458,Profile,profile,data/data-masc/screenshots/profile/22458.jpg,data/data-masc/xml/profile/22458.xml
23225,Profile,profile,data/data-masc/screenshots/profile/23225.jpg,data/data-masc/xml/profile/23225.xml
23591,Profile,profile,data/data-masc/screenshots/profile/23591.jpg,data/data-masc/xml/profile/23591.xml
23801,Profile,profile,data/data-masc/screenshots/profile/23801.jpg,data/data-masc/xml/profile/23801.xml
23887,Profile,profile,data/data-masc/screenshots/profile/23887.jpg,data/data-masc/xml/profile/23887.xml
24069,Profile,profile,data/data-masc/screenshots/profile/24069.jpg,data/data-masc/xml/profile/24069.xml
24458,Profile,profile,data/data-masc/screenshots/profile/24458.jpg,data/data-masc/xml/profile/24458.xml
24896,Profile,profile,data/data-masc/screenshots/profile/24896.jpg,data/data-masc/xml/profile/24896.xml
26062,Profile,profile,data/data-masc/screenshots/profile/26062.jpg,data/data-masc/xml/profile/26062.xml
26107,Profile,profile,data/data-masc/screenshots/profile/26107.jpg,data/data-masc/xml/profile/26107.xml
27614,Profile,profile,data/data-masc/screenshots/profile/27614.jpg,data/data-masc/xml/profile/27614.xml
27819,Profile,profile,data/data-masc/screenshots/profile/27819.jpg,data/data-masc/xml/profile/27819.xml
28023,Profile,profile,data/data-masc/screenshots/profile/28023.jpg,data/data-masc/xml/profile/28023.xml
28025,Profile,profile,data/data-masc/screenshots/profile/28025.jpg,data/data-masc/xml/profile/28025.xml
28030,Profile,profile,data/data-masc/screenshots/profile/28030.jpg,data/data-masc/xml/profile/28030.xml
28113,Profile,profile,data/data-masc/screenshots/profile/28113.jpg,data/data-masc/xml/profile/28113.xml
28221,Profile,profile,data/data-masc/screenshots/profile/28221.jpg,data/data-masc/xml/profile/28221.xml
28652,Profile,profile,data/data-masc/screenshots/profile/28652.jpg,data/data-masc/xml/profile/28652.xml
29053,Profile,profile,data/data-masc/screenshots/profile/29053.jpg,data/data-masc/xml/profile/29053.xml
29070,Profile,profile,data/data-masc/screenshots/profile/29070.jpg,data/data-masc/xml/profile/29070.xml
29465,Profile,profile,data/data-masc/screenshots/profile/29465.jpg,data/data-masc/xml/profile/29465.xml
29535,Profile,profile,data/data-masc/screenshots/profile/29535.jpg,data/data-masc/xml/profile/29535.xml
29918,Profile,profile,data/data-masc/screenshots/profile/29918.jpg,data/data-masc/xml/profile/29918.xml
30249,Profile,profile,data/data-masc/screenshots/profile/30249.jpg,data/data-masc/xml/profile/30249.xml
30602,Profile,profile,data/data-masc/screenshots/profile/30602.jpg,data/data-masc/xml/profile/30602.xml
30612,Profile,profile,data/data-masc/screenshots/profile/30612.jpg,data/data-masc/xml/profile/30612.xml
31005,Profile,profile,data/data-masc/screenshots/profile/31005.jpg,data/data-masc/xml/profile/31005.xml
31046,Profile,profile,data/data-masc/screenshots/profile/31046.jpg,data/data-masc/xml/profile/31046.xml
31104,Profile,profile,data/data-masc/screenshots/profile/31104.jpg,data/data-masc/xml/profile/31104.xml
31410,Profile,profile,data/data-masc/screenshots/profile/31410.jpg,data/data-masc/xml/profile/31410.xml
31428,Profile,profile,data/data-masc/screenshots/profile/31428.jpg,data/data-masc/xml/profile/31428.xml
31518,Profile,profile,data/data-masc/screenshots/profile/31518.jpg,data/data-masc/xml/profile/31518.xml
32191,Profile,profile,data/data-masc/screenshots/profile/32191.jpg,data/data-masc/xml/profile/32191.xml
32470,Profile,profile,data/data-masc/screenshots/profile/32470.jpg,data/data-masc/xml/profile/32470.xml
32498,Profile,profile,data/data-masc/screenshots/profile/32498.jpg,data/data-masc/xml/profile/32498.xml
32570,Profile,profile,data/data-masc/screenshots/profile/32570.jpg,data/data-masc/xml/profile/32570.xml
32714,Profile,profile,data/data-masc/screenshots/profile/32714.jpg,data/data-masc/xml/profile/32714.xml
33339,Profile,profile,data/data-masc/screenshots/profile/33339.jpg,data/data-masc/xml/profile/33339.xml
33766,Profile,profile,data/data-masc/screenshots/profile/33766.jpg,data/data-masc/xml/profile/33766.xml
34185,Profile,profile,data/data-masc/screenshots/profile/34185.jpg,data/data-masc/xml/profile/34185.xml
34215,Profile,profile,data/data-masc/screenshots/profile/34215.jpg,data/data-masc/xml/profile/34215.xml
34343,Profile,profile,data/data-masc/screenshots/profile/34343.jpg,data/data-masc/xml/profile/34343.xml
34402,Profile,profile,data/data-masc/screenshots/profile/34402.jpg,data/data-masc/xml/profile/34402.xml
34408,Profile,profile,data/data-masc/screenshots/profile/34408.jpg,data/data-masc/xml/profile/34408.xml
34519,Profile,profile,data/data-masc/screenshots/profile/34519.jpg,data/data-masc/xml/profile/34519.xml
34616,Profile,profile,data/data-masc/screenshots/profile/34616.jpg,data/data-masc/xml/profile/34616.xml
35208,Profile,profile,data/data-masc/screenshots/profile/35208.jpg,data/data-masc/xml/profile/35208.xml
35269,Profile,profile,data/data-masc/screenshots/profile/35269.jpg,data/data-masc/xml/profile/35269.xml
35285,Profile,profile,data/data-masc/screenshots/profile/35285.jpg,data/data-masc/xml/profile/35285.xml
35716,Profile,profile,data/data-masc/screenshots/profile/35716.jpg,data/data-masc/xml/profile/35716.xml
36136,Profile,profile,data/data-masc/screenshots/profile/36136.jpg,data/data-masc/xml/profile/36136.xml
36373,Profile,profile,data/data-masc/screenshots/profile/36373.jpg,data/data-masc/xml/profile/36373.xml
36380,Profile,profile,data/data-masc/screenshots/profile/36380.jpg,data/data-masc/xml/profile/36380.xml
36565,Profile,profile,data/data-masc/screenshots/profile/36565.jpg,data/data-masc/xml/profile/36565.xml
36917,Profile,profile,data/data-masc/screenshots/profile/36917.jpg,data/data-masc/xml/profile/36917.xml
36973,Profile,profile,data/data-masc/screenshots/profile/36973.jpg,data/data-masc/xml/profile/36973.xml
37226,Profile,profile,data/data-masc/screenshots/profile/37226.jpg,data/data-masc/xml/profile/37226.xml
37276,Profile,profile,data/data-masc/screenshots/profile/37276.jpg,data/data-masc/xml/profile/37276.xml
37413,Profile,profile,data/data-masc/screenshots/profile/37413.jpg,data/data-masc/xml/profile/37413.xml
37541,Profile,profile,data/data-masc/screenshots/profile/37541.jpg,data/data-masc/xml/profile/37541.xml
37690,Profile,profile,data/data-masc/screenshots/profile/37690.jpg,data/data-masc/xml/profile/37690.xml
37728,Profile,profile,data/data-masc/screenshots/profile/37728.jpg,data/data-masc/xml/profile/37728.xml
37898,Profile,profile,data/data-masc/screenshots/profile/37898.jpg,data/data-masc/xml/profile/37898.xml
37913,Profile,profile,data/data-masc/screenshots/profile/37913.jpg,data/data-masc/xml/profile/37913.xml
37918,Profile,profile,data/data-masc/screenshots/profile/37918.jpg,data/data-masc/xml/profile/37918.xml
37922,Profile,profile,data/data-masc/screenshots/profile/37922.jpg,data/data-masc/xml/profile/37922.xml
38538,Profile,profile,data/data-masc/screenshots/profile/38538.jpg,data/data-masc/xml/profile/38538.xml
38539,Profile,profile,data/data-masc/screenshots/profile/38539.jpg,data/data-masc/xml/profile/38539.xml
38585,Profile,profile,data/data-masc/screenshots/profile/38585.jpg,data/data-masc/xml/profile/38585.xml
38819,Profile,profile,data/data-masc/screenshots/profile/38819.jpg,data/data-masc/xml/profile/38819.xml
39058,Profile,profile,data/data-masc/screenshots/profile/39058.jpg,data/data-masc/xml/profile/39058.xml
39239,Profile,profile,data/data-masc/screenshots/profile/39239.jpg,data/data-masc/xml/profile/39239.xml
39521,Profile,profile,data/data-masc/screenshots/profile/39521.jpg,data/data-masc/xml/profile/39521.xml
39524,Profile,profile,data/data-masc/screenshots/profile/39524.jpg,data/data-masc/xml/profile/39524.xml
39732,Profile,profile,data/data-masc/screenshots/profile/39732.jpg,data/data-masc/xml/profile/39732.xml
39813,Profile,profile,data/data-masc/screenshots/profile/39813.jpg,data/data-masc/xml/profile/39813.xml
40010,Profile,profile,data/data-masc/screenshots/profile/40010.jpg,data/data-masc/xml/profile/40010.xml
40102,Profile,profile,data/data-masc/screenshots/profile/40102.jpg,data/data-masc/xml/profile/40102.xml
40112,Profile,profile,data/data-masc/screenshots/profile/40112.jpg,data/data-masc/xml/profile/40112.xml
40495,Profile,profile,data/data-masc/screenshots/profile/40495.jpg,data/data-masc/xml/profile/40495.xml
40500,Profile,profile,data/data-masc/screenshots/profile/40500.jpg,data/data-masc/xml/profile/40500.xml
40560,Profile,profile,data/data-masc/screenshots/profile/40560.jpg,data/data-masc/xml/profile/40560.xml
40627,Profile,profile,data/data-masc/screenshots/profile/40627.jpg,data/data-masc/xml/profile/40627.xml
41174,Profile,profile,data/data-masc/screenshots/profile/41174.jpg,data/data-masc/xml/profile/41174.xml
42205,Profile,profile,data/data-masc/screenshots/profile/42205.jpg,data/data-masc/xml/profile/42205.xml
42494,Profile,profile,data/data-masc/screenshots/profile/42494.jpg,data/data-masc/xml/profile/42494.xml
42705,Profile,profile,data/data-masc/screenshots/profile/42705.jpg,data/data-masc/xml/profile/42705.xml
43094,Profile,profile,data/data-masc/screenshots/profile/43094.jpg,data/data-masc/xml/profile/43094.xml
43104,Profile,profile,data/data-masc/screenshots/profile/43104.jpg,data/data-masc/xml/profile/43104.xml
43195,Profile,profile,data/data-masc/screenshots/profile/43195.jpg,data/data-masc/xml/profile/43195.xml
43407,Profile,profile,data/data-masc/screenshots/profile/43407.jpg,data/data-masc/xml/profile/43407.xml
43462,Profile,profile,data/data-masc/screenshots/profile/43462.jpg,data/data-masc/xml/profile/43462.xml
43769,Profile,profile,data/data-masc/screenshots/profile/43769.jpg,data/data-masc/xml/profile/43769.xml
43837,Profile,profile,data/data-masc/screenshots/profile/43837.jpg,data/data-masc/xml/profile/43837.xml
43956,Profile,profile,data/data-masc/screenshots/profile/43956.jpg,data/data-masc/xml/profile/43956.xml
43977,Profile,profile,data/data-masc/screenshots/profile/43977.jpg,data/data-masc/xml/profile/43977.xml
44149,Profile,profile,data/data-masc/screenshots/profile/44149.jpg,data/data-masc/xml/profile/44149.xml
44423,Profile,profile,data/data-masc/screenshots/profile/44423.jpg,data/data-masc/xml/profile/44423.xml
44968,Profile,profile,data/data-masc/screenshots/profile/44968.jpg,data/data-masc/xml/profile/44968.xml
44973,Profile,profile,data/data-masc/screenshots/profile/44973.jpg,data/data-masc/xml/profile/44973.xml
44988,Profile,profile,data/data-masc/screenshots/profile/44988.jpg,data/data-masc/xml/profile/44988.xml
44989,Profile,profile,data/data-masc/screenshots/profile/44989.jpg,data/data-masc/xml/profile/44989.xml
45284,Profile,profile,data/data-masc/screenshots/profile/45284.jpg,data/data-masc/xml/profile/45284.xml
45288,Profile,profile,data/data-masc/screenshots/profile/45288.jpg,data/data-masc/xml/profile/45288.xml
45526,Profile,profile,data/data-masc/screenshots/profile/45526.jpg,data/data-masc/xml/profile/45526.xml
45692,Profile,profile,data/data-masc/screenshots/profile/45692.jpg,data/data-masc/xml/profile/45692.xml
45711,Profile,profile,data/data-masc/screenshots/profile/45711.jpg,data/data-masc/xml/profile/45711.xml
45864,Profile,profile,data/data-masc/screenshots/profile/45864.jpg,data/data-masc/xml/profile/45864.xml
46085,Profile,profile,data/data-masc/screenshots/profile/46085.jpg,data/data-masc/xml/profile/46085.xml
46104,Profile,profile,data/data-masc/screenshots/profile/46104.jpg,data/data-masc/xml/profile/46104.xml
46215,Profile,profile,data/data-masc/screenshots/profile/46215.jpg,data/data-masc/xml/profile/46215.xml
46324,Profile,profile,data/data-masc/screenshots/profile/46324.jpg,data/data-masc/xml/profile/46324.xml
46329,Profile,profile,data/data-masc/screenshots/profile/46329.jpg,data/data-masc/xml/profile/46329.xml
46343,Profile,profile,data/data-masc/screenshots/profile/46343.jpg,data/data-masc/xml/profile/46343.xml
46561,Profile,profile,data/data-masc/screenshots/profile/46561.jpg,data/data-masc/xml/profile/46561.xml
46567,Profile,profile,data/data-masc/screenshots/profile/46567.jpg,data/data-masc/xml/profile/46567.xml
46634,Profile,profile,data/data-masc/screenshots/profile/46634.jpg,data/data-masc/xml/profile/46634.xml
47000,Profile,profile,data/data-masc/screenshots/profile/47000.jpg,data/data-masc/xml/profile/47000.xml
47269,Profile,profile,data/data-masc/screenshots/profile/47269.jpg,data/data-masc/xml/profile/47269.xml
47270,Profile,profile,data/data-masc/screenshots/profile/47270.jpg,data/data-masc/xml/profile/47270.xml
47422,Profile,profile,data/data-masc/screenshots/profile/47422.jpg,data/data-masc/xml/profile/47422.xml
47530,Profile,profile,data/data-masc/screenshots/profile/47530.jpg,data/data-masc/xml/profile/47530.xml
47688,Profile,profile,data/data-masc/screenshots/profile/47688.jpg,data/data-masc/xml/profile/47688.xml
47691,Profile,profile,data/data-masc/screenshots/profile/47691.jpg,data/data-masc/xml/profile/47691.xml
47694,Profile,profile,data/data-masc/screenshots/profile/47694.jpg,data/data-masc/xml/profile/47694.xml
48910,Profile,profile,data/data-masc/screenshots/profile/48910.jpg,data/data-masc/xml/profile/48910.xml
49133,Profile,profile,data/data-masc/screenshots/profile/49133.jpg,data/data-masc/xml/profile/49133.xml
49242,Profile,profile,data/data-masc/screenshots/profile/49242.jpg,data/data-masc/xml/profile/49242.xml
49283,Profile,profile,data/data-masc/screenshots/profile/49283.jpg,data/data-masc/xml/profile/49283.xml
49783,Profile,profile,data/data-masc/screenshots/profile/49783.jpg,data/data-masc/xml/profile/49783.xml
49799,Profile,profile,data/data-masc/screenshots/profile/49799.jpg,data/data-masc/xml/profile/49799.xml
49909,Profile,profile,data/data-masc/screenshots/profile/49909.jpg,data/data-masc/xml/profile/49909.xml
49911,Profile,profile,data/data-masc/screenshots/profile/49911.jpg,data/data-masc/xml/profile/49911.xml
49919,Profile,profile,data/data-masc/screenshots/profile/49919.jpg,data/data-masc/xml/profile/49919.xml
49971,Profile,profile,data/data-masc/screenshots/profile/49971.jpg,data/data-masc/xml/profile/49971.xml
50314,Profile,profile,data/data-masc/screenshots/profile/50314.jpg,data/data-masc/xml/profile/50314.xml
50316,Profile,profile,data/data-masc/screenshots/profile/50316.jpg,data/data-masc/xml/profile/50316.xml
50321,Profile,profile,data/data-masc/screenshots/profile/50321.jpg,data/data-masc/xml/profile/50321.xml
50395,Profile,profile,data/data-masc/screenshots/profile/50395.jpg,data/data-masc/xml/profile/50395.xml
50550,Profile,profile,data/data-masc/screenshots/profile/50550.jpg,data/data-masc/xml/profile/50550.xml
50556,Profile,profile,data/data-masc/screenshots/profile/50556.jpg,data/data-masc/xml/profile/50556.xml
50980,Profile,profile,data/data-masc/screenshots/profile/50980.jpg,data/data-masc/xml/profile/50980.xml
51176,Profile,profile,data/data-masc/screenshots/profile/51176.jpg,data/data-masc/xml/profile/51176.xml
51422,Profile,profile,data/data-masc/screenshots/profile/51422.jpg,data/data-masc/xml/profile/51422.xml
51432,Profile,profile,data/data-masc/screenshots/profile/51432.jpg,data/data-masc/xml/profile/51432.xml
51433,Profile,profile,data/data-masc/screenshots/profile/51433.jpg,data/data-masc/xml/profile/51433.xml
51586,Profile,profile,data/data-masc/screenshots/profile/51586.jpg,data/data-masc/xml/profile/51586.xml
51911,Profile,profile,data/data-masc/screenshots/profile/51911.jpg,data/data-masc/xml/profile/51911.xml
52273,Profile,profile,data/data-masc/screenshots/profile/52273.jpg,data/data-masc/xml/profile/52273.xml
52274,Profile,profile,data/data-masc/screenshots/profile/52274.jpg,data/data-masc/xml/profile/52274.xml
52279,Profile,profile,data/data-masc/screenshots/profile/52279.jpg,data/data-masc/xml/profile/52279.xml
53062,Profile,profile,data/data-masc/screenshots/profile/53062.jpg,data/data-masc/xml/profile/53062.xml
53944,Profile,profile,data/data-masc/screenshots/profile/53944.jpg,data/data-masc/xml/profile/53944.xml
54216,Profile,profile,data/data-masc/screenshots/profile/54216.jpg,data/data-masc/xml/profile/54216.xml
54393,Profile,profile,data/data-masc/screenshots/profile/54393.jpg,data/data-masc/xml/profile/54393.xml
54442,Profile,profile,data/data-masc/screenshots/profile/54442.jpg,data/data-masc/xml/profile/54442.xml
54813,Profile,profile,data/data-masc/screenshots/profile/54813.jpg,data/data-masc/xml/profile/54813.xml
55576,Profile,profile,data/data-masc/screenshots/profile/55576.jpg,data/data-masc/xml/profile/55576.xml
55710,Profile,profile,data/data-masc/screenshots/profile/55710.jpg,data/data-masc/xml/profile/55710.xml
55873,Profile,profile,data/data-masc/screenshots/profile/55873.jpg,data/data-masc/xml/profile/55873.xml
56300,Profile,profile,data/data-masc/screenshots/profile/56300.jpg,data/data-masc/xml/profile/56300.xml
56408,Profile,profile,data/data-masc/screenshots/profile/56408.jpg,data/data-masc/xml/profile/56408.xml
56416,Profile,profile,data/data-masc/screenshots/profile/56416.jpg,data/data-masc/xml/profile/56416.xml
56613,Profile,profile,data/data-masc/screenshots/profile/56613.jpg,data/data-masc/xml/profile/56613.xml
57106,Profile,profile,data/data-masc/screenshots/profile/57106.jpg,data/data-masc/xml/profile/57106.xml
57107,Profile,profile,data/data-masc/screenshots/profile/57107.jpg,data/data-masc/xml/profile/57107.xml
57292,Profile,profile,data/data-masc/screenshots/profile/57292.jpg,data/data-masc/xml/profile/57292.xml
58042,Profile,profile,data/data-masc/screenshots/profile/58042.jpg,data/data-masc/xml/profile/58042.xml
58115,Profile,profile,data/data-masc/screenshots/profile/58115.jpg,data/data-masc/xml/profile/58115.xml
58447,Profile,profile,data/data-masc/screenshots/profile/58447.jpg,data/data-masc/xml/profile/58447.xml
58527,Profile,profile,data/data-masc/screenshots/profile/58527.jpg,data/data-masc/xml/profile/58527.xml
58746,Profile,profile,data/data-masc/screenshots/profile/58746.jpg,data/data-masc/xml/profile/58746.xml
58920,Profile,profile,data/data-masc/screenshots/profile/58920.jpg,data/data-masc/xml/profile/58920.xml
58937,Profile,profile,data/data-masc/screenshots/profile/58937.jpg,data/data-masc/xml/profile/58937.xml
59010,Profile,profile,data/data-masc/screenshots/profile/59010.jpg,data/data-masc/xml/profile/59010.xml
59177,Profile,profile,data/data-masc/screenshots/profile/59177.jpg,data/data-masc/xml/profile/59177.xml
59417,Profile,profile,data/data-masc/screenshots/profile/59417.jpg,data/data-masc/xml/profile/59417.xml
59431,Profile,profile,data/data-masc/screenshots/profile/59431.jpg,data/data-masc/xml/profile/59431.xml
59436,Profile,profile,data/data-masc/screenshots/profile/59436.jpg,data/data-masc/xml/profile/59436.xml
59716,Profile,profile,data/data-masc/screenshots/profile/59716.jpg,data/data-masc/xml/profile/59716.xml
59804,Profile,profile,data/data-masc/screenshots/profile/59804.jpg,data/data-masc/xml/profile/59804.xml
59812,Profile,profile,data/data-masc/screenshots/profile/59812.jpg,data/data-masc/xml/profile/59812.xml
59900,Profile,profile,data/data-masc/screenshots/profile/59900.jpg,data/data-masc/xml/profile/59900.xml
60050,Profile,profile,data/data-masc/screenshots/profile/60050.jpg,data/data-masc/xml/profile/60050.xml
60055,Profile,profile,data/data-masc/screenshots/profile/60055.jpg,data/data-masc/xml/profile/60055.xml
60209,Profile,profile,data/data-masc/screenshots/profile/60209.jpg,data/data-masc/xml/profile/60209.xml
60469,Profile,profile,data/data-masc/screenshots/profile/60469.jpg,data/data-masc/xml/profile/60469.xml
60615,Profile,profile,data/data-masc/screenshots/profile/60615.jpg,data/data-masc/xml/profile/60615.xml
60823,Profile,profile,data/data-masc/screenshots/profile/60823.jpg,data/data-masc/xml/profile/60823.xml
60841,Profile,profile,data/data-masc/screenshots/profile/60841.jpg,data/data-masc/xml/profile/60841.xml
60926,Profile,profile,data/data-masc/screenshots/profile/60926.jpg,data/data-masc/xml/profile/60926.xml
60981,Profile,profile,data/data-masc/screenshots/profile/60981.jpg,data/data-masc/xml/profile/60981.xml
61306,Profile,profile,data/data-masc/screenshots/profile/61306.jpg,data/data-masc/xml/profile/61306.xml
61421,Profile,profile,data/data-masc/screenshots/profile/61421.jpg,data/data-masc/xml/profile/61421.xml
61907,Profile,profile,data/data-masc/screenshots/profile/61907.jpg,data/data-masc/xml/profile/61907.xml
62175,Profile,profile,data/data-masc/screenshots/profile/62175.jpg,data/data-masc/xml/profile/62175.xml
62327,Profile,profile,data/data-masc/screenshots/profile/62327.jpg,data/data-masc/xml/profile/62327.xml
62448,Profile,profile,data/data-masc/screenshots/profile/62448.jpg,data/data-masc/xml/profile/62448.xml
62449,Profile,profile,data/data-masc/screenshots/profile/62449.jpg,data/data-masc/xml/profile/62449.xml
62512,Profile,profile,data/data-masc/screenshots/profile/62512.jpg,data/data-masc/xml/profile/62512.xml
62517,Profile,profile,data/data-masc/screenshots/profile/62517.jpg,data/data-masc/xml/profile/62517.xml
62959,Profile,profile,data/data-masc/screenshots/profile/62959.jpg,data/data-masc/xml/profile/62959.xml
62963,Profile,profile,data/data-masc/screenshots/profile/62963.jpg,data/data-masc/xml/profile/62963.xml
63014,Profile,profile,data/data-masc/screenshots/profile/63014.jpg,data/data-masc/xml/profile/63014.xml
63051,Profile,profile,data/data-masc/screenshots/profile/63051.jpg,data/data-masc/xml/profile/63051.xml
63064,Profile,profile,data/data-masc/screenshots/profile/63064.jpg,data/data-masc/xml/profile/63064.xml
63647,Profile,profile,data/data-masc/screenshots/profile/63647.jpg,data/data-masc/xml/profile/63647.xml
64201,Profile,profile,data/data-masc/screenshots/profile/64201.jpg,data/data-masc/xml/profile/64201.xml
64217,Profile,profile,data/data-masc/screenshots/profile/64217.jpg,data/data-masc/xml/profile/64217.xml
64284,Profile,profile,data/data-masc/screenshots/profile/64284.jpg,data/data-masc/xml/profile/64284.xml
64444,Profile,profile,data/data-masc/screenshots/profile/64444.jpg,data/data-masc/xml/profile/64444.xml
64625,Profile,profile,data/data-masc/screenshots/profile/64625.jpg,data/data-masc/xml/profile/64625.xml
65338,Profile,profile,data/data-masc/screenshots/profile/65338.jpg,data/data-masc/xml/profile/65338.xml
65646,Profile,profile,data/data-masc/screenshots/profile/65646.jpg,data/data-masc/xml/profile/65646.xml
65801,Profile,profile,data/data-masc/screenshots/profile/65801.jpg,data/data-masc/xml/profile/65801.xml
65812,Profile,profile,data/data-masc/screenshots/profile/65812.jpg,data/data-masc/xml/profile/65812.xml
65817,Profile,profile,data/data-masc/screenshots/profile/65817.jpg,data/data-masc/xml/profile/65817.xml
65836,Profile,profile,data/data-masc/screenshots/profile/65836.jpg,data/data-masc/xml/profile/65836.xml
65873,Profile,profile,data/data-masc/screenshots/profile/65873.jpg,data/data-masc/xml/profile/65873.xml
65890,Profile,profile,data/data-masc/screenshots/profile/65890.jpg,data/data-masc/xml/profile/65890.xml
66308,Profile,profile,data/data-masc/screenshots/profile/66308.jpg,data/data-masc/xml/profile/66308.xml
66366,Profile,profile,data/data-masc/screenshots/profile/66366.jpg,data/data-masc/xml/profile/66366.xml
66374,Profile,profile,data/data-masc/screenshots/profile/66374.jpg,data/data-masc/xml/profile/66374.xml
66378,Profile,profile,data/data-masc/screenshots/profile/66378.jpg,data/data-masc/xml/profile/66378.xml
66385,Profile,profile,data/data-masc/screenshots/profile/66385.jpg,data/data-masc/xml/profile/66385.xml
66914,Profile,profile,data/data-masc/screenshots/profile/66914.jpg,data/data-masc/xml/profile/66914.xml
66983,Profile,profile,data/data-masc/screenshots/profile/66983.jpg,data/data-masc/xml/profile/66983.xml
67026,Profile,profile,data/data-masc/screenshots/profile/67026.jpg,data/data-masc/xml/profile/67026.xml
67158,Profile,profile,data/data-masc/screenshots/profile/67158.jpg,data/data-masc/xml/profile/67158.xml
67164,Profile,profile,data/data-masc/screenshots/profile/67164.jpg,data/data-masc/xml/profile/67164.xml
67182,Profile,profile,data/data-masc/screenshots/profile/67182.jpg,data/data-masc/xml/profile/67182.xml
67191,Profile,profile,data/data-masc/screenshots/profile/67191.jpg,data/data-masc/xml/profile/67191.xml
67626,Profile,profile,data/data-masc/screenshots/profile/67626.jpg,data/data-masc/xml/profile/67626.xml
68096,Profile,profile,data/data-masc/screenshots/profile/68096.jpg,data/data-masc/xml/profile/68096.xml
68324,Profile,profile,data/data-masc/screenshots/profile/68324.jpg,data/data-masc/xml/profile/68324.xml
68348,Profile,profile,data/data-masc/screenshots/profile/68348.jpg,data/data-masc/xml/profile/68348.xml
68744,Profile,profile,data/data-masc/screenshots/profile/68744.jpg,data/data-masc/xml/profile/68744.xml
69212,Profile,profile,data/data-masc/screenshots/profile/69212.jpg,data/data-masc/xml/profile/69212.xml
69224,Profile,profile,data/data-masc/screenshots/profile/69224.jpg,data/data-masc/xml/profile/69224.xml
69375,Profile,profile,data/data-masc/screenshots/profile/69375.jpg,data/data-masc/xml/profile/69375.xml
69378,Profile,profile,data/data-masc/screenshots/profile/69378.jpg,data/data-masc/xml/profile/69378.xml
69399,Profile,profile,data/data-masc/screenshots/profile/69399.jpg,data/data-masc/xml/profile/69399.xml
69508,Profile,profile,data/data-masc/screenshots/profile/69508.jpg,data/data-masc/xml/profile/69508.xml
69635,Profile,profile,data/data-masc/screenshots/profile/69635.jpg,data/data-masc/xml/profile/69635.xml
69648,Profile,profile,data/data-masc/screenshots/profile/69648.jpg,data/data-masc/xml/profile/69648.xml
70058,Profile,profile,data/data-masc/screenshots/profile/70058.jpg,data/data-masc/xml/profile/70058.xml
70230,Profile,profile,data/data-masc/screenshots/profile/70230.jpg,data/data-masc/xml/profile/70230.xml
70268,Profile,profile,data/data-masc/screenshots/profile/70268.jpg,data/data-masc/xml/profile/70268.xml
70665,Profile,profile,data/data-masc/screenshots/profile/70665.jpg,data/data-masc/xml/profile/70665.xml
70672,Profile,profile,data/data-masc/screenshots/profile/70672.jpg,data/data-masc/xml/profile/70672.xml
71218,Profile,profile,data/data-masc/screenshots/profile/71218.jpg,data/data-masc/xml/profile/71218.xml
71843,Profile,profile,data/data-masc/screenshots/profile/71843.jpg,data/data-masc/xml/profile/71843.xml
41,Search,search,data/data-masc/screenshots/search/41.jpg,data/data-masc/xml/search/41.xml
313,Search,search,data/data-masc/screenshots/search/313.jpg,data/data-masc/xml/search/313.xml
380,Search,search,data/data-masc/screenshots/search/380.jpg,data/data-masc/xml/search/380.xml
387,Search,search,data/data-masc/screenshots/search/387.jpg,data/data-masc/xml/search/387.xml
392,Search,search,data/data-masc/screenshots/search/392.jpg,data/data-masc/xml/search/392.xml
497,Search,search,data/data-masc/screenshots/search/497.jpg,data/data-masc/xml/search/497.xml
813,Search,search,data/data-masc/screenshots/search/813.jpg,data/data-masc/xml/search/813.xml
957,Search,search,data/data-masc/screenshots/search/957.jpg,data/data-masc/xml/search/957.xml
1003,Search,search,data/data-masc/screenshots/search/1003.jpg,data/data-masc/xml/search/1003.xml
1105,Search,search,data/data-masc/screenshots/search/1105.jpg,data/data-masc/xml/search/1105.xml
1236,Search,search,data/data-masc/screenshots/search/1236.jpg,data/data-masc/xml/search/1236.xml
1266,Search,search,data/data-masc/screenshots/search/1266.jpg,data/data-masc/xml/search/1266.xml
1274,Search,search,data/data-masc/screenshots/search/1274.jpg,data/data-masc/xml/search/1274.xml
1353,Search,search,data/data-masc/screenshots/search/1353.jpg,data/data-masc/xml/search/1353.xml
1791,Search,search,data/data-masc/screenshots/search/1791.jpg,data/data-masc/xml/search/1791.xml
1792,Search,search,data/data-masc/screenshots/search/1792.jpg,data/data-masc/xml/search/1792.xml
1940,Search,search,data/data-masc/screenshots/search/1940.jpg,data/data-masc/xml/search/1940.xml
2079,Search,search,data/data-masc/screenshots/search/2079.jpg,data/data-masc/xml/search/2079.xml
2094,Search,search,data/data-masc/screenshots/search/2094.jpg,data/data-masc/xml/search/2094.xml
2707,Search,search,data/data-masc/screenshots/search/2707.jpg,data/data-masc/xml/search/2707.xml
2757,Search,search,data/data-masc/screenshots/search/2757.jpg,data/data-masc/xml/search/2757.xml
2847,Search,search,data/data-masc/screenshots/search/2847.jpg,data/data-masc/xml/search/2847.xml
3194,Search,search,data/data-masc/screenshots/search/3194.jpg,data/data-masc/xml/search/3194.xml
3420,Search,search,data/data-masc/screenshots/search/3420.jpg,data/data-masc/xml/search/3420.xml
3437,Search,search,data/data-masc/screenshots/search/3437.jpg,data/data-masc/xml/search/3437.xml
3603,Search,search,data/data-masc/screenshots/search/3603.jpg,data/data-masc/xml/search/3603.xml
3742,Search,search,data/data-masc/screenshots/search/3742.jpg,data/data-masc/xml/search/3742.xml
3792,Search,search,data/data-masc/screenshots/search/3792.jpg,data/data-masc/xml/search/3792.xml
3820,Search,search,data/data-masc/screenshots/search/3820.jpg,data/data-masc/xml/search/3820.xml
3932,Search,search,data/data-masc/screenshots/search/3932.jpg,data/data-masc/xml/search/3932.xml
4781,Search,search,data/data-masc/screenshots/search/4781.jpg,data/data-masc/xml/search/4781.xml
5062,Search,search,data/data-masc/screenshots/search/5062.jpg,data/data-masc/xml/search/5062.xml
5173,Search,search,data/data-masc/screenshots/search/5173.jpg,data/data-masc/xml/search/5173.xml
5495,Search,search,data/data-masc/screenshots/search/5495.jpg,data/data-masc/xml/search/5495.xml
5566,Search,search,data/data-masc/screenshots/search/5566.jpg,data/data-masc/xml/search/5566.xml
5859,Search,search,data/data-masc/screenshots/search/5859.jpg,data/data-masc/xml/search/5859.xml
5977,Search,search,data/data-masc/screenshots/search/5977.jpg,data/data-masc/xml/search/5977.xml
5990,Search,search,data/data-masc/screenshots/search/5990.jpg,data/data-masc/xml/search/5990.xml
6303,Search,search,data/data-masc/screenshots/search/6303.jpg,data/data-masc/xml/search/6303.xml
6372,Search,search,data/data-masc/screenshots/search/6372.jpg,data/data-masc/xml/search/6372.xml
6721,Search,search,data/data-masc/screenshots/search/6721.jpg,data/data-masc/xml/search/6721.xml
6735,Search,search,data/data-masc/screenshots/search/6735.jpg,data/data-masc/xml/search/6735.xml
7350,Search,search,data/data-masc/screenshots/search/7350.jpg,data/data-masc/xml/search/7350.xml
7573,Search,search,data/data-masc/screenshots/search/7573.jpg,data/data-masc/xml/search/7573.xml
7597,Search,search,data/data-masc/screenshots/search/7597.jpg,data/data-masc/xml/search/7597.xml
7606,Search,search,data/data-masc/screenshots/search/7606.jpg,data/data-masc/xml/search/7606.xml
7611,Search,search,data/data-masc/screenshots/search/7611.jpg,data/data-masc/xml/search/7611.xml
8152,Search,search,data/data-masc/screenshots/search/8152.jpg,data/data-masc/xml/search/8152.xml
8592,Search,search,data/data-masc/screenshots/search/8592.jpg,data/data-masc/xml/search/8592.xml
8593,Search,search,data/data-masc/screenshots/search/8593.jpg,data/data-masc/xml/search/8593.xml
8595,Search,search,data/data-masc/screenshots/search/8595.jpg,data/data-masc/xml/search/8595.xml
8601,Search,search,data/data-masc/screenshots/search/8601.jpg,data/data-masc/xml/search/8601.xml
8850,Search,search,data/data-masc/screenshots/search/8850.jpg,data/data-masc/xml/search/8850.xml
8908,Search,search,data/data-masc/screenshots/search/8908.jpg,data/data-masc/xml/search/8908.xml
8922,Search,search,data/data-masc/screenshots/search/8922.jpg,data/data-masc/xml/search/8922.xml
8954,Search,search,data/data-masc/screenshots/search/8954.jpg,data/data-masc/xml/search/8954.xml
8989,Search,search,data/data-masc/screenshots/search/8989.jpg,data/data-masc/xml/search/8989.xml
9057,Search,search,data/data-masc/screenshots/search/9057.jpg,data/data-masc/xml/search/9057.xml
9108,Search,search,data/data-masc/screenshots/search/9108.jpg,data/data-masc/xml/search/9108.xml
9129,Search,search,data/data-masc/screenshots/search/9129.jpg,data/data-masc/xml/search/9129.xml
9151,Search,search,data/data-masc/screenshots/search/9151.jpg,data/data-masc/xml/search/9151.xml
9295,Search,search,data/data-masc/screenshots/search/9295.jpg,data/data-masc/xml/search/9295.xml
9438,Search,search,data/data-masc/screenshots/search/9438.jpg,data/data-masc/xml/search/9438.xml
9496,Search,search,data/data-masc/screenshots/search/9496.jpg,data/data-masc/xml/search/9496.xml
9558,Search,search,data/data-masc/screenshots/search/9558.jpg,data/data-masc/xml/search/9558.xml
9591,Search,search,data/data-masc/screenshots/search/9591.jpg,data/data-masc/xml/search/9591.xml
9725,Search,search,data/data-masc/screenshots/search/9725.jpg,data/data-masc/xml/search/9725.xml
9726,Search,search,data/data-masc/screenshots/search/9726.jpg,data/data-masc/xml/search/9726.xml
10234,Search,search,data/data-masc/screenshots/search/10234.jpg,data/data-masc/xml/search/10234.xml
10359,Search,search,data/data-masc/screenshots/search/10359.jpg,data/data-masc/xml/search/10359.xml
10544,Search,search,data/data-masc/screenshots/search/10544.jpg,data/data-masc/xml/search/10544.xml
10554,Search,search,data/data-masc/screenshots/search/10554.jpg,data/data-masc/xml/search/10554.xml
10584,Search,search,data/data-masc/screenshots/search/10584.jpg,data/data-masc/xml/search/10584.xml
10600,Search,search,data/data-masc/screenshots/search/10600.jpg,data/data-masc/xml/search/10600.xml
10667,Search,search,data/data-masc/screenshots/search/10667.jpg,data/data-masc/xml/search/10667.xml
10852,Search,search,data/data-masc/screenshots/search/10852.jpg,data/data-masc/xml/search/10852.xml
11359,Search,search,data/data-masc/screenshots/search/11359.jpg,data/data-masc/xml/search/11359.xml
11467,Search,search,data/data-masc/screenshots/search/11467.jpg,data/data-masc/xml/search/11467.xml
11711,Search,search,data/data-masc/screenshots/search/11711.jpg,data/data-masc/xml/search/11711.xml
12230,Search,search,data/data-masc/screenshots/search/12230.jpg,data/data-masc/xml/search/12230.xml
12271,Search,search,data/data-masc/screenshots/search/12271.jpg,data/data-masc/xml/search/12271.xml
12274,Search,search,data/data-masc/screenshots/search/12274.jpg,data/data-masc/xml/search/12274.xml
12276,Search,search,data/data-masc/screenshots/search/12276.jpg,data/data-masc/xml/search/12276.xml
12278,Search,search,data/data-masc/screenshots/search/12278.jpg,data/data-masc/xml/search/12278.xml
12448,Search,search,data/data-masc/screenshots/search/12448.jpg,data/data-masc/xml/search/12448.xml
12574,Search,search,data/data-masc/screenshots/search/12574.jpg,data/data-masc/xml/search/12574.xml
12594,Search,search,data/data-masc/screenshots/search/12594.jpg,data/data-masc/xml/search/12594.xml
12707,Search,search,data/data-masc/screenshots/search/12707.jpg,data/data-masc/xml/search/12707.xml
12921,Search,search,data/data-masc/screenshots/search/12921.jpg,data/data-masc/xml/search/12921.xml
13326,Search,search,data/data-masc/screenshots/search/13326.jpg,data/data-masc/xml/search/13326.xml
14292,Search,search,data/data-masc/screenshots/search/14292.jpg,data/data-masc/xml/search/14292.xml
14541,Search,search,data/data-masc/screenshots/search/14541.jpg,data/data-masc/xml/search/14541.xml
14716,Search,search,data/data-masc/screenshots/search/14716.jpg,data/data-masc/xml/search/14716.xml
14717,Search,search,data/data-masc/screenshots/search/14717.jpg,data/data-masc/xml/search/14717.xml
14733,Search,search,data/data-masc/screenshots/search/14733.jpg,data/data-masc/xml/search/14733.xml
14770,Search,search,data/data-masc/screenshots/search/14770.jpg,data/data-masc/xml/search/14770.xml
15156,Search,search,data/data-masc/screenshots/search/15156.jpg,data/data-masc/xml/search/15156.xml
15250,Search,search,data/data-masc/screenshots/search/15250.jpg,data/data-masc/xml/search/15250.xml
15336,Search,search,data/data-masc/screenshots/search/15336.jpg,data/data-masc/xml/search/15336.xml
15495,Search,search,data/data-masc/screenshots/search/15495.jpg,data/data-masc/xml/search/15495.xml
15950,Search,search,data/data-masc/screenshots/search/15950.jpg,data/data-masc/xml/search/15950.xml
16347,Search,search,data/data-masc/screenshots/search/16347.jpg,data/data-masc/xml/search/16347.xml
16350,Search,search,data/data-masc/screenshots/search/16350.jpg,data/data-masc/xml/search/16350.xml
16351,Search,search,data/data-masc/screenshots/search/16351.jpg,data/data-masc/xml/search/16351.xml
17085,Search,search,data/data-masc/screenshots/search/17085.jpg,data/data-masc/xml/search/17085.xml
17099,Search,search,data/data-masc/screenshots/search/17099.jpg,data/data-masc/xml/search/17099.xml
17202,Search,search,data/data-masc/screenshots/search/17202.jpg,data/data-masc/xml/search/17202.xml
17381,Search,search,data/data-masc/screenshots/search/17381.jpg,data/data-masc/xml/search/17381.xml
17392,Search,search,data/data-masc/screenshots/search/17392.jpg,data/data-masc/xml/search/17392.xml
17491,Search,search,data/data-masc/screenshots/search/17491.jpg,data/data-masc/xml/search/17491.xml
17680,Search,search,data/data-masc/screenshots/search/17680.jpg,data/data-masc/xml/search/17680.xml
17682,Search,search,data/data-masc/screenshots/search/17682.jpg,data/data-masc/xml/search/17682.xml
18404,Search,search,data/data-masc/screenshots/search/18404.jpg,data/data-masc/xml/search/18404.xml
18408,Search,search,data/data-masc/screenshots/search/18408.jpg,data/data-masc/xml/search/18408.xml
18412,Search,search,data/data-masc/screenshots/search/18412.jpg,data/data-masc/xml/search/18412.xml
18416,Search,search,data/data-masc/screenshots/search/18416.jpg,data/data-masc/xml/search/18416.xml
18455,Search,search,data/data-masc/screenshots/search/18455.jpg,data/data-masc/xml/search/18455.xml
18646,Search,search,data/data-masc/screenshots/search/18646.jpg,data/data-masc/xml/search/18646.xml
18647,Search,search,data/data-masc/screenshots/search/18647.jpg,data/data-masc/xml/search/18647.xml
18661,Search,search,data/data-masc/screenshots/search/18661.jpg,data/data-masc/xml/search/18661.xml
18831,Search,search,data/data-masc/screenshots/search/18831.jpg,data/data-masc/xml/search/18831.xml
18875,Search,search,data/data-masc/screenshots/search/18875.jpg,data/data-masc/xml/search/18875.xml
18888,Search,search,data/data-masc/screenshots/search/18888.jpg,data/data-masc/xml/search/18888.xml
19134,Search,search,data/data-masc/screenshots/search/19134.jpg,data/data-masc/xml/search/19134.xml
19730,Search,search,data/data-masc/screenshots/search/19730.jpg,data/data-masc/xml/search/19730.xml
19882,Search,search,data/data-masc/screenshots/search/19882.jpg,data/data-masc/xml/search/19882.xml
20488,Search,search,data/data-masc/screenshots/search/20488.jpg,data/data-masc/xml/search/20488.xml
20889,Search,search,data/data-masc/screenshots/search/20889.jpg,data/data-masc/xml/search/20889.xml
21349,Search,search,data/data-masc/screenshots/search/21349.jpg,data/data-masc/xml/search/21349.xml
21446,Search,search,data/data-masc/screenshots/search/21446.jpg,data/data-masc/xml/search/21446.xml
21515,Search,search,data/data-masc/screenshots/search/21515.jpg,data/data-masc/xml/search/21515.xml
21607,Search,search,data/data-masc/screenshots/search/21607.jpg,data/data-masc/xml/search/21607.xml
22067,Search,search,data/data-masc/screenshots/search/22067.jpg,data/data-masc/xml/search/22067.xml
22226,Search,search,data/data-masc/screenshots/search/22226.jpg,data/data-masc/xml/search/22226.xml
22685,Search,search,data/data-masc/screenshots/search/22685.jpg,data/data-masc/xml/search/22685.xml
23135,Search,search,data/data-masc/screenshots/search/23135.jpg,data/data-masc/xml/search/23135.xml
23371,Search,search,data/data-masc/screenshots/search/23371.jpg,data/data-masc/xml/search/23371.xml
23460,Search,search,data/data-masc/screenshots/search/23460.jpg,data/data-masc/xml/search/23460.xml
23474,Search,search,data/data-masc/screenshots/search/23474.jpg,data/data-masc/xml/search/23474.xml
23693,Search,search,data/data-masc/screenshots/search/23693.jpg,data/data-masc/xml/search/23693.xml
23694,Search,search,data/data-masc/screenshots/search/23694.jpg,data/data-masc/xml/search/23694.xml
23696,Search,search,data/data-masc/screenshots/search/23696.jpg,data/data-masc/xml/search/23696.xml
23770,Search,search,data/data-masc/screenshots/search/23770.jpg,data/data-masc/xml/search/23770.xml
23771,Search,search,data/data-masc/screenshots/search/23771.jpg,data/data-masc/xml/search/23771.xml
23860,Search,search,data/data-masc/screenshots/search/23860.jpg,data/data-masc/xml/search/23860.xml
23870,Search,search,data/data-masc/screenshots/search/23870.jpg,data/data-masc/xml/search/23870.xml
24036,Search,search,data/data-masc/screenshots/search/24036.jpg,data/data-masc/xml/search/24036.xml
24466,Search,search,data/data-masc/screenshots/search/24466.jpg,data/data-masc/xml/search/24466.xml
24826,Search,search,data/data-masc/screenshots/search/24826.jpg,data/data-masc/xml/search/24826.xml
25032,Search,search,data/data-masc/screenshots/search/25032.jpg,data/data-masc/xml/search/25032.xml
25419,Search,search,data/data-masc/screenshots/search/25419.jpg,data/data-masc/xml/search/25419.xml
25619,Search,search,data/data-masc/screenshots/search/25619.jpg,data/data-masc/xml/search/25619.xml
25620,Search,search,data/data-masc/screenshots/search/25620.jpg,data/data-masc/xml/search/25620.xml
25626,Search,search,data/data-masc/screenshots/search/25626.jpg,data/data-masc/xml/search/25626.xml
25792,Search,search,data/data-masc/screenshots/search/25792.jpg,data/data-masc/xml/search/25792.xml
25831,Search,search,data/data-masc/screenshots/search/25831.jpg,data/data-masc/xml/search/25831.xml
25957,Search,search,data/data-masc/screenshots/search/25957.jpg,data/data-masc/xml/search/25957.xml
26060,Search,search,data/data-masc/screenshots/search/26060.jpg,data/data-masc/xml/search/26060.xml
26101,Search,search,data/data-masc/screenshots/search/26101.jpg,data/data-masc/xml/search/26101.xml
26457,Search,search,data/data-masc/screenshots/search/26457.jpg,data/data-masc/xml/search/26457.xml
26937,Search,search,data/data-masc/screenshots/search/26937.jpg,data/data-masc/xml/search/26937.xml
27151,Search,search,data/data-masc/screenshots/search/27151.jpg,data/data-masc/xml/search/27151.xml
27152,Search,search,data/data-masc/screenshots/search/27152.jpg,data/data-masc/xml/search/27152.xml
27153,Search,search,data/data-masc/screenshots/search/27153.jpg,data/data-masc/xml/search/27153.xml
27354,Search,search,data/data-masc/screenshots/search/27354.jpg,data/data-masc/xml/search/27354.xml
27594,Search,search,data/data-masc/screenshots/search/27594.jpg,data/data-masc/xml/search/27594.xml
27595,Search,search,data/data-masc/screenshots/search/27595.jpg,data/data-masc/xml/search/27595.xml
28086,Search,search,data/data-masc/screenshots/search/28086.jpg,data/data-masc/xml/search/28086.xml
28617,Search,search,data/data-masc/screenshots/search/28617.jpg,data/data-masc/xml/search/28617.xml
28782,Search,search,data/data-masc/screenshots/search/28782.jpg,data/data-masc/xml/search/28782.xml
29313,Search,search,data/data-masc/screenshots/search/29313.jpg,data/data-masc/xml/search/29313.xml
29346,Search,search,data/data-masc/screenshots/search/29346.jpg,data/data-masc/xml/search/29346.xml
29592,Search,search,data/data-masc/screenshots/search/29592.jpg,data/data-masc/xml/search/29592.xml
29767,Search,search,data/data-masc/screenshots/search/29767.jpg,data/data-masc/xml/search/29767.xml
30298,Search,search,data/data-masc/screenshots/search/30298.jpg,data/data-masc/xml/search/30298.xml
30482,Search,search,data/data-masc/screenshots/search/30482.jpg,data/data-masc/xml/search/30482.xml
30485,Search,search,data/data-masc/screenshots/search/30485.jpg,data/data-masc/xml/search/30485.xml
30487,Search,search,data/data-masc/screenshots/search/30487.jpg,data/data-masc/xml/search/30487.xml
30620,Search,search,data/data-masc/screenshots/search/30620.jpg,data/data-masc/xml/search/30620.xml
30699,Search,search,data/data-masc/screenshots/search/30699.jpg,data/data-masc/xml/search/30699.xml
30998,Search,search,data/data-masc/screenshots/search/30998.jpg,data/data-masc/xml/search/30998.xml
31000,Search,search,data/data-masc/screenshots/search/31000.jpg,data/data-masc/xml/search/31000.xml
31002,Search,search,data/data-masc/screenshots/search/31002.jpg,data/data-masc/xml/search/31002.xml
31182,Search,search,data/data-masc/screenshots/search/31182.jpg,data/data-masc/xml/search/31182.xml
31548,Search,search,data/data-masc/screenshots/search/31548.jpg,data/data-masc/xml/search/31548.xml
31604,Search,search,data/data-masc/screenshots/search/31604.jpg,data/data-masc/xml/search/31604.xml
31942,Search,search,data/data-masc/screenshots/search/31942.jpg,data/data-masc/xml/search/31942.xml
32065,Search,search,data/data-masc/screenshots/search/32065.jpg,data/data-masc/xml/search/32065.xml
32157,Search,search,data/data-masc/screenshots/search/32157.jpg,data/data-masc/xml/search/32157.xml
32406,Search,search,data/data-masc/screenshots/search/32406.jpg,data/data-masc/xml/search/32406.xml
32734,Search,search,data/data-masc/screenshots/search/32734.jpg,data/data-masc/xml/search/32734.xml
32764,Search,search,data/data-masc/screenshots/search/32764.jpg,data/data-masc/xml/search/32764.xml
33039,Search,search,data/data-masc/screenshots/search/33039.jpg,data/data-masc/xml/search/33039.xml
33575,Search,search,data/data-masc/screenshots/search/33575.jpg,data/data-masc/xml/search/33575.xml
33834,Search,search,data/data-masc/screenshots/search/33834.jpg,data/data-masc/xml/search/33834.xml
34019,Search,search,data/data-masc/screenshots/search/34019.jpg,data/data-masc/xml/search/34019.xml
34358,Search,search,data/data-masc/screenshots/search/34358.jpg,data/data-masc/xml/search/34358.xml
34359,Search,search,data/data-masc/screenshots/search/34359.jpg,data/data-masc/xml/search/34359.xml
34434,Search,search,data/data-masc/screenshots/search/34434.jpg,data/data-masc/xml/search/34434.xml
34527,Search,search,data/data-masc/screenshots/search/34527.jpg,data/data-masc/xml/search/34527.xml
34586,Search,search,data/data-masc/screenshots/search/34586.jpg,data/data-masc/xml/search/34586.xml
34836,Search,search,data/data-masc/screenshots/search/34836.jpg,data/data-masc/xml/search/34836.xml
34929,Search,search,data/data-masc/screenshots/search/34929.jpg,data/data-masc/xml/search/34929.xml
35350,Search,search,data/data-masc/screenshots/search/35350.jpg,data/data-masc/xml/search/35350.xml
35417,Search,search,data/data-masc/screenshots/search/35417.jpg,data/data-masc/xml/search/35417.xml
35449,Search,search,data/data-masc/screenshots/search/35449.jpg,data/data-masc/xml/search/35449.xml
35572,Search,search,data/data-masc/screenshots/search/35572.jpg,data/data-masc/xml/search/35572.xml
35950,Search,search,data/data-masc/screenshots/search/35950.jpg,data/data-masc/xml/search/35950.xml
35985,Search,search,data/data-masc/screenshots/search/35985.jpg,data/data-masc/xml/search/35985.xml
36002,Search,search,data/data-masc/screenshots/search/36002.jpg,data/data-masc/xml/search/36002.xml
36012,Search,search,data/data-masc/screenshots/search/36012.jpg,data/data-masc/xml/search/36012.xml
36134,Search,search,data/data-masc/screenshots/search/36134.jpg,data/data-masc/xml/search/36134.xml
36151,Search,search,data/data-masc/screenshots/search/36151.jpg,data/data-masc/xml/search/36151.xml
36405,Search,search,data/data-masc/screenshots/search/36405.jpg,data/data-masc/xml/search/36405.xml
36467,Search,search,data/data-masc/screenshots/search/36467.jpg,data/data-masc/xml/search/36467.xml
36773,Search,search,data/data-masc/screenshots/search/36773.jpg,data/data-masc/xml/search/36773.xml
36854,Search,search,data/data-masc/screenshots/search/36854.jpg,data/data-masc/xml/search/36854.xml
36858,Search,search,data/data-masc/screenshots/search/36858.jpg,data/data-masc/xml/search/36858.xml
37094,Search,search,data/data-masc/screenshots/search/37094.jpg,data/data-masc/xml/search/37094.xml
37095,Search,search,data/data-masc/screenshots/search/37095.jpg,data/data-masc/xml/search/37095.xml
37173,Search,search,data/data-masc/screenshots/search/37173.jpg,data/data-masc/xml/search/37173.xml
37682,Search,search,data/data-masc/screenshots/search/37682.jpg,data/data-masc/xml/search/37682.xml
37895,Search,search,data/data-masc/screenshots/search/37895.jpg,data/data-masc/xml/search/37895.xml
38015,Search,search,data/data-masc/screenshots/search/38015.jpg,data/data-masc/xml/search/38015.xml
38147,Search,search,data/data-masc/screenshots/search/38147.jpg,data/data-masc/xml/search/38147.xml
38152,Search,search,data/data-masc/screenshots/search/38152.jpg,data/data-masc/xml/search/38152.xml
38323,Search,search,data/data-masc/screenshots/search/38323.jpg,data/data-masc/xml/search/38323.xml
38326,Search,search,data/data-masc/screenshots/search/38326.jpg,data/data-masc/xml/search/38326.xml
38338,Search,search,data/data-masc/screenshots/search/38338.jpg,data/data-masc/xml/search/38338.xml
38861,Search,search,data/data-masc/screenshots/search/38861.jpg,data/data-masc/xml/search/38861.xml
39318,Search,search,data/data-masc/screenshots/search/39318.jpg,data/data-masc/xml/search/39318.xml
39338,Search,search,data/data-masc/screenshots/search/39338.jpg,data/data-masc/xml/search/39338.xml
39458,Search,search,data/data-masc/screenshots/search/39458.jpg,data/data-masc/xml/search/39458.xml
39824,Search,search,data/data-masc/screenshots/search/39824.jpg,data/data-masc/xml/search/39824.xml
39933,Search,search,data/data-masc/screenshots/search/39933.jpg,data/data-masc/xml/search/39933.xml
39936,Search,search,data/data-masc/screenshots/search/39936.jpg,data/data-masc/xml/search/39936.xml
40205,Search,search,data/data-masc/screenshots/search/40205.jpg,data/data-masc/xml/search/40205.xml
40257,Search,search,data/data-masc/screenshots/search/40257.jpg,data/data-masc/xml/search/40257.xml
40307,Search,search,data/data-masc/screenshots/search/40307.jpg,data/data-masc/xml/search/40307.xml
40524,Search,search,data/data-masc/screenshots/search/40524.jpg,data/data-masc/xml/search/40524.xml
40527,Search,search,data/data-masc/screenshots/search/40527.jpg,data/data-masc/xml/search/40527.xml
40546,Search,search,data/data-masc/screenshots/search/40546.jpg,data/data-masc/xml/search/40546.xml
40576,Search,search,data/data-masc/screenshots/search/40576.jpg,data/data-masc/xml/search/40576.xml
40581,Search,search,data/data-masc/screenshots/search/40581.jpg,data/data-masc/xml/search/40581.xml
40646,Search,search,data/data-masc/screenshots/search/40646.jpg,data/data-masc/xml/search/40646.xml
40717,Search,search,data/data-masc/screenshots/search/40717.jpg,data/data-masc/xml/search/40717.xml
40728,Search,search,data/data-masc/screenshots/search/40728.jpg,data/data-masc/xml/search/40728.xml
41297,Search,search,data/data-masc/screenshots/search/41297.jpg,data/data-masc/xml/search/41297.xml
41582,Search,search,data/data-masc/screenshots/search/41582.jpg,data/data-masc/xml/search/41582.xml
41712,Search,search,data/data-masc/screenshots/search/41712.jpg,data/data-masc/xml/search/41712.xml
41845,Search,search,data/data-masc/screenshots/search/41845.jpg,data/data-masc/xml/search/41845.xml
41874,Search,search,data/data-masc/screenshots/search/41874.jpg,data/data-masc/xml/search/41874.xml
42011,Search,search,data/data-masc/screenshots/search/42011.jpg,data/data-masc/xml/search/42011.xml
42154,Search,search,data/data-masc/screenshots/search/42154.jpg,data/data-masc/xml/search/42154.xml
42171,Search,search,data/data-masc/screenshots/search/42171.jpg,data/data-masc/xml/search/42171.xml
42289,Search,search,data/data-masc/screenshots/search/42289.jpg,data/data-masc/xml/search/42289.xml
42442,Search,search,data/data-masc/screenshots/search/42442.jpg,data/data-masc/xml/search/42442.xml
42521,Search,search,data/data-masc/screenshots/search/42521.jpg,data/data-masc/xml/search/42521.xml
43096,Search,search,data/data-masc/screenshots/search/43096.jpg,data/data-masc/xml/search/43096.xml
43354,Search,search,data/data-masc/screenshots/search/43354.jpg,data/data-masc/xml/search/43354.xml
43365,Search,search,data/data-masc/screenshots/search/43365.jpg,data/data-masc/xml/search/43365.xml
43463,Search,search,data/data-masc/screenshots/search/43463.jpg,data/data-masc/xml/search/43463.xml
43591,Search,search,data/data-masc/screenshots/search/43591.jpg,data/data-masc/xml/search/43591.xml
43662,Search,search,data/data-masc/screenshots/search/43662.jpg,data/data-masc/xml/search/43662.xml
43664,Search,search,data/data-masc/screenshots/search/43664.jpg,data/data-masc/xml/search/43664.xml
43671,Search,search,data/data-masc/screenshots/search/43671.jpg,data/data-masc/xml/search/43671.xml
43674,Search,search,data/data-masc/screenshots/search/43674.jpg,data/data-masc/xml/search/43674.xml
43860,Search,search,data/data-masc/screenshots/search/43860.jpg,data/data-masc/xml/search/43860.xml
43979,Search,search,data/data-masc/screenshots/search/43979.jpg,data/data-masc/xml/search/43979.xml
43985,Search,search,data/data-masc/screenshots/search/43985.jpg,data/data-masc/xml/search/43985.xml
43987,Search,search,data/data-masc/screenshots/search/43987.jpg,data/data-masc/xml/search/43987.xml
44055,Search,search,data/data-masc/screenshots/search/44055.jpg,data/data-masc/xml/search/44055.xml
44267,Search,search,data/data-masc/screenshots/search/44267.jpg,data/data-masc/xml/search/44267.xml
44369,Search,search,data/data-masc/screenshots/search/44369.jpg,data/data-masc/xml/search/44369.xml
44381,Search,search,data/data-masc/screenshots/search/44381.jpg,data/data-masc/xml/search/44381.xml
44383,Search,search,data/data-masc/screenshots/search/44383.jpg,data/data-masc/xml/search/44383.xml
44384,Search,search,data/data-masc/screenshots/search/44384.jpg,data/data-masc/xml/search/44384.xml
44394,Search,search,data/data-masc/screenshots/search/44394.jpg,data/data-masc/xml/search/44394.xml
44398,Search,search,data/data-masc/screenshots/search/44398.jpg,data/data-masc/xml/search/44398.xml
44399,Search,search,data/data-masc/screenshots/search/44399.jpg,data/data-masc/xml/search/44399.xml
44406,Search,search,data/data-masc/screenshots/search/44406.jpg,data/data-masc/xml/search/44406.xml
44567,Search,search,data/data-masc/screenshots/search/44567.jpg,data/data-masc/xml/search/44567.xml
44712,Search,search,data/data-masc/screenshots/search/44712.jpg,data/data-masc/xml/search/44712.xml
44817,Search,search,data/data-masc/screenshots/search/44817.jpg,data/data-masc/xml/search/44817.xml
44837,Search,search,data/data-masc/screenshots/search/44837.jpg,data/data-masc/xml/search/44837.xml
44888,Search,search,data/data-masc/screenshots/search/44888.jpg,data/data-masc/xml/search/44888.xml
44980,Search,search,data/data-masc/screenshots/search/44980.jpg,data/data-masc/xml/search/44980.xml
45731,Search,search,data/data-masc/screenshots/search/45731.jpg,data/data-masc/xml/search/45731.xml
45910,Search,search,data/data-masc/screenshots/search/45910.jpg,data/data-masc/xml/search/45910.xml
46067,Search,search,data/data-masc/screenshots/search/46067.jpg,data/data-masc/xml/search/46067.xml
46211,Search,search,data/data-masc/screenshots/search/46211.jpg,data/data-masc/xml/search/46211.xml
46316,Search,search,data/data-masc/screenshots/search/46316.jpg,data/data-masc/xml/search/46316.xml
46881,Search,search,data/data-masc/screenshots/search/46881.jpg,data/data-masc/xml/search/46881.xml
47008,Search,search,data/data-masc/screenshots/search/47008.jpg,data/data-masc/xml/search/47008.xml
47058,Search,search,data/data-masc/screenshots/search/47058.jpg,data/data-masc/xml/search/47058.xml
47183,Search,search,data/data-masc/screenshots/search/47183.jpg,data/data-masc/xml/search/47183.xml
47207,Search,search,data/data-masc/screenshots/search/47207.jpg,data/data-masc/xml/search/47207.xml
47267,Search,search,data/data-masc/screenshots/search/47267.jpg,data/data-masc/xml/search/47267.xml
47273,Search,search,data/data-masc/screenshots/search/47273.jpg,data/data-masc/xml/search/47273.xml
47277,Search,search,data/data-masc/screenshots/search/47277.jpg,data/data-masc/xml/search/47277.xml
47287,Search,search,data/data-masc/screenshots/search/47287.jpg,data/data-masc/xml/search/47287.xml
47487,Search,search,data/data-masc/screenshots/search/47487.jpg,data/data-masc/xml/search/47487.xml
47534,Search,search,data/data-masc/screenshots/search/47534.jpg,data/data-masc/xml/search/47534.xml
47537,Search,search,data/data-masc/screenshots/search/47537.jpg,data/data-masc/xml/search/47537.xml
47539,Search,search,data/data-masc/screenshots/search/47539.jpg,data/data-masc/xml/search/47539.xml
47550,Search,search,data/data-masc/screenshots/search/47550.jpg,data/data-masc/xml/search/47550.xml
47563,Search,search,data/data-masc/screenshots/search/47563.jpg,data/data-masc/xml/search/47563.xml
47739,Search,search,data/data-masc/screenshots/search/47739.jpg,data/data-masc/xml/search/47739.xml
47751,Search,search,data/data-masc/screenshots/search/47751.jpg,data/data-masc/xml/search/47751.xml
48398,Search,search,data/data-masc/screenshots/search/48398.jpg,data/data-masc/xml/search/48398.xml
48617,Search,search,data/data-masc/screenshots/search/48617.jpg,data/data-masc/xml/search/48617.xml
48862,Search,search,data/data-masc/screenshots/search/48862.jpg,data/data-masc/xml/search/48862.xml
48966,Search,search,data/data-masc/screenshots/search/48966.jpg,data/data-masc/xml/search/48966.xml
49150,Search,search,data/data-masc/screenshots/search/49150.jpg,data/data-masc/xml/search/49150.xml
49192,Search,search,data/data-masc/screenshots/search/49192.jpg,data/data-masc/xml/search/49192.xml
49366,Search,search,data/data-masc/screenshots/search/49366.jpg,data/data-masc/xml/search/49366.xml
49500,Search,search,data/data-masc/screenshots/search/49500.jpg,data/data-masc/xml/search/49500.xml
49522,Search,search,data/data-masc/screenshots/search/49522.jpg,data/data-masc/xml/search/49522.xml
49530,Search,search,data/data-masc/screenshots/search/49530.jpg,data/data-masc/xml/search/49530.xml
49680,Search,search,data/data-masc/screenshots/search/49680.jpg,data/data-masc/xml/search/49680.xml
49914,Search,search,data/data-masc/screenshots/search/49914.jpg,data/data-masc/xml/search/49914.xml
49969,Search,search,data/data-masc/screenshots/search/49969.jpg,data/data-masc/xml/search/49969.xml
49978,Search,search,data/data-masc/screenshots/search/49978.jpg,data/data-masc/xml/search/49978.xml
50011,Search,search,data/data-masc/screenshots/search/50011.jpg,data/data-masc/xml/search/50011.xml
50200,Search,search,data/data-masc/screenshots/search/50200.jpg,data/data-masc/xml/search/50200.xml
50318,Search,search,data/data-masc/screenshots/search/50318.jpg,data/data-masc/xml/search/50318.xml
50358,Search,search,data/data-masc/screenshots/search/50358.jpg,data/data-masc/xml/search/50358.xml
50360,Search,search,data/data-masc/screenshots/search/50360.jpg,data/data-masc/xml/search/50360.xml
50384,Search,search,data/data-masc/screenshots/search/50384.jpg,data/data-masc/xml/search/50384.xml
50391,Search,search,data/data-masc/screenshots/search/50391.jpg,data/data-masc/xml/search/50391.xml
50403,Search,search,data/data-masc/screenshots/search/50403.jpg,data/data-masc/xml/search/50403.xml
50494,Search,search,data/data-masc/screenshots/search/50494.jpg,data/data-masc/xml/search/50494.xml
50580,Search,search,data/data-masc/screenshots/search/50580.jpg,data/data-masc/xml/search/50580.xml
50883,Search,search,data/data-masc/screenshots/search/50883.jpg,data/data-masc/xml/search/50883.xml
50918,Search,search,data/data-masc/screenshots/search/50918.jpg,data/data-masc/xml/search/50918.xml
51194,Search,search,data/data-masc/screenshots/search/51194.jpg,data/data-masc/xml/search/51194.xml
51326,Search,search,data/data-masc/screenshots/search/51326.jpg,data/data-masc/xml/search/51326.xml
51651,Search,search,data/data-masc/screenshots/search/51651.jpg,data/data-masc/xml/search/51651.xml
51700,Search,search,data/data-masc/screenshots/search/51700.jpg,data/data-masc/xml/search/51700.xml
51707,Search,search,data/data-masc/screenshots/search/51707.jpg,data/data-masc/xml/search/51707.xml
51962,Search,search,data/data-masc/screenshots/search/51962.jpg,data/data-masc/xml/search/51962.xml
52007,Search,search,data/data-masc/screenshots/search/52007.jpg,data/data-masc/xml/search/52007.xml
52139,Search,search,data/data-masc/screenshots/search/52139.jpg,data/data-masc/xml/search/52139.xml
52204,Search,search,data/data-masc/screenshots/search/52204.jpg,data/data-masc/xml/search/52204.xml
52330,Search,search,data/data-masc/screenshots/search/52330.jpg,data/data-masc/xml/search/52330.xml
52331,Search,search,data/data-masc/screenshots/search/52331.jpg,data/data-masc/xml/search/52331.xml
52819,Search,search,data/data-masc/screenshots/search/52819.jpg,data/data-masc/xml/search/52819.xml
52862,Search,search,data/data-masc/screenshots/search/52862.jpg,data/data-masc/xml/search/52862.xml
52889,Search,search,data/data-masc/screenshots/search/52889.jpg,data/data-masc/xml/search/52889.xml
53031,Search,search,data/data-masc/screenshots/search/53031.jpg,data/data-masc/xml/search/53031.xml
53037,Search,search,data/data-masc/screenshots/search/53037.jpg,data/data-masc/xml/search/53037.xml
53038,Search,search,data/data-masc/screenshots/search/53038.jpg,data/data-masc/xml/search/53038.xml
53040,Search,search,data/data-masc/screenshots/search/53040.jpg,data/data-masc/xml/search/53040.xml
53047,Search,search,data/data-masc/screenshots/search/53047.jpg,data/data-masc/xml/search/53047.xml
53059,Search,search,data/data-masc/screenshots/search/53059.jpg,data/data-masc/xml/search/53059.xml
53061,Search,search,data/data-masc/screenshots/search/53061.jpg,data/data-masc/xml/search/53061.xml
53065,Search,search,data/data-masc/screenshots/search/53065.jpg,data/data-masc/xml/search/53065.xml
53248,Search,search,data/data-masc/screenshots/search/53248.jpg,data/data-masc/xml/search/53248.xml
53367,Search,search,data/data-masc/screenshots/search/53367.jpg,data/data-masc/xml/search/53367.xml
53374,Search,search,data/data-masc/screenshots/search/53374.jpg,data/data-masc/xml/search/53374.xml
53449,Search,search,data/data-masc/screenshots/search/53449.jpg,data/data-masc/xml/search/53449.xml
53767,Search,search,data/data-masc/screenshots/search/53767.jpg,data/data-masc/xml/search/53767.xml
54229,Search,search,data/data-masc/screenshots/search/54229.jpg,data/data-masc/xml/search/54229.xml
54237,Search,search,data/data-masc/screenshots/search/54237.jpg,data/data-masc/xml/search/54237.xml
54701,Search,search,data/data-masc/screenshots/search/54701.jpg,data/data-masc/xml/search/54701.xml
54863,Search,search,data/data-masc/screenshots/search/54863.jpg,data/data-masc/xml/search/54863.xml
54941,Search,search,data/data-masc/screenshots/search/54941.jpg,data/data-masc/xml/search/54941.xml
55430,Search,search,data/data-masc/screenshots/search/55430.jpg,data/data-masc/xml/search/55430.xml
55520,Search,search,data/data-masc/screenshots/search/55520.jpg,data/data-masc/xml/search/55520.xml
55645,Search,search,data/data-masc/screenshots/search/55645.jpg,data/data-masc/xml/search/55645.xml
55690,Search,search,data/data-masc/screenshots/search/55690.jpg,data/data-masc/xml/search/55690.xml
55882,Search,search,data/data-masc/screenshots/search/55882.jpg,data/data-masc/xml/search/55882.xml
56106,Search,search,data/data-masc/screenshots/search/56106.jpg,data/data-masc/xml/search/56106.xml
56242,Search,search,data/data-masc/screenshots/search/56242.jpg,data/data-masc/xml/search/56242.xml
56405,Search,search,data/data-masc/screenshots/search/56405.jpg,data/data-masc/xml/search/56405.xml
56467,Search,search,data/data-masc/screenshots/search/56467.jpg,data/data-masc/xml/search/56467.xml
56624,Search,search,data/data-masc/screenshots/search/56624.jpg,data/data-masc/xml/search/56624.xml
56775,Search,search,data/data-masc/screenshots/search/56775.jpg,data/data-masc/xml/search/56775.xml
57047,Search,search,data/data-masc/screenshots/search/57047.jpg,data/data-masc/xml/search/57047.xml
57213,Search,search,data/data-masc/screenshots/search/57213.jpg,data/data-masc/xml/search/57213.xml
57306,Search,search,data/data-masc/screenshots/search/57306.jpg,data/data-masc/xml/search/57306.xml
57488,Search,search,data/data-masc/screenshots/search/57488.jpg,data/data-masc/xml/search/57488.xml
57603,Search,search,data/data-masc/screenshots/search/57603.jpg,data/data-masc/xml/search/57603.xml
57815,Search,search,data/data-masc/screenshots/search/57815.jpg,data/data-masc/xml/search/57815.xml
57895,Search,search,data/data-masc/screenshots/search/57895.jpg,data/data-masc/xml/search/57895.xml
58198,Search,search,data/data-masc/screenshots/search/58198.jpg,data/data-masc/xml/search/58198.xml
58241,Search,search,data/data-masc/screenshots/search/58241.jpg,data/data-masc/xml/search/58241.xml
58434,Search,search,data/data-masc/screenshots/search/58434.jpg,data/data-masc/xml/search/58434.xml
58436,Search,search,data/data-masc/screenshots/search/58436.jpg,data/data-masc/xml/search/58436.xml
58748,Search,search,data/data-masc/screenshots/search/58748.jpg,data/data-masc/xml/search/58748.xml
58807,Search,search,data/data-masc/screenshots/search/58807.jpg,data/data-masc/xml/search/58807.xml
59038,Search,search,data/data-masc/screenshots/search/59038.jpg,data/data-masc/xml/search/59038.xml
59125,Search,search,data/data-masc/screenshots/search/59125.jpg,data/data-masc/xml/search/59125.xml
59172,Search,search,data/data-masc/screenshots/search/59172.jpg,data/data-masc/xml/search/59172.xml
59229,Search,search,data/data-masc/screenshots/search/59229.jpg,data/data-masc/xml/search/59229.xml
59373,Search,search,data/data-masc/screenshots/search/59373.jpg,data/data-masc/xml/search/59373.xml
59376,Search,search,data/data-masc/screenshots/search/59376.jpg,data/data-masc/xml/search/59376.xml
59378,Search,search,data/data-masc/screenshots/search/59378.jpg,data/data-masc/xml/search/59378.xml
59829,Search,search,data/data-masc/screenshots/search/59829.jpg,data/data-masc/xml/search/59829.xml
59855,Search,search,data/data-masc/screenshots/search/59855.jpg,data/data-masc/xml/search/59855.xml
59914,Search,search,data/data-masc/screenshots/search/59914.jpg,data/data-masc/xml/search/59914.xml
59931,Search,search,data/data-masc/screenshots/search/59931.jpg,data/data-masc/xml/search/59931.xml
60019,Search,search,data/data-masc/screenshots/search/60019.jpg,data/data-masc/xml/search/60019.xml
60020,Search,search,data/data-masc/screenshots/search/60020.jpg,data/data-masc/xml/search/60020.xml
60048,Search,search,data/data-masc/screenshots/search/60048.jpg,data/data-masc/xml/search/60048.xml
60127,Search,search,data/data-masc/screenshots/search/60127.jpg,data/data-masc/xml/search/60127.xml
60228,Search,search,data/data-masc/screenshots/search/60228.jpg,data/data-masc/xml/search/60228.xml
60355,Search,search,data/data-masc/screenshots/search/60355.jpg,data/data-masc/xml/search/60355.xml
60369,Search,search,data/data-masc/screenshots/search/60369.jpg,data/data-masc/xml/search/60369.xml
60399,Search,search,data/data-masc/screenshots/search/60399.jpg,data/data-masc/xml/search/60399.xml
60475,Search,search,data/data-masc/screenshots/search/60475.jpg,data/data-masc/xml/search/60475.xml
60496,Search,search,data/data-masc/screenshots/search/60496.jpg,data/data-masc/xml/search/60496.xml
60647,Search,search,data/data-masc/screenshots/search/60647.jpg,data/data-masc/xml/search/60647.xml
60866,Search,search,data/data-masc/screenshots/search/60866.jpg,data/data-masc/xml/search/60866.xml
60874,Search,search,data/data-masc/screenshots/search/60874.jpg,data/data-masc/xml/search/60874.xml
60875,Search,search,data/data-masc/screenshots/search/60875.jpg,data/data-masc/xml/search/60875.xml
60889,Search,search,data/data-masc/screenshots/search/60889.jpg,data/data-masc/xml/search/60889.xml
60890,Search,search,data/data-masc/screenshots/search/60890.jpg,data/data-masc/xml/search/60890.xml
61109,Search,search,data/data-masc/screenshots/search/61109.jpg,data/data-masc/xml/search/61109.xml
61251,Search,search,data/data-masc/screenshots/search/61251.jpg,data/data-masc/xml/search/61251.xml
61258,Search,search,data/data-masc/screenshots/search/61258.jpg,data/data-masc/xml/search/61258.xml
61323,Search,search,data/data-masc/screenshots/search/61323.jpg,data/data-masc/xml/search/61323.xml
61555,Search,search,data/data-masc/screenshots/search/61555.jpg,data/data-masc/xml/search/61555.xml
61898,Search,search,data/data-masc/screenshots/search/61898.jpg,data/data-masc/xml/search/61898.xml
62168,Search,search,data/data-masc/screenshots/search/62168.jpg,data/data-masc/xml/search/62168.xml
62384,Search,search,data/data-masc/screenshots/search/62384.jpg,data/data-masc/xml/search/62384.xml
62402,Search,search,data/data-masc/screenshots/search/62402.jpg,data/data-masc/xml/search/62402.xml
62405,Search,search,data/data-masc/screenshots/search/62405.jpg,data/data-masc/xml/search/62405.xml
62431,Search,search,data/data-masc/screenshots/search/62431.jpg,data/data-masc/xml/search/62431.xml
62435,Search,search,data/data-masc/screenshots/search/62435.jpg,data/data-masc/xml/search/62435.xml
62437,Search,search,data/data-masc/screenshots/search/62437.jpg,data/data-masc/xml/search/62437.xml
62466,Search,search,data/data-masc/screenshots/search/62466.jpg,data/data-masc/xml/search/62466.xml
62739,Search,search,data/data-masc/screenshots/search/62739.jpg,data/data-masc/xml/search/62739.xml
62773,Search,search,data/data-masc/screenshots/search/62773.jpg,data/data-masc/xml/search/62773.xml
62896,Search,search,data/data-masc/screenshots/search/62896.jpg,data/data-masc/xml/search/62896.xml
63057,Search,search,data/data-masc/screenshots/search/63057.jpg,data/data-masc/xml/search/63057.xml
63093,Search,search,data/data-masc/screenshots/search/63093.jpg,data/data-masc/xml/search/63093.xml
63099,Search,search,data/data-masc/screenshots/search/63099.jpg,data/data-masc/xml/search/63099.xml
63254,Search,search,data/data-masc/screenshots/search/63254.jpg,data/data-masc/xml/search/63254.xml
63424,Search,search,data/data-masc/screenshots/search/63424.jpg,data/data-masc/xml/search/63424.xml
63521,Search,search,data/data-masc/screenshots/search/63521.jpg,data/data-masc/xml/search/63521.xml
63572,Search,search,data/data-masc/screenshots/search/63572.jpg,data/data-masc/xml/search/63572.xml
63721,Search,search,data/data-masc/screenshots/search/63721.jpg,data/data-masc/xml/search/63721.xml
63724,Search,search,data/data-masc/screenshots/search/63724.jpg,data/data-masc/xml/search/63724.xml
63830,Search,search,data/data-masc/screenshots/search/63830.jpg,data/data-masc/xml/search/63830.xml
64367,Search,search,data/data-masc/screenshots/search/64367.jpg,data/data-masc/xml/search/64367.xml
64551,Search,search,data/data-masc/screenshots/search/64551.jpg,data/data-masc/xml/search/64551.xml
64715,Search,search,data/data-masc/screenshots/search/64715.jpg,data/data-masc/xml/search/64715.xml
64734,Search,search,data/data-masc/screenshots/search/64734.jpg,data/data-masc/xml/search/64734.xml
64753,Search,search,data/data-masc/screenshots/search/64753.jpg,data/data-masc/xml/search/64753.xml
64761,Search,search,data/data-masc/screenshots/search/64761.jpg,data/data-masc/xml/search/64761.xml
65199,Search,search,data/data-masc/screenshots/search/65199.jpg,data/data-masc/xml/search/65199.xml
65207,Search,search,data/data-masc/screenshots/search/65207.jpg,data/data-masc/xml/search/65207.xml
65436,Search,search,data/data-masc/screenshots/search/65436.jpg,data/data-masc/xml/search/65436.xml
65498,Search,search,data/data-masc/screenshots/search/65498.jpg,data/data-masc/xml/search/65498.xml
65743,Search,search,data/data-masc/screenshots/search/65743.jpg,data/data-masc/xml/search/65743.xml
65806,Search,search,data/data-masc/screenshots/search/65806.jpg,data/data-masc/xml/search/65806.xml
65868,Search,search,data/data-masc/screenshots/search/65868.jpg,data/data-masc/xml/search/65868.xml
65898,Search,search,data/data-masc/screenshots/search/65898.jpg,data/data-masc/xml/search/65898.xml
65963,Search,search,data/data-masc/screenshots/search/65963.jpg,data/data-masc/xml/search/65963.xml
66211,Search,search,data/data-masc/screenshots/search/66211.jpg,data/data-masc/xml/search/66211.xml
66214,Search,search,data/data-masc/screenshots/search/66214.jpg,data/data-masc/xml/search/66214.xml
66215,Search,search,data/data-masc/screenshots/search/66215.jpg,data/data-masc/xml/search/66215.xml
66220,Search,search,data/data-masc/screenshots/search/66220.jpg,data/data-masc/xml/search/66220.xml
66294,Search,search,data/data-masc/screenshots/search/66294.jpg,data/data-masc/xml/search/66294.xml
66353,Search,search,data/data-masc/screenshots/search/66353.jpg,data/data-masc/xml/search/66353.xml
66797,Search,search,data/data-masc/screenshots/search/66797.jpg,data/data-masc/xml/search/66797.xml
66978,Search,search,data/data-masc/screenshots/search/66978.jpg,data/data-masc/xml/search/66978.xml
66989,Search,search,data/data-masc/screenshots/search/66989.jpg,data/data-masc/xml/search/66989.xml
66998,Search,search,data/data-masc/screenshots/search/66998.jpg,data/data-masc/xml/search/66998.xml
67085,Search,search,data/data-masc/screenshots/search/67085.jpg,data/data-masc/xml/search/67085.xml
67236,Search,search,data/data-masc/screenshots/search/67236.jpg,data/data-masc/xml/search/67236.xml
67244,Search,search,data/data-masc/screenshots/search/67244.jpg,data/data-masc/xml/search/67244.xml
67468,Search,search,data/data-masc/screenshots/search/67468.jpg,data/data-masc/xml/search/67468.xml
67645,Search,search,data/data-masc/screenshots/search/67645.jpg,data/data-masc/xml/search/67645.xml
67646,Search,search,data/data-masc/screenshots/search/67646.jpg,data/data-masc/xml/search/67646.xml
67689,Search,search,data/data-masc/screenshots/search/67689.jpg,data/data-masc/xml/search/67689.xml
68025,Search,search,data/data-masc/screenshots/search/68025.jpg,data/data-masc/xml/search/68025.xml
68636,Search,search,data/data-masc/screenshots/search/68636.jpg,data/data-masc/xml/search/68636.xml
69252,Search,search,data/data-masc/screenshots/search/69252.jpg,data/data-masc/xml/search/69252.xml
69274,Search,search,data/data-masc/screenshots/search/69274.jpg,data/data-masc/xml/search/69274.xml
69334,Search,search,data/data-masc/screenshots/search/69334.jpg,data/data-masc/xml/search/69334.xml
69446,Search,search,data/data-masc/screenshots/search/69446.jpg,data/data-masc/xml/search/69446.xml
69456,Search,search,data/data-masc/screenshots/search/69456.jpg,data/data-masc/xml/search/69456.xml
69462,Search,search,data/data-masc/screenshots/search/69462.jpg,data/data-masc/xml/search/69462.xml
69617,Search,search,data/data-masc/screenshots/search/69617.jpg,data/data-masc/xml/search/69617.xml
69633,Search,search,data/data-masc/screenshots/search/69633.jpg,data/data-masc/xml/search/69633.xml
69693,Search,search,data/data-masc/screenshots/search/69693.jpg,data/data-masc/xml/search/69693.xml
69696,Search,search,data/data-masc/screenshots/search/69696.jpg,data/data-masc/xml/search/69696.xml
69697,Search,search,data/data-masc/screenshots/search/69697.jpg,data/data-masc/xml/search/69697.xml
69759,Search,search,data/data-masc/screenshots/search/69759.jpg,data/data-masc/xml/search/69759.xml
69761,Search,search,data/data-masc/screenshots/search/69761.jpg,data/data-masc/xml/search/69761.xml
69833,Search,search,data/data-masc/screenshots/search/69833.jpg,data/data-masc/xml/search/69833.xml
69928,Search,search,data/data-masc/screenshots/search/69928.jpg,data/data-masc/xml/search/69928.xml
69933,Search,search,data/data-masc/screenshots/search/69933.jpg,data/data-masc/xml/search/69933.xml
70178,Search,search,data/data-masc/screenshots/search/70178.jpg,data/data-masc/xml/search/70178.xml
70191,Search,search,data/data-masc/screenshots/search/70191.jpg,data/data-masc/xml/search/70191.xml
70558,Search,search,data/data-masc/screenshots/search/70558.jpg,data/data-masc/xml/search/70558.xml
70724,Search,search,data/data-masc/screenshots/search/70724.jpg,data/data-masc/xml/search/70724.xml
70898,Search,search,data/data-masc/screenshots/search/70898.jpg,data/data-masc/xml/search/70898.xml
70905,Search,search,data/data-masc/screenshots/search/70905.jpg,data/data-masc/xml/search/70905.xml
71643,Search,search,data/data-masc/screenshots/search/71643.jpg,data/data-masc/xml/search/71643.xml
71825,Search,search,data/data-masc/screenshots/search/71825.jpg,data/data-masc/xml/search/71825.xml
71964,Search,search,data/data-masc/screenshots/search/71964.jpg,data/data-masc/xml/search/71964.xml
72056,Search,search,data/data-masc/screenshots/search/72056.jpg,data/data-masc/xml/search/72056.xml
72065,Search,search,data/data-masc/screenshots/search/72065.jpg,data/data-masc/xml/search/72065.xml
72155,Search,search,data/data-masc/screenshots/search/72155.jpg,data/data-masc/xml/search/72155.xml
72170,Search,search,data/data-masc/screenshots/search/72170.jpg,data/data-masc/xml/search/72170.xml
77,Setting,settings,data/data-masc/screenshots/settings/77.jpg,data/data-masc/xml/settings/77.xml
196,Setting,settings,data/data-masc/screenshots/settings/196.jpg,data/data-masc/xml/settings/196.xml
265,Setting,settings,data/data-masc/screenshots/settings/265.jpg,data/data-masc/xml/settings/265.xml
388,Setting,settings,data/data-masc/screenshots/settings/388.jpg,data/data-masc/xml/settings/388.xml
629,Setting,settings,data/data-masc/screenshots/settings/629.jpg,data/data-masc/xml/settings/629.xml
633,Setting,settings,data/data-masc/screenshots/settings/633.jpg,data/data-masc/xml/settings/633.xml
644,Setting,settings,data/data-masc/screenshots/settings/644.jpg,data/data-masc/xml/settings/644.xml
677,Setting,settings,data/data-masc/screenshots/settings/677.jpg,data/data-masc/xml/settings/677.xml
761,Setting,settings,data/data-masc/screenshots/settings/761.jpg,data/data-masc/xml/settings/761.xml
781,Setting,settings,data/data-masc/screenshots/settings/781.jpg,data/data-masc/xml/settings/781.xml
783,Setting,settings,data/data-masc/screenshots/settings/783.jpg,data/data-masc/xml/settings/783.xml
784,Setting,settings,data/data-masc/screenshots/settings/784.jpg,data/data-masc/xml/settings/784.xml
865,Setting,settings,data/data-masc/screenshots/settings/865.jpg,data/data-masc/xml/settings/865.xml
1007,Setting,settings,data/data-masc/screenshots/settings/1007.jpg,data/data-masc/xml/settings/1007.xml
1050,Setting,settings,data/data-masc/screenshots/settings/1050.jpg,data/data-masc/xml/settings/1050.xml
1061,Setting,settings,data/data-masc/screenshots/settings/1061.jpg,data/data-masc/xml/settings/1061.xml
1199,Setting,settings,data/data-masc/screenshots/settings/1199.jpg,data/data-masc/xml/settings/1199.xml
1261,Setting,settings,data/data-masc/screenshots/settings/1261.jpg,data/data-masc/xml/settings/1261.xml
1460,Setting,settings,data/data-masc/screenshots/settings/1460.jpg,data/data-masc/xml/settings/1460.xml
1758,Setting,settings,data/data-masc/screenshots/settings/1758.jpg,data/data-masc/xml/settings/1758.xml
2170,Setting,settings,data/data-masc/screenshots/settings/2170.jpg,data/data-masc/xml/settings/2170.xml
2326,Setting,settings,data/data-masc/screenshots/settings/2326.jpg,data/data-masc/xml/settings/2326.xml
2525,Setting,settings,data/data-masc/screenshots/settings/2525.jpg,data/data-masc/xml/settings/2525.xml
2589,Setting,settings,data/data-masc/screenshots/settings/2589.jpg,data/data-masc/xml/settings/2589.xml
2984,Setting,settings,data/data-masc/screenshots/settings/2984.jpg,data/data-masc/xml/settings/2984.xml
3007,Setting,settings,data/data-masc/screenshots/settings/3007.jpg,data/data-masc/xml/settings/3007.xml
3108,Setting,settings,data/data-masc/screenshots/settings/3108.jpg,data/data-masc/xml/settings/3108.xml
3117,Setting,settings,data/data-masc/screenshots/settings/3117.jpg,data/data-masc/xml/settings/3117.xml
3196,Setting,settings,data/data-masc/screenshots/settings/3196.jpg,data/data-masc/xml/settings/3196.xml
3291,Setting,settings,data/data-masc/screenshots/settings/3291.jpg,data/data-masc/xml/settings/3291.xml
3383,Setting,settings,data/data-masc/screenshots/settings/3383.jpg,data/data-masc/xml/settings/3383.xml
3462,Setting,settings,data/data-masc/screenshots/settings/3462.jpg,data/data-masc/xml/settings/3462.xml
3545,Setting,settings,data/data-masc/screenshots/settings/3545.jpg,data/data-masc/xml/settings/3545.xml
3757,Setting,settings,data/data-masc/screenshots/settings/3757.jpg,data/data-masc/xml/settings/3757.xml
4199,Setting,settings,data/data-masc/screenshots/settings/4199.jpg,data/data-masc/xml/settings/4199.xml
4476,Setting,settings,data/data-masc/screenshots/settings/4476.jpg,data/data-masc/xml/settings/4476.xml
4486,Setting,settings,data/data-masc/screenshots/settings/4486.jpg,data/data-masc/xml/settings/4486.xml
4812,Setting,settings,data/data-masc/screenshots/settings/4812.jpg,data/data-masc/xml/settings/4812.xml
4846,Setting,settings,data/data-masc/screenshots/settings/4846.jpg,data/data-masc/xml/settings/4846.xml
4858,Setting,settings,data/data-masc/screenshots/settings/4858.jpg,data/data-masc/xml/settings/4858.xml
4935,Setting,settings,data/data-masc/screenshots/settings/4935.jpg,data/data-masc/xml/settings/4935.xml
4977,Setting,settings,data/data-masc/screenshots/settings/4977.jpg,data/data-masc/xml/settings/4977.xml
5005,Setting,settings,data/data-masc/screenshots/settings/5005.jpg,data/data-masc/xml/settings/5005.xml
5539,Setting,settings,data/data-masc/screenshots/settings/5539.jpg,data/data-masc/xml/settings/5539.xml
5952,Setting,settings,data/data-masc/screenshots/settings/5952.jpg,data/data-masc/xml/settings/5952.xml
6079,Setting,settings,data/data-masc/screenshots/settings/6079.jpg,data/data-masc/xml/settings/6079.xml
6186,Setting,settings,data/data-masc/screenshots/settings/6186.jpg,data/data-masc/xml/settings/6186.xml
6311,Setting,settings,data/data-masc/screenshots/settings/6311.jpg,data/data-masc/xml/settings/6311.xml
6408,Setting,settings,data/data-masc/screenshots/settings/6408.jpg,data/data-masc/xml/settings/6408.xml
6414,Setting,settings,data/data-masc/screenshots/settings/6414.jpg,data/data-masc/xml/settings/6414.xml
6418,Setting,settings,data/data-masc/screenshots/settings/6418.jpg,data/data-masc/xml/settings/6418.xml
6423,Setting,settings,data/data-masc/screenshots/settings/6423.jpg,data/data-masc/xml/settings/6423.xml
6737,Setting,settings,data/data-masc/screenshots/settings/6737.jpg,data/data-masc/xml/settings/6737.xml
6899,Setting,settings,data/data-masc/screenshots/settings/6899.jpg,data/data-masc/xml/settings/6899.xml
6923,Setting,settings,data/data-masc/screenshots/settings/6923.jpg,data/data-masc/xml/settings/6923.xml
7265,Setting,settings,data/data-masc/screenshots/settings/7265.jpg,data/data-masc/xml/settings/7265.xml
7341,Setting,settings,data/data-masc/screenshots/settings/7341.jpg,data/data-masc/xml/settings/7341.xml
7392,Setting,settings,data/data-masc/screenshots/settings/7392.jpg,data/data-masc/xml/settings/7392.xml
7682,Setting,settings,data/data-masc/screenshots/settings/7682.jpg,data/data-masc/xml/settings/7682.xml
8029,Setting,settings,data/data-masc/screenshots/settings/8029.jpg,data/data-masc/xml/settings/8029.xml
8046,Setting,settings,data/data-masc/screenshots/settings/8046.jpg,data/data-masc/xml/settings/8046.xml
8239,Setting,settings,data/data-masc/screenshots/settings/8239.jpg,data/data-masc/xml/settings/8239.xml
8268,Setting,settings,data/data-masc/screenshots/settings/8268.jpg,data/data-masc/xml/settings/8268.xml
8385,Setting,settings,data/data-masc/screenshots/settings/8385.jpg,data/data-masc/xml/settings/8385.xml
8455,Setting,settings,data/data-masc/screenshots/settings/8455.jpg,data/data-masc/xml/settings/8455.xml
8573,Setting,settings,data/data-masc/screenshots/settings/8573.jpg,data/data-masc/xml/settings/8573.xml
9172,Setting,settings,data/data-masc/screenshots/settings/9172.jpg,data/data-masc/xml/settings/9172.xml
9191,Setting,settings,data/data-masc/screenshots/settings/9191.jpg,data/data-masc/xml/settings/9191.xml
9249,Setting,settings,data/data-masc/screenshots/settings/9249.jpg,data/data-masc/xml/settings/9249.xml
9475,Setting,settings,data/data-masc/screenshots/settings/9475.jpg,data/data-masc/xml/settings/9475.xml
9478,Setting,settings,data/data-masc/screenshots/settings/9478.jpg,data/data-masc/xml/settings/9478.xml
9479,Setting,settings,data/data-masc/screenshots/settings/9479.jpg,data/data-masc/xml/settings/9479.xml
9513,Setting,settings,data/data-masc/screenshots/settings/9513.jpg,data/data-masc/xml/settings/9513.xml
9577,Setting,settings,data/data-masc/screenshots/settings/9577.jpg,data/data-masc/xml/settings/9577.xml
9619,Setting,settings,data/data-masc/screenshots/settings/9619.jpg,data/data-masc/xml/settings/9619.xml
9828,Setting,settings,data/data-masc/screenshots/settings/9828.jpg,data/data-masc/xml/settings/9828.xml
10080,Setting,settings,data/data-masc/screenshots/settings/10080.jpg,data/data-masc/xml/settings/10080.xml
10096,Setting,settings,data/data-masc/screenshots/settings/10096.jpg,data/data-masc/xml/settings/10096.xml
10122,Setting,settings,data/data-masc/screenshots/settings/10122.jpg,data/data-masc/xml/settings/10122.xml
10168,Setting,settings,data/data-masc/screenshots/settings/10168.jpg,data/data-masc/xml/settings/10168.xml
10287,Setting,settings,data/data-masc/screenshots/settings/10287.jpg,data/data-masc/xml/settings/10287.xml
10291,Setting,settings,data/data-masc/screenshots/settings/10291.jpg,data/data-masc/xml/settings/10291.xml
10426,Setting,settings,data/data-masc/screenshots/settings/10426.jpg,data/data-masc/xml/settings/10426.xml
10615,Setting,settings,data/data-masc/screenshots/settings/10615.jpg,data/data-masc/xml/settings/10615.xml
10725,Setting,settings,data/data-masc/screenshots/settings/10725.jpg,data/data-masc/xml/settings/10725.xml
10880,Setting,settings,data/data-masc/screenshots/settings/10880.jpg,data/data-masc/xml/settings/10880.xml
10934,Setting,settings,data/data-masc/screenshots/settings/10934.jpg,data/data-masc/xml/settings/10934.xml
11310,Setting,settings,data/data-masc/screenshots/settings/11310.jpg,data/data-masc/xml/settings/11310.xml
11623,Setting,settings,data/data-masc/screenshots/settings/11623.jpg,data/data-masc/xml/settings/11623.xml
11954,Setting,settings,data/data-masc/screenshots/settings/11954.jpg,data/data-masc/xml/settings/11954.xml
11958,Setting,settings,data/data-masc/screenshots/settings/11958.jpg,data/data-masc/xml/settings/11958.xml
12105,Setting,settings,data/data-masc/screenshots/settings/12105.jpg,data/data-masc/xml/settings/12105.xml
12173,Setting,settings,data/data-masc/screenshots/settings/12173.jpg,data/data-masc/xml/settings/12173.xml
12252,Setting,settings,data/data-masc/screenshots/settings/12252.jpg,data/data-masc/xml/settings/12252.xml
12453,Setting,settings,data/data-masc/screenshots/settings/12453.jpg,data/data-masc/xml/settings/12453.xml
12577,Setting,settings,data/data-masc/screenshots/settings/12577.jpg,data/data-masc/xml/settings/12577.xml
12584,Setting,settings,data/data-masc/screenshots/settings/12584.jpg,data/data-masc/xml/settings/12584.xml
12638,Setting,settings,data/data-masc/screenshots/settings/12638.jpg,data/data-masc/xml/settings/12638.xml
12885,Setting,settings,data/data-masc/screenshots/settings/12885.jpg,data/data-masc/xml/settings/12885.xml
13083,Setting,settings,data/data-masc/screenshots/settings/13083.jpg,data/data-masc/xml/settings/13083.xml
13162,Setting,settings,data/data-masc/screenshots/settings/13162.jpg,data/data-masc/xml/settings/13162.xml
13252,Setting,settings,data/data-masc/screenshots/settings/13252.jpg,data/data-masc/xml/settings/13252.xml
13261,Setting,settings,data/data-masc/screenshots/settings/13261.jpg,data/data-masc/xml/settings/13261.xml
13547,Setting,settings,data/data-masc/screenshots/settings/13547.jpg,data/data-masc/xml/settings/13547.xml
13614,Setting,settings,data/data-masc/screenshots/settings/13614.jpg,data/data-masc/xml/settings/13614.xml
13617,Setting,settings,data/data-masc/screenshots/settings/13617.jpg,data/data-masc/xml/settings/13617.xml
13711,Setting,settings,data/data-masc/screenshots/settings/13711.jpg,data/data-masc/xml/settings/13711.xml
13728,Setting,settings,data/data-masc/screenshots/settings/13728.jpg,data/data-masc/xml/settings/13728.xml
13974,Setting,settings,data/data-masc/screenshots/settings/13974.jpg,data/data-masc/xml/settings/13974.xml
14080,Setting,settings,data/data-masc/screenshots/settings/14080.jpg,data/data-masc/xml/settings/14080.xml
14091,Setting,settings,data/data-masc/screenshots/settings/14091.jpg,data/data-masc/xml/settings/14091.xml
14100,Setting,settings,data/data-masc/screenshots/settings/14100.jpg,data/data-masc/xml/settings/14100.xml
14141,Setting,settings,data/data-masc/screenshots/settings/14141.jpg,data/data-masc/xml/settings/14141.xml
14903,Setting,settings,data/data-masc/screenshots/settings/14903.jpg,data/data-masc/xml/settings/14903.xml
14909,Setting,settings,data/data-masc/screenshots/settings/14909.jpg,data/data-masc/xml/settings/14909.xml
15121,Setting,settings,data/data-masc/screenshots/settings/15121.jpg,data/data-masc/xml/settings/15121.xml
15257,Setting,settings,data/data-masc/screenshots/settings/15257.jpg,data/data-masc/xml/settings/15257.xml
15402,Setting,settings,data/data-masc/screenshots/settings/15402.jpg,data/data-masc/xml/settings/15402.xml
15946,Setting,settings,data/data-masc/screenshots/settings/15946.jpg,data/data-masc/xml/settings/15946.xml
16013,Setting,settings,data/data-masc/screenshots/settings/16013.jpg,data/data-masc/xml/settings/16013.xml
16041,Setting,settings,data/data-masc/screenshots/settings/16041.jpg,data/data-masc/xml/settings/16041.xml
16112,Setting,settings,data/data-masc/screenshots/settings/16112.jpg,data/data-masc/xml/settings/16112.xml
16208,Setting,settings,data/data-masc/screenshots/settings/16208.jpg,data/data-masc/xml/settings/16208.xml
16645,Setting,settings,data/data-masc/screenshots/settings/16645.jpg,data/data-masc/xml/settings/16645.xml
17182,Setting,settings,data/data-masc/screenshots/settings/17182.jpg,data/data-masc/xml/settings/17182.xml
17711,Setting,settings,data/data-masc/screenshots/settings/17711.jpg,data/data-masc/xml/settings/17711.xml
17745,Setting,settings,data/data-masc/screenshots/settings/17745.jpg,data/data-masc/xml/settings/17745.xml
17774,Setting,settings,data/data-masc/screenshots/settings/17774.jpg,data/data-masc/xml/settings/17774.xml
17911,Setting,settings,data/data-masc/screenshots/settings/17911.jpg,data/data-masc/xml/settings/17911.xml
17954,Setting,settings,data/data-masc/screenshots/settings/17954.jpg,data/data-masc/xml/settings/17954.xml
18144,Setting,settings,data/data-masc/screenshots/settings/18144.jpg,data/data-masc/xml/settings/18144.xml
18168,Setting,settings,data/data-masc/screenshots/settings/18168.jpg,data/data-masc/xml/settings/18168.xml
18223,Setting,settings,data/data-masc/screenshots/settings/18223.jpg,data/data-masc/xml/settings/18223.xml
18225,Setting,settings,data/data-masc/screenshots/settings/18225.jpg,data/data-masc/xml/settings/18225.xml
18407,Setting,settings,data/data-masc/screenshots/settings/18407.jpg,data/data-masc/xml/settings/18407.xml
18472,Setting,settings,data/data-masc/screenshots/settings/18472.jpg,data/data-masc/xml/settings/18472.xml
18526,Setting,settings,data/data-masc/screenshots/settings/18526.jpg,data/data-masc/xml/settings/18526.xml
18602,Setting,settings,data/data-masc/screenshots/settings/18602.jpg,data/data-masc/xml/settings/18602.xml
18607,Setting,settings,data/data-masc/screenshots/settings/18607.jpg,data/data-masc/xml/settings/18607.xml
18788,Setting,settings,data/data-masc/screenshots/settings/18788.jpg,data/data-masc/xml/settings/18788.xml
19190,Setting,settings,data/data-masc/screenshots/settings/19190.jpg,data/data-masc/xml/settings/19190.xml
19320,Setting,settings,data/data-masc/screenshots/settings/19320.jpg,data/data-masc/xml/settings/19320.xml
19335,Setting,settings,data/data-masc/screenshots/settings/19335.jpg,data/data-masc/xml/settings/19335.xml
19337,Setting,settings,data/data-masc/screenshots/settings/19337.jpg,data/data-masc/xml/settings/19337.xml
19369,Setting,settings,data/data-masc/screenshots/settings/19369.jpg,data/data-masc/xml/settings/19369.xml
19448,Setting,settings,data/data-masc/screenshots/settings/19448.jpg,data/data-masc/xml/settings/19448.xml
19449,Setting,settings,data/data-masc/screenshots/settings/19449.jpg,data/data-masc/xml/settings/19449.xml
19651,Setting,settings,data/data-masc/screenshots/settings/19651.jpg,data/data-masc/xml/settings/19651.xml
19758,Setting,settings,data/data-masc/screenshots/settings/19758.jpg,data/data-masc/xml/settings/19758.xml
19859,Setting,settings,data/data-masc/screenshots/settings/19859.jpg,data/data-masc/xml/settings/19859.xml
19909,Setting,settings,data/data-masc/screenshots/settings/19909.jpg,data/data-masc/xml/settings/19909.xml
19910,Setting,settings,data/data-masc/screenshots/settings/19910.jpg,data/data-masc/xml/settings/19910.xml
20172,Setting,settings,data/data-masc/screenshots/settings/20172.jpg,data/data-masc/xml/settings/20172.xml
20178,Setting,settings,data/data-masc/screenshots/settings/20178.jpg,data/data-masc/xml/settings/20178.xml
20333,Setting,settings,data/data-masc/screenshots/settings/20333.jpg,data/data-masc/xml/settings/20333.xml
20781,Setting,settings,data/data-masc/screenshots/settings/20781.jpg,data/data-masc/xml/settings/20781.xml
20842,Setting,settings,data/data-masc/screenshots/settings/20842.jpg,data/data-masc/xml/settings/20842.xml
21027,Setting,settings,data/data-masc/screenshots/settings/21027.jpg,data/data-masc/xml/settings/21027.xml
21230,Setting,settings,data/data-masc/screenshots/settings/21230.jpg,data/data-masc/xml/settings/21230.xml
21328,Setting,settings,data/data-masc/screenshots/settings/21328.jpg,data/data-masc/xml/settings/21328.xml
21598,Setting,settings,data/data-masc/screenshots/settings/21598.jpg,data/data-masc/xml/settings/21598.xml
21845,Setting,settings,data/data-masc/screenshots/settings/21845.jpg,data/data-masc/xml/settings/21845.xml
22210,Setting,settings,data/data-masc/screenshots/settings/22210.jpg,data/data-masc/xml/settings/22210.xml
22638,Setting,settings,data/data-masc/screenshots/settings/22638.jpg,data/data-masc/xml/settings/22638.xml
22791,Setting,settings,data/data-masc/screenshots/settings/22791.jpg,data/data-masc/xml/settings/22791.xml
22909,Setting,settings,data/data-masc/screenshots/settings/22909.jpg,data/data-masc/xml/settings/22909.xml
23409,Setting,settings,data/data-masc/screenshots/settings/23409.jpg,data/data-masc/xml/settings/23409.xml
23764,Setting,settings,data/data-masc/screenshots/settings/23764.jpg,data/data-masc/xml/settings/23764.xml
23768,Setting,settings,data/data-masc/screenshots/settings/23768.jpg,data/data-masc/xml/settings/23768.xml
23808,Setting,settings,data/data-masc/screenshots/settings/23808.jpg,data/data-masc/xml/settings/23808.xml
24007,Setting,settings,data/data-masc/screenshots/settings/24007.jpg,data/data-masc/xml/settings/24007.xml
24053,Setting,settings,data/data-masc/screenshots/settings/24053.jpg,data/data-masc/xml/settings/24053.xml
24195,Setting,settings,data/data-masc/screenshots/settings/24195.jpg,data/data-masc/xml/settings/24195.xml
24654,Setting,settings,data/data-masc/screenshots/settings/24654.jpg,data/data-masc/xml/settings/24654.xml
24658,Setting,settings,data/data-masc/screenshots/settings/24658.jpg,data/data-masc/xml/settings/24658.xml
24753,Setting,settings,data/data-masc/screenshots/settings/24753.jpg,data/data-masc/xml/settings/24753.xml
24788,Setting,settings,data/data-masc/screenshots/settings/24788.jpg,data/data-masc/xml/settings/24788.xml
25022,Setting,settings,data/data-masc/screenshots/settings/25022.jpg,data/data-masc/xml/settings/25022.xml
25095,Setting,settings,data/data-masc/screenshots/settings/25095.jpg,data/data-masc/xml/settings/25095.xml
25140,Setting,settings,data/data-masc/screenshots/settings/25140.jpg,data/data-masc/xml/settings/25140.xml
25154,Setting,settings,data/data-masc/screenshots/settings/25154.jpg,data/data-masc/xml/settings/25154.xml
25167,Setting,settings,data/data-masc/screenshots/settings/25167.jpg,data/data-masc/xml/settings/25167.xml
25170,Setting,settings,data/data-masc/screenshots/settings/25170.jpg,data/data-masc/xml/settings/25170.xml
25302,Setting,settings,data/data-masc/screenshots/settings/25302.jpg,data/data-masc/xml/settings/25302.xml
25340,Setting,settings,data/data-masc/screenshots/settings/25340.jpg,data/data-masc/xml/settings/25340.xml
25349,Setting,settings,data/data-masc/screenshots/settings/25349.jpg,data/data-masc/xml/settings/25349.xml
25420,Setting,settings,data/data-masc/screenshots/settings/25420.jpg,data/data-masc/xml/settings/25420.xml
25640,Setting,settings,data/data-masc/screenshots/settings/25640.jpg,data/data-masc/xml/settings/25640.xml
25696,Setting,settings,data/data-masc/screenshots/settings/25696.jpg,data/data-masc/xml/settings/25696.xml
25699,Setting,settings,data/data-masc/screenshots/settings/25699.jpg,data/data-masc/xml/settings/25699.xml
25812,Setting,settings,data/data-masc/screenshots/settings/25812.jpg,data/data-masc/xml/settings/25812.xml
26287,Setting,settings,data/data-masc/screenshots/settings/26287.jpg,data/data-masc/xml/settings/26287.xml
26293,Setting,settings,data/data-masc/screenshots/settings/26293.jpg,data/data-masc/xml/settings/26293.xml
26355,Setting,settings,data/data-masc/screenshots/settings/26355.jpg,data/data-masc/xml/settings/26355.xml
26466,Setting,settings,data/data-masc/screenshots/settings/26466.jpg,data/data-masc/xml/settings/26466.xml
26477,Setting,settings,data/data-masc/screenshots/settings/26477.jpg,data/data-masc/xml/settings/26477.xml
26482,Setting,settings,data/data-masc/screenshots/settings/26482.jpg,data/data-masc/xml/settings/26482.xml
26546,Setting,settings,data/data-masc/screenshots/settings/26546.jpg,data/data-masc/xml/settings/26546.xml
26564,Setting,settings,data/data-masc/screenshots/settings/26564.jpg,data/data-masc/xml/settings/26564.xml
26575,Setting,settings,data/data-masc/screenshots/settings/26575.jpg,data/data-masc/xml/settings/26575.xml
26620,Setting,settings,data/data-masc/screenshots/settings/26620.jpg,data/data-masc/xml/settings/26620.xml
26763,Setting,settings,data/data-masc/screenshots/settings/26763.jpg,data/data-masc/xml/settings/26763.xml
26826,Setting,settings,data/data-masc/screenshots/settings/26826.jpg,data/data-masc/xml/settings/26826.xml
27048,Setting,settings,data/data-masc/screenshots/settings/27048.jpg,data/data-masc/xml/settings/27048.xml
27075,Setting,settings,data/data-masc/screenshots/settings/27075.jpg,data/data-masc/xml/settings/27075.xml
27079,Setting,settings,data/data-masc/screenshots/settings/27079.jpg,data/data-masc/xml/settings/27079.xml
27138,Setting,settings,data/data-masc/screenshots/settings/27138.jpg,data/data-masc/xml/settings/27138.xml
27146,Setting,settings,data/data-masc/screenshots/settings/27146.jpg,data/data-masc/xml/settings/27146.xml
27323,Setting,settings,data/data-masc/screenshots/settings/27323.jpg,data/data-masc/xml/settings/27323.xml
27375,Setting,settings,data/data-masc/screenshots/settings/27375.jpg,data/data-masc/xml/settings/27375.xml
27507,Setting,settings,data/data-masc/screenshots/settings/27507.jpg,data/data-masc/xml/settings/27507.xml
27512,Setting,settings,data/data-masc/screenshots/settings/27512.jpg,data/data-masc/xml/settings/27512.xml
27516,Setting,settings,data/data-masc/screenshots/settings/27516.jpg,data/data-masc/xml/settings/27516.xml
27522,Setting,settings,data/data-masc/screenshots/settings/27522.jpg,data/data-masc/xml/settings/27522.xml
27708,Setting,settings,data/data-masc/screenshots/settings/27708.jpg,data/data-masc/xml/settings/27708.xml
27772,Setting,settings,data/data-masc/screenshots/settings/27772.jpg,data/data-masc/xml/settings/27772.xml
27835,Setting,settings,data/data-masc/screenshots/settings/27835.jpg,data/data-masc/xml/settings/27835.xml
27863,Setting,settings,data/data-masc/screenshots/settings/27863.jpg,data/data-masc/xml/settings/27863.xml
27883,Setting,settings,data/data-masc/screenshots/settings/27883.jpg,data/data-masc/xml/settings/27883.xml
27956,Setting,settings,data/data-masc/screenshots/settings/27956.jpg,data/data-masc/xml/settings/27956.xml
28011,Setting,settings,data/data-masc/screenshots/settings/28011.jpg,data/data-masc/xml/settings/28011.xml
28204,Setting,settings,data/data-masc/screenshots/settings/28204.jpg,data/data-masc/xml/settings/28204.xml
28433,Setting,settings,data/data-masc/screenshots/settings/28433.jpg,data/data-masc/xml/settings/28433.xml
28548,Setting,settings,data/data-masc/screenshots/settings/28548.jpg,data/data-masc/xml/settings/28548.xml
28762,Setting,settings,data/data-masc/screenshots/settings/28762.jpg,data/data-masc/xml/settings/28762.xml
28792,Setting,settings,data/data-masc/screenshots/settings/28792.jpg,data/data-masc/xml/settings/28792.xml
29050,Setting,settings,data/data-masc/screenshots/settings/29050.jpg,data/data-masc/xml/settings/29050.xml
29067,Setting,settings,data/data-masc/screenshots/settings/29067.jpg,data/data-masc/xml/settings/29067.xml
29073,Setting,settings,data/data-masc/screenshots/settings/29073.jpg,data/data-masc/xml/settings/29073.xml
29390,Setting,settings,data/data-masc/screenshots/settings/29390.jpg,data/data-masc/xml/settings/29390.xml
30601,Setting,settings,data/data-masc/screenshots/settings/30601.jpg,data/data-masc/xml/settings/30601.xml
30648,Setting,settings,data/data-masc/screenshots/settings/30648.jpg,data/data-masc/xml/settings/30648.xml
30728,Setting,settings,data/data-masc/screenshots/settings/30728.jpg,data/data-masc/xml/settings/30728.xml
30729,Setting,settings,data/data-masc/screenshots/settings/30729.jpg,data/data-masc/xml/settings/30729.xml
31006,Setting,settings,data/data-masc/screenshots/settings/31006.jpg,data/data-masc/xml/settings/31006.xml
31075,Setting,settings,data/data-masc/screenshots/settings/31075.jpg,data/data-masc/xml/settings/31075.xml
31135,Setting,settings,data/data-masc/screenshots/settings/31135.jpg,data/data-masc/xml/settings/31135.xml
31409,Setting,settings,data/data-masc/screenshots/settings/31409.jpg,data/data-masc/xml/settings/31409.xml
31893,Setting,settings,data/data-masc/screenshots/settings/31893.jpg,data/data-masc/xml/settings/31893.xml
31941,Setting,settings,data/data-masc/screenshots/settings/31941.jpg,data/data-masc/xml/settings/31941.xml
32237,Setting,settings,data/data-masc/screenshots/settings/32237.jpg,data/data-masc/xml/settings/32237.xml
32588,Setting,settings,data/data-masc/screenshots/settings/32588.jpg,data/data-masc/xml/settings/32588.xml
32589,Setting,settings,data/data-masc/screenshots/settings/32589.jpg,data/data-masc/xml/settings/32589.xml
33138,Setting,settings,data/data-masc/screenshots/settings/33138.jpg,data/data-masc/xml/settings/33138.xml
33192,Setting,settings,data/data-masc/screenshots/settings/33192.jpg,data/data-masc/xml/settings/33192.xml
33274,Setting,settings,data/data-masc/screenshots/settings/33274.jpg,data/data-masc/xml/settings/33274.xml
33395,Setting,settings,data/data-masc/screenshots/settings/33395.jpg,data/data-masc/xml/settings/33395.xml
33423,Setting,settings,data/data-masc/screenshots/settings/33423.jpg,data/data-masc/xml/settings/33423.xml
33461,Setting,settings,data/data-masc/screenshots/settings/33461.jpg,data/data-masc/xml/settings/33461.xml
33695,Setting,settings,data/data-masc/screenshots/settings/33695.jpg,data/data-masc/xml/settings/33695.xml
33745,Setting,settings,data/data-masc/screenshots/settings/33745.jpg,data/data-masc/xml/settings/33745.xml
34351,Setting,settings,data/data-masc/screenshots/settings/34351.jpg,data/data-masc/xml/settings/34351.xml
34398,Setting,settings,data/data-masc/screenshots/settings/34398.jpg,data/data-masc/xml/settings/34398.xml
34428,Setting,settings,data/data-masc/screenshots/settings/34428.jpg,data/data-masc/xml/settings/34428.xml
35048,Setting,settings,data/data-masc/screenshots/settings/35048.jpg,data/data-masc/xml/settings/35048.xml
35051,Setting,settings,data/data-masc/screenshots/settings/35051.jpg,data/data-masc/xml/settings/35051.xml
35185,Setting,settings,data/data-masc/screenshots/settings/35185.jpg,data/data-masc/xml/settings/35185.xml
35247,Setting,settings,data/data-masc/screenshots/settings/35247.jpg,data/data-masc/xml/settings/35247.xml
35271,Setting,settings,data/data-masc/screenshots/settings/35271.jpg,data/data-masc/xml/settings/35271.xml
35321,Setting,settings,data/data-masc/screenshots/settings/35321.jpg,data/data-masc/xml/settings/35321.xml
35373,Setting,settings,data/data-masc/screenshots/settings/35373.jpg,data/data-masc/xml/settings/35373.xml
35576,Setting,settings,data/data-masc/screenshots/settings/35576.jpg,data/data-masc/xml/settings/35576.xml
35647,Setting,settings,data/data-masc/screenshots/settings/35647.jpg,data/data-masc/xml/settings/35647.xml
35954,Setting,settings,data/data-masc/screenshots/settings/35954.jpg,data/data-masc/xml/settings/35954.xml
36020,Setting,settings,data/data-masc/screenshots/settings/36020.jpg,data/data-masc/xml/settings/36020.xml
36132,Setting,settings,data/data-masc/screenshots/settings/36132.jpg,data/data-masc/xml/settings/36132.xml
36317,Setting,settings,data/data-masc/screenshots/settings/36317.jpg,data/data-masc/xml/settings/36317.xml
36475,Setting,settings,data/data-masc/screenshots/settings/36475.jpg,data/data-masc/xml/settings/36475.xml
36573,Setting,settings,data/data-masc/screenshots/settings/36573.jpg,data/data-masc/xml/settings/36573.xml
36576,Setting,settings,data/data-masc/screenshots/settings/36576.jpg,data/data-masc/xml/settings/36576.xml
36662,Setting,settings,data/data-masc/screenshots/settings/36662.jpg,data/data-masc/xml/settings/36662.xml
36665,Setting,settings,data/data-masc/screenshots/settings/36665.jpg,data/data-masc/xml/settings/36665.xml
36703,Setting,settings,data/data-masc/screenshots/settings/36703.jpg,data/data-masc/xml/settings/36703.xml
36705,Setting,settings,data/data-masc/screenshots/settings/36705.jpg,data/data-masc/xml/settings/36705.xml
36840,Setting,settings,data/data-masc/screenshots/settings/36840.jpg,data/data-masc/xml/settings/36840.xml
37026,Setting,settings,data/data-masc/screenshots/settings/37026.jpg,data/data-masc/xml/settings/37026.xml
37255,Setting,settings,data/data-masc/screenshots/settings/37255.jpg,data/data-masc/xml/settings/37255.xml
37257,Setting,settings,data/data-masc/screenshots/settings/37257.jpg,data/data-masc/xml/settings/37257.xml
37292,Setting,settings,data/data-masc/screenshots/settings/37292.jpg,data/data-masc/xml/settings/37292.xml
37448,Setting,settings,data/data-masc/screenshots/settings/37448.jpg,data/data-masc/xml/settings/37448.xml
37509,Setting,settings,data/data-masc/screenshots/settings/37509.jpg,data/data-masc/xml/settings/37509.xml
37517,Setting,settings,data/data-masc/screenshots/settings/37517.jpg,data/data-masc/xml/settings/37517.xml
38186,Setting,settings,data/data-masc/screenshots/settings/38186.jpg,data/data-masc/xml/settings/38186.xml
38782,Setting,settings,data/data-masc/screenshots/settings/38782.jpg,data/data-masc/xml/settings/38782.xml
38916,Setting,settings,data/data-masc/screenshots/settings/38916.jpg,data/data-masc/xml/settings/38916.xml
38986,Setting,settings,data/data-masc/screenshots/settings/38986.jpg,data/data-masc/xml/settings/38986.xml
39024,Setting,settings,data/data-masc/screenshots/settings/39024.jpg,data/data-masc/xml/settings/39024.xml
39081,Setting,settings,data/data-masc/screenshots/settings/39081.jpg,data/data-masc/xml/settings/39081.xml
39092,Setting,settings,data/data-masc/screenshots/settings/39092.jpg,data/data-masc/xml/settings/39092.xml
39096,Setting,settings,data/data-masc/screenshots/settings/39096.jpg,data/data-masc/xml/settings/39096.xml
39138,Setting,settings,data/data-masc/screenshots/settings/39138.jpg,data/data-masc/xml/settings/39138.xml
39149,Setting,settings,data/data-masc/screenshots/settings/39149.jpg,data/data-masc/xml/settings/39149.xml
39241,Setting,settings,data/data-masc/screenshots/settings/39241.jpg,data/data-masc/xml/settings/39241.xml
39473,Setting,settings,data/data-masc/screenshots/settings/39473.jpg,data/data-masc/xml/settings/39473.xml
39739,Setting,settings,data/data-masc/screenshots/settings/39739.jpg,data/data-masc/xml/settings/39739.xml
39754,Setting,settings,data/data-masc/screenshots/settings/39754.jpg,data/data-masc/xml/settings/39754.xml
40060,Setting,settings,data/data-masc/screenshots/settings/40060.jpg,data/data-masc/xml/settings/40060.xml
40096,Setting,settings,data/data-masc/screenshots/settings/40096.jpg,data/data-masc/xml/settings/40096.xml
40176,Setting,settings,data/data-masc/screenshots/settings/40176.jpg,data/data-masc/xml/settings/40176.xml
40184,Setting,settings,data/data-masc/screenshots/settings/40184.jpg,data/data-masc/xml/settings/40184.xml
40299,Setting,settings,data/data-masc/screenshots/settings/40299.jpg,data/data-masc/xml/settings/40299.xml
40671,Setting,settings,data/data-masc/screenshots/settings/40671.jpg,data/data-masc/xml/settings/40671.xml
40781,Setting,settings,data/data-masc/screenshots/settings/40781.jpg,data/data-masc/xml/settings/40781.xml
40890,Setting,settings,data/data-masc/screenshots/settings/40890.jpg,data/data-masc/xml/settings/40890.xml
40891,Setting,settings,data/data-masc/screenshots/settings/40891.jpg,data/data-masc/xml/settings/40891.xml
41183,Setting,settings,data/data-masc/screenshots/settings/41183.jpg,data/data-masc/xml/settings/41183.xml
41562,Setting,settings,data/data-masc/screenshots/settings/41562.jpg,data/data-masc/xml/settings/41562.xml
41672,Setting,settings,data/data-masc/screenshots/settings/41672.jpg,data/data-masc/xml/settings/41672.xml
42197,Setting,settings,data/data-masc/screenshots/settings/42197.jpg,data/data-masc/xml/settings/42197.xml
42208,Setting,settings,data/data-masc/screenshots/settings/42208.jpg,data/data-masc/xml/settings/42208.xml
42436,Setting,settings,data/data-masc/screenshots/settings/42436.jpg,data/data-masc/xml/settings/42436.xml
42949,Setting,settings,data/data-masc/screenshots/settings/42949.jpg,data/data-masc/xml/settings/42949.xml
43034,Setting,settings,data/data-masc/screenshots/settings/43034.jpg,data/data-masc/xml/settings/43034.xml
43079,Setting,settings,data/data-masc/screenshots/settings/43079.jpg,data/data-masc/xml/settings/43079.xml
43301,Setting,settings,data/data-masc/screenshots/settings/43301.jpg,data/data-masc/xml/settings/43301.xml
43317,Setting,settings,data/data-masc/screenshots/settings/43317.jpg,data/data-masc/xml/settings/43317.xml
43864,Setting,settings,data/data-masc/screenshots/settings/43864.jpg,data/data-masc/xml/settings/43864.xml
44137,Setting,settings,data/data-masc/screenshots/settings/44137.jpg,data/data-masc/xml/settings/44137.xml
44207,Setting,settings,data/data-masc/screenshots/settings/44207.jpg,data/data-masc/xml/settings/44207.xml
44345,Setting,settings,data/data-masc/screenshots/settings/44345.jpg,data/data-masc/xml/settings/44345.xml
44359,Setting,settings,data/data-masc/screenshots/settings/44359.jpg,data/data-masc/xml/settings/44359.xml
44658,Setting,settings,data/data-masc/screenshots/settings/44658.jpg,data/data-masc/xml/settings/44658.xml
44823,Setting,settings,data/data-masc/screenshots/settings/44823.jpg,data/data-masc/xml/settings/44823.xml
44849,Setting,settings,data/data-masc/screenshots/settings/44849.jpg,data/data-masc/xml/settings/44849.xml
44993,Setting,settings,data/data-masc/screenshots/settings/44993.jpg,data/data-masc/xml/settings/44993.xml
45132,Setting,settings,data/data-masc/screenshots/settings/45132.jpg,data/data-masc/xml/settings/45132.xml
45719,Setting,settings,data/data-masc/screenshots/settings/45719.jpg,data/data-masc/xml/settings/45719.xml
46019,Setting,settings,data/data-masc/screenshots/settings/46019.jpg,data/data-masc/xml/settings/46019.xml
46090,Setting,settings,data/data-masc/screenshots/settings/46090.jpg,data/data-masc/xml/settings/46090.xml
46609,Setting,settings,data/data-masc/screenshots/settings/46609.jpg,data/data-masc/xml/settings/46609.xml
46703,Setting,settings,data/data-masc/screenshots/settings/46703.jpg,data/data-masc/xml/settings/46703.xml
46936,Setting,settings,data/data-masc/screenshots/settings/46936.jpg,data/data-masc/xml/settings/46936.xml
47028,Setting,settings,data/data-masc/screenshots/settings/47028.jpg,data/data-masc/xml/settings/47028.xml
47091,Setting,settings,data/data-masc/screenshots/settings/47091.jpg,data/data-masc/xml/settings/47091.xml
47155,Setting,settings,data/data-masc/screenshots/settings/47155.jpg,data/data-masc/xml/settings/47155.xml
47560,Setting,settings,data/data-masc/screenshots/settings/47560.jpg,data/data-masc/xml/settings/47560.xml
47708,Setting,settings,data/data-masc/screenshots/settings/47708.jpg,data/data-masc/xml/settings/47708.xml
48733,Setting,settings,data/data-masc/screenshots/settings/48733.jpg,data/data-masc/xml/settings/48733.xml
48886,Setting,settings,data/data-masc/screenshots/settings/48886.jpg,data/data-masc/xml/settings/48886.xml
49080,Setting,settings,data/data-masc/screenshots/settings/49080.jpg,data/data-masc/xml/settings/49080.xml
49231,Setting,settings,data/data-masc/screenshots/settings/49231.jpg,data/data-masc/xml/settings/49231.xml
49520,Setting,settings,data/data-masc/screenshots/settings/49520.jpg,data/data-masc/xml/settings/49520.xml
49554,Setting,settings,data/data-masc/screenshots/settings/49554.jpg,data/data-masc/xml/settings/49554.xml
49678,Setting,settings,data/data-masc/screenshots/settings/49678.jpg,data/data-masc/xml/settings/49678.xml
49981,Setting,settings,data/data-masc/screenshots/settings/49981.jpg,data/data-masc/xml/settings/49981.xml
50163,Setting,settings,data/data-masc/screenshots/settings/50163.jpg,data/data-masc/xml/settings/50163.xml
50225,Setting,settings,data/data-masc/screenshots/settings/50225.jpg,data/data-masc/xml/settings/50225.xml
50271,Setting,settings,data/data-masc/screenshots/settings/50271.jpg,data/data-masc/xml/settings/50271.xml
50306,Setting,settings,data/data-masc/screenshots/settings/50306.jpg,data/data-masc/xml/settings/50306.xml
50588,Setting,settings,data/data-masc/screenshots/settings/50588.jpg,data/data-masc/xml/settings/50588.xml
51068,Setting,settings,data/data-masc/screenshots/settings/51068.jpg,data/data-masc/xml/settings/51068.xml
51107,Setting,settings,data/data-masc/screenshots/settings/51107.jpg,data/data-masc/xml/settings/51107.xml
51275,Setting,settings,data/data-masc/screenshots/settings/51275.jpg,data/data-masc/xml/settings/51275.xml
51358,Setting,settings,data/data-masc/screenshots/settings/51358.jpg,data/data-masc/xml/settings/51358.xml
51474,Setting,settings,data/data-masc/screenshots/settings/51474.jpg,data/data-masc/xml/settings/51474.xml
52059,Setting,settings,data/data-masc/screenshots/settings/52059.jpg,data/data-masc/xml/settings/52059.xml
52143,Setting,settings,data/data-masc/screenshots/settings/52143.jpg,data/data-masc/xml/settings/52143.xml
52867,Setting,settings,data/data-masc/screenshots/settings/52867.jpg,data/data-masc/xml/settings/52867.xml
53043,Setting,settings,data/data-masc/screenshots/settings/53043.jpg,data/data-masc/xml/settings/53043.xml
53660,Setting,settings,data/data-masc/screenshots/settings/53660.jpg,data/data-masc/xml/settings/53660.xml
53867,Setting,settings,data/data-masc/screenshots/settings/53867.jpg,data/data-masc/xml/settings/53867.xml
54070,Setting,settings,data/data-masc/screenshots/settings/54070.jpg,data/data-masc/xml/settings/54070.xml
54313,Setting,settings,data/data-masc/screenshots/settings/54313.jpg,data/data-masc/xml/settings/54313.xml
54595,Setting,settings,data/data-masc/screenshots/settings/54595.jpg,data/data-masc/xml/settings/54595.xml
54650,Setting,settings,data/data-masc/screenshots/settings/54650.jpg,data/data-masc/xml/settings/54650.xml
54672,Setting,settings,data/data-masc/screenshots/settings/54672.jpg,data/data-masc/xml/settings/54672.xml
54724,Setting,settings,data/data-masc/screenshots/settings/54724.jpg,data/data-masc/xml/settings/54724.xml
54732,Setting,settings,data/data-masc/screenshots/settings/54732.jpg,data/data-masc/xml/settings/54732.xml
54891,Setting,settings,data/data-masc/screenshots/settings/54891.jpg,data/data-masc/xml/settings/54891.xml
54922,Setting,settings,data/data-masc/screenshots/settings/54922.jpg,data/data-masc/xml/settings/54922.xml
55033,Setting,settings,data/data-masc/screenshots/settings/55033.jpg,data/data-masc/xml/settings/55033.xml
55179,Setting,settings,data/data-masc/screenshots/settings/55179.jpg,data/data-masc/xml/settings/55179.xml
55650,Setting,settings,data/data-masc/screenshots/settings/55650.jpg,data/data-masc/xml/settings/55650.xml
55788,Setting,settings,data/data-masc/screenshots/settings/55788.jpg,data/data-masc/xml/settings/55788.xml
55796,Setting,settings,data/data-masc/screenshots/settings/55796.jpg,data/data-masc/xml/settings/55796.xml
55800,Setting,settings,data/data-masc/screenshots/settings/55800.jpg,data/data-masc/xml/settings/55800.xml
55891,Setting,settings,data/data-masc/screenshots/settings/55891.jpg,data/data-masc/xml/settings/55891.xml
56403,Setting,settings,data/data-masc/screenshots/settings/56403.jpg,data/data-masc/xml/settings/56403.xml
56652,Setting,settings,data/data-masc/screenshots/settings/56652.jpg,data/data-masc/xml/settings/56652.xml
57036,Setting,settings,data/data-masc/screenshots/settings/57036.jpg,data/data-masc/xml/settings/57036.xml
57450,Setting,settings,data/data-masc/screenshots/settings/57450.jpg,data/data-masc/xml/settings/57450.xml
57613,Setting,settings,data/data-masc/screenshots/settings/57613.jpg,data/data-masc/xml/settings/57613.xml
57750,Setting,settings,data/data-masc/screenshots/settings/57750.jpg,data/data-masc/xml/settings/57750.xml
57790,Setting,settings,data/data-masc/screenshots/settings/57790.jpg,data/data-masc/xml/settings/57790.xml
58023,Setting,settings,data/data-masc/screenshots/settings/58023.jpg,data/data-masc/xml/settings/58023.xml
58367,Setting,settings,data/data-masc/screenshots/settings/58367.jpg,data/data-masc/xml/settings/58367.xml
58612,Setting,settings,data/data-masc/screenshots/settings/58612.jpg,data/data-masc/xml/settings/58612.xml
58985,Setting,settings,data/data-masc/screenshots/settings/58985.jpg,data/data-masc/xml/settings/58985.xml
59140,Setting,settings,data/data-masc/screenshots/settings/59140.jpg,data/data-masc/xml/settings/59140.xml
59409,Setting,settings,data/data-masc/screenshots/settings/59409.jpg,data/data-masc/xml/settings/59409.xml
59423,Setting,settings,data/data-masc/screenshots/settings/59423.jpg,data/data-masc/xml/settings/59423.xml
59553,Setting,settings,data/data-masc/screenshots/settings/59553.jpg,data/data-masc/xml/settings/59553.xml
59580,Setting,settings,data/data-masc/screenshots/settings/59580.jpg,data/data-masc/xml/settings/59580.xml
59726,Setting,settings,data/data-masc/screenshots/settings/59726.jpg,data/data-masc/xml/settings/59726.xml
59743,Setting,settings,data/data-masc/screenshots/settings/59743.jpg,data/data-masc/xml/settings/59743.xml
59851,Setting,settings,data/data-masc/screenshots/settings/59851.jpg,data/data-masc/xml/settings/59851.xml
60318,Setting,settings,data/data-masc/screenshots/settings/60318.jpg,data/data-masc/xml/settings/60318.xml
60660,Setting,settings,data/data-masc/screenshots/settings/60660.jpg,data/data-masc/xml/settings/60660.xml
60796,Setting,settings,data/data-masc/screenshots/settings/60796.jpg,data/data-masc/xml/settings/60796.xml
61887,Setting,settings,data/data-masc/screenshots/settings/61887.jpg,data/data-masc/xml/settings/61887.xml
62032,Setting,settings,data/data-masc/screenshots/settings/62032.jpg,data/data-masc/xml/settings/62032.xml
62276,Setting,settings,data/data-masc/screenshots/settings/62276.jpg,data/data-masc/xml/settings/62276.xml
62574,Setting,settings,data/data-masc/screenshots/settings/62574.jpg,data/data-masc/xml/settings/62574.xml
62677,Setting,settings,data/data-masc/screenshots/settings/62677.jpg,data/data-masc/xml/settings/62677.xml
62882,Setting,settings,data/data-masc/screenshots/settings/62882.jpg,data/data-masc/xml/settings/62882.xml
63070,Setting,settings,data/data-masc/screenshots/settings/63070.jpg,data/data-masc/xml/settings/63070.xml
63378,Setting,settings,data/data-masc/screenshots/settings/63378.jpg,data/data-masc/xml/settings/63378.xml
63694,Setting,settings,data/data-masc/screenshots/settings/63694.jpg,data/data-masc/xml/settings/63694.xml
63775,Setting,settings,data/data-masc/screenshots/settings/63775.jpg,data/data-masc/xml/settings/63775.xml
64595,Setting,settings,data/data-masc/screenshots/settings/64595.jpg,data/data-masc/xml/settings/64595.xml
64666,Setting,settings,data/data-masc/screenshots/settings/64666.jpg,data/data-masc/xml/settings/64666.xml
64849,Setting,settings,data/data-masc/screenshots/settings/64849.jpg,data/data-masc/xml/settings/64849.xml
65042,Setting,settings,data/data-masc/screenshots/settings/65042.jpg,data/data-masc/xml/settings/65042.xml
65308,Setting,settings,data/data-masc/screenshots/settings/65308.jpg,data/data-masc/xml/settings/65308.xml
65405,Setting,settings,data/data-masc/screenshots/settings/65405.jpg,data/data-masc/xml/settings/65405.xml
65585,Setting,settings,data/data-masc/screenshots/settings/65585.jpg,data/data-masc/xml/settings/65585.xml
65638,Setting,settings,data/data-masc/screenshots/settings/65638.jpg,data/data-masc/xml/settings/65638.xml
65783,Setting,settings,data/data-masc/screenshots/settings/65783.jpg,data/data-masc/xml/settings/65783.xml
66435,Setting,settings,data/data-masc/screenshots/settings/66435.jpg,data/data-masc/xml/settings/66435.xml
67382,Setting,settings,data/data-masc/screenshots/settings/67382.jpg,data/data-masc/xml/settings/67382.xml
67669,Setting,settings,data/data-masc/screenshots/settings/67669.jpg,data/data-masc/xml/settings/67669.xml
68272,Setting,settings,data/data-masc/screenshots/settings/68272.jpg,data/data-masc/xml/settings/68272.xml
68407,Setting,settings,data/data-masc/screenshots/settings/68407.jpg,data/data-masc/xml/settings/68407.xml
68572,Setting,settings,data/data-masc/screenshots/settings/68572.jpg,data/data-masc/xml/settings/68572.xml
68676,Setting,settings,data/data-masc/screenshots/settings/68676.jpg,data/data-masc/xml/settings/68676.xml
68761,Setting,settings,data/data-masc/screenshots/settings/68761.jpg,data/data-masc/xml/settings/68761.xml
69358,Setting,settings,data/data-masc/screenshots/settings/69358.jpg,data/data-masc/xml/settings/69358.xml
69465,Setting,settings,data/data-masc/screenshots/settings/69465.jpg,data/data-masc/xml/settings/69465.xml
69539,Setting,settings,data/data-masc/screenshots/settings/69539.jpg,data/data-masc/xml/settings/69539.xml
69916,Setting,settings,data/data-masc/screenshots/settings/69916.jpg,data/data-masc/xml/settings/69916.xml
70194,Setting,settings,data/data-masc/screenshots/settings/70194.jpg,data/data-masc/xml/settings/70194.xml
70348,Setting,settings,data/data-masc/screenshots/settings/70348.jpg,data/data-masc/xml/settings/70348.xml
70475,Setting,settings,data/data-masc/screenshots/settings/70475.jpg,data/data-masc/xml/settings/70475.xml
71099,Setting,settings,data/data-masc/screenshots/settings/71099.jpg,data/data-masc/xml/settings/71099.xml
71551,Setting,settings,data/data-masc/screenshots/settings/71551.jpg,data/data-masc/xml/settings/71551.xml
71713,Setting,settings,data/data-masc/screenshots/settings/71713.jpg,data/data-masc/xml/settings/71713.xml
71717,Setting,settings,data/data-masc/screenshots/settings/71717.jpg,data/data-masc/xml/settings/71717.xml
71831,Setting,settings,data/data-masc/screenshots/settings/71831.jpg,data/data-masc/xml/settings/71831.xml
71840,Setting,settings,data/data-masc/screenshots/settings/71840.jpg,data/data-masc/xml/settings/71840.xml
72132,Setting,settings,data/data-masc/screenshots/settings/72132.jpg,data/data-masc/xml/settings/72132.xml
321,Welcome,welcome,data/data-masc/screenshots/welcome/321.jpg,data/data-masc/xml/welcome/321.xml
371,Welcome,welcome,data/data-masc/screenshots/welcome/371.jpg,data/data-masc/xml/welcome/371.xml
374,Welcome,welcome,data/data-masc/screenshots/welcome/374.jpg,data/data-masc/xml/welcome/374.xml
473,Welcome,welcome,data/data-masc/screenshots/welcome/473.jpg,data/data-masc/xml/welcome/473.xml
479,Welcome,welcome,data/data-masc/screenshots/welcome/479.jpg,data/data-masc/xml/welcome/479.xml
529,Welcome,welcome,data/data-masc/screenshots/welcome/529.jpg,data/data-masc/xml/welcome/529.xml
565,Welcome,welcome,data/data-masc/screenshots/welcome/565.jpg,data/data-masc/xml/welcome/565.xml
567,Welcome,welcome,data/data-masc/screenshots/welcome/567.jpg,data/data-masc/xml/welcome/567.xml
701,Welcome,welcome,data/data-masc/screenshots/welcome/701.jpg,data/data-masc/xml/welcome/701.xml
771,Welcome,welcome,data/data-masc/screenshots/welcome/771.jpg,data/data-masc/xml/welcome/771.xml
804,Welcome,welcome,data/data-masc/screenshots/welcome/804.jpg,data/data-masc/xml/welcome/804.xml
888,Welcome,welcome,data/data-masc/screenshots/welcome/888.jpg,data/data-masc/xml/welcome/888.xml
1047,Welcome,welcome,data/data-masc/screenshots/welcome/1047.jpg,data/data-masc/xml/welcome/1047.xml
1059,Welcome,welcome,data/data-masc/screenshots/welcome/1059.jpg,data/data-masc/xml/welcome/1059.xml
1129,Welcome,welcome,data/data-masc/screenshots/welcome/1129.jpg,data/data-masc/xml/welcome/1129.xml
1268,Welcome,welcome,data/data-masc/screenshots/welcome/1268.jpg,data/data-masc/xml/welcome/1268.xml
1271,Welcome,welcome,data/data-masc/screenshots/welcome/1271.jpg,data/data-masc/xml/welcome/1271.xml
1352,Welcome,welcome,data/data-masc/screenshots/welcome/1352.jpg,data/data-masc/xml/welcome/1352.xml
1433,Welcome,welcome,data/data-masc/screenshots/welcome/1433.jpg,data/data-masc/xml/welcome/1433.xml
1451,Welcome,welcome,data/data-masc/screenshots/welcome/1451.jpg,data/data-masc/xml/welcome/1451.xml
1459,Welcome,welcome,data/data-masc/screenshots/welcome/1459.jpg,data/data-masc/xml/welcome/1459.xml
1534,Welcome,welcome,data/data-masc/screenshots/welcome/1534.jpg,data/data-masc/xml/welcome/1534.xml
1622,Welcome,welcome,data/data-masc/screenshots/welcome/1622.jpg,data/data-masc/xml/welcome/1622.xml
1748,Welcome,welcome,data/data-masc/screenshots/welcome/1748.jpg,data/data-masc/xml/welcome/1748.xml
1774,Welcome,welcome,data/data-masc/screenshots/welcome/1774.jpg,data/data-masc/xml/welcome/1774.xml
1809,Welcome,welcome,data/data-masc/screenshots/welcome/1809.jpg,data/data-masc/xml/welcome/1809.xml
1835,Welcome,welcome,data/data-masc/screenshots/welcome/1835.jpg,data/data-masc/xml/welcome/1835.xml
1852,Welcome,welcome,data/data-masc/screenshots/welcome/1852.jpg,data/data-masc/xml/welcome/1852.xml
1853,Welcome,welcome,data/data-masc/screenshots/welcome/1853.jpg,data/data-masc/xml/welcome/1853.xml
1863,Welcome,welcome,data/data-masc/screenshots/welcome/1863.jpg,data/data-masc/xml/welcome/1863.xml
2353,Welcome,welcome,data/data-masc/screenshots/welcome/2353.jpg,data/data-masc/xml/welcome/2353.xml
2433,Welcome,welcome,data/data-masc/screenshots/welcome/2433.jpg,data/data-masc/xml/welcome/2433.xml
2454,Welcome,welcome,data/data-masc/screenshots/welcome/2454.jpg,data/data-masc/xml/welcome/2454.xml
2463,Welcome,welcome,data/data-masc/screenshots/welcome/2463.jpg,data/data-masc/xml/welcome/2463.xml
2498,Welcome,welcome,data/data-masc/screenshots/welcome/2498.jpg,data/data-masc/xml/welcome/2498.xml
2555,Welcome,welcome,data/data-masc/screenshots/welcome/2555.jpg,data/data-masc/xml/welcome/2555.xml
2584,Welcome,welcome,data/data-masc/screenshots/welcome/2584.jpg,data/data-masc/xml/welcome/2584.xml
2586,Welcome,welcome,data/data-masc/screenshots/welcome/2586.jpg,data/data-masc/xml/welcome/2586.xml
2623,Welcome,welcome,data/data-masc/screenshots/welcome/2623.jpg,data/data-masc/xml/welcome/2623.xml
2799,Welcome,welcome,data/data-masc/screenshots/welcome/2799.jpg,data/data-masc/xml/welcome/2799.xml
3105,Welcome,welcome,data/data-masc/screenshots/welcome/3105.jpg,data/data-masc/xml/welcome/3105.xml
3129,Welcome,welcome,data/data-masc/screenshots/welcome/3129.jpg,data/data-masc/xml/welcome/3129.xml
3161,Welcome,welcome,data/data-masc/screenshots/welcome/3161.jpg,data/data-masc/xml/welcome/3161.xml
3213,Welcome,welcome,data/data-masc/screenshots/welcome/3213.jpg,data/data-masc/xml/welcome/3213.xml
3265,Welcome,welcome,data/data-masc/screenshots/welcome/3265.jpg,data/data-masc/xml/welcome/3265.xml
3439,Welcome,welcome,data/data-masc/screenshots/welcome/3439.jpg,data/data-masc/xml/welcome/3439.xml
3579,Welcome,welcome,data/data-masc/screenshots/welcome/3579.jpg,data/data-masc/xml/welcome/3579.xml
3692,Welcome,welcome,data/data-masc/screenshots/welcome/3692.jpg,data/data-masc/xml/welcome/3692.xml
3710,Welcome,welcome,data/data-masc/screenshots/welcome/3710.jpg,data/data-masc/xml/welcome/3710.xml
3718,Welcome,welcome,data/data-masc/screenshots/welcome/3718.jpg,data/data-masc/xml/welcome/3718.xml
3836,Welcome,welcome,data/data-masc/screenshots/welcome/3836.jpg,data/data-masc/xml/welcome/3836.xml
3855,Welcome,welcome,data/data-masc/screenshots/welcome/3855.jpg,data/data-masc/xml/welcome/3855.xml
3925,Welcome,welcome,data/data-masc/screenshots/welcome/3925.jpg,data/data-masc/xml/welcome/3925.xml
3965,Welcome,welcome,data/data-masc/screenshots/welcome/3965.jpg,data/data-masc/xml/welcome/3965.xml
3983,Welcome,welcome,data/data-masc/screenshots/welcome/3983.jpg,data/data-masc/xml/welcome/3983.xml
4162,Welcome,welcome,data/data-masc/screenshots/welcome/4162.jpg,data/data-masc/xml/welcome/4162.xml
4171,Welcome,welcome,data/data-masc/screenshots/welcome/4171.jpg,data/data-masc/xml/welcome/4171.xml
4189,Welcome,welcome,data/data-masc/screenshots/welcome/4189.jpg,data/data-masc/xml/welcome/4189.xml
4236,Welcome,welcome,data/data-masc/screenshots/welcome/4236.jpg,data/data-masc/xml/welcome/4236.xml
4380,Welcome,welcome,data/data-masc/screenshots/welcome/4380.jpg,data/data-masc/xml/welcome/4380.xml
4536,Welcome,welcome,data/data-masc/screenshots/welcome/4536.jpg,data/data-masc/xml/welcome/4536.xml
4581,Welcome,welcome,data/data-masc/screenshots/welcome/4581.jpg,data/data-masc/xml/welcome/4581.xml
4739,Welcome,welcome,data/data-masc/screenshots/welcome/4739.jpg,data/data-masc/xml/welcome/4739.xml
5195,Welcome,welcome,data/data-masc/screenshots/welcome/5195.jpg,data/data-masc/xml/welcome/5195.xml
5311,Welcome,welcome,data/data-masc/screenshots/welcome/5311.jpg,data/data-masc/xml/welcome/5311.xml
5336,Welcome,welcome,data/data-masc/screenshots/welcome/5336.jpg,data/data-masc/xml/welcome/5336.xml
5372,Welcome,welcome,data/data-masc/screenshots/welcome/5372.jpg,data/data-masc/xml/welcome/5372.xml
5386,Welcome,welcome,data/data-masc/screenshots/welcome/5386.jpg,data/data-masc/xml/welcome/5386.xml
5556,Welcome,welcome,data/data-masc/screenshots/welcome/5556.jpg,data/data-masc/xml/welcome/5556.xml
5567,Welcome,welcome,data/data-masc/screenshots/welcome/5567.jpg,data/data-masc/xml/welcome/5567.xml
5606,Welcome,welcome,data/data-masc/screenshots/welcome/5606.jpg,data/data-masc/xml/welcome/5606.xml
5607,Welcome,welcome,data/data-masc/screenshots/welcome/5607.jpg,data/data-masc/xml/welcome/5607.xml
5651,Welcome,welcome,data/data-masc/screenshots/welcome/5651.jpg,data/data-masc/xml/welcome/5651.xml
5978,Welcome,welcome,data/data-masc/screenshots/welcome/5978.jpg,data/data-masc/xml/welcome/5978.xml
6030,Welcome,welcome,data/data-masc/screenshots/welcome/6030.jpg,data/data-masc/xml/welcome/6030.xml
6064,Welcome,welcome,data/data-masc/screenshots/welcome/6064.jpg,data/data-masc/xml/welcome/6064.xml
6132,Welcome,welcome,data/data-masc/screenshots/welcome/6132.jpg,data/data-masc/xml/welcome/6132.xml
6207,Welcome,welcome,data/data-masc/screenshots/welcome/6207.jpg,data/data-masc/xml/welcome/6207.xml
6250,Welcome,welcome,data/data-masc/screenshots/welcome/6250.jpg,data/data-masc/xml/welcome/6250.xml
6279,Welcome,welcome,data/data-masc/screenshots/welcome/6279.jpg,data/data-masc/xml/welcome/6279.xml
6344,Welcome,welcome,data/data-masc/screenshots/welcome/6344.jpg,data/data-masc/xml/welcome/6344.xml
6603,Welcome,welcome,data/data-masc/screenshots/welcome/6603.jpg,data/data-masc/xml/welcome/6603.xml
6814,Welcome,welcome,data/data-masc/screenshots/welcome/6814.jpg,data/data-masc/xml/welcome/6814.xml
6848,Welcome,welcome,data/data-masc/screenshots/welcome/6848.jpg,data/data-masc/xml/welcome/6848.xml
7000,Welcome,welcome,data/data-masc/screenshots/welcome/7000.jpg,data/data-masc/xml/welcome/7000.xml
7003,Welcome,welcome,data/data-masc/screenshots/welcome/7003.jpg,data/data-masc/xml/welcome/7003.xml
7425,Welcome,welcome,data/data-masc/screenshots/welcome/7425.jpg,data/data-masc/xml/welcome/7425.xml
7428,Welcome,welcome,data/data-masc/screenshots/welcome/7428.jpg,data/data-masc/xml/welcome/7428.xml
7436,Welcome,welcome,data/data-masc/screenshots/welcome/7436.jpg,data/data-masc/xml/welcome/7436.xml
7447,Welcome,welcome,data/data-masc/screenshots/welcome/7447.jpg,data/data-masc/xml/welcome/7447.xml
7452,Welcome,welcome,data/data-masc/screenshots/welcome/7452.jpg,data/data-masc/xml/welcome/7452.xml
7548,Welcome,welcome,data/data-masc/screenshots/welcome/7548.jpg,data/data-masc/xml/welcome/7548.xml
7550,Welcome,welcome,data/data-masc/screenshots/welcome/7550.jpg,data/data-masc/xml/welcome/7550.xml
7648,Welcome,welcome,data/data-masc/screenshots/welcome/7648.jpg,data/data-masc/xml/welcome/7648.xml
7667,Welcome,welcome,data/data-masc/screenshots/welcome/7667.jpg,data/data-masc/xml/welcome/7667.xml
7672,Welcome,welcome,data/data-masc/screenshots/welcome/7672.jpg,data/data-masc/xml/welcome/7672.xml
7783,Welcome,welcome,data/data-masc/screenshots/welcome/7783.jpg,data/data-masc/xml/welcome/7783.xml
7803,Welcome,welcome,data/data-masc/screenshots/welcome/7803.jpg,data/data-masc/xml/welcome/7803.xml
7835,Welcome,welcome,data/data-masc/screenshots/welcome/7835.jpg,data/data-masc/xml/welcome/7835.xml
7964,Welcome,welcome,data/data-masc/screenshots/welcome/7964.jpg,data/data-masc/xml/welcome/7964.xml
8001,Welcome,welcome,data/data-masc/screenshots/welcome/8001.jpg,data/data-masc/xml/welcome/8001.xml
8016,Welcome,welcome,data/data-masc/screenshots/welcome/8016.jpg,data/data-masc/xml/welcome/8016.xml
8088,Welcome,welcome,data/data-masc/screenshots/welcome/8088.jpg,data/data-masc/xml/welcome/8088.xml
8373,Welcome,welcome,data/data-masc/screenshots/welcome/8373.jpg,data/data-masc/xml/welcome/8373.xml
8427,Welcome,welcome,data/data-masc/screenshots/welcome/8427.jpg,data/data-masc/xml/welcome/8427.xml
8429,Welcome,welcome,data/data-masc/screenshots/welcome/8429.jpg,data/data-masc/xml/welcome/8429.xml
8559,Welcome,welcome,data/data-masc/screenshots/welcome/8559.jpg,data/data-masc/xml/welcome/8559.xml
8632,Welcome,welcome,data/data-masc/screenshots/welcome/8632.jpg,data/data-masc/xml/welcome/8632.xml
8654,Welcome,welcome,data/data-masc/screenshots/welcome/8654.jpg,data/data-masc/xml/welcome/8654.xml
8825,Welcome,welcome,data/data-masc/screenshots/welcome/8825.jpg,data/data-masc/xml/welcome/8825.xml
8859,Welcome,welcome,data/data-masc/screenshots/welcome/8859.jpg,data/data-masc/xml/welcome/8859.xml
9001,Welcome,welcome,data/data-masc/screenshots/welcome/9001.jpg,data/data-masc/xml/welcome/9001.xml
9149,Welcome,welcome,data/data-masc/screenshots/welcome/9149.jpg,data/data-masc/xml/welcome/9149.xml
9182,Welcome,welcome,data/data-masc/screenshots/welcome/9182.jpg,data/data-masc/xml/welcome/9182.xml
9294,Welcome,welcome,data/data-masc/screenshots/welcome/9294.jpg,data/data-masc/xml/welcome/9294.xml
9377,Welcome,welcome,data/data-masc/screenshots/welcome/9377.jpg,data/data-masc/xml/welcome/9377.xml
9379,Welcome,welcome,data/data-masc/screenshots/welcome/9379.jpg,data/data-masc/xml/welcome/9379.xml
9382,Welcome,welcome,data/data-masc/screenshots/welcome/9382.jpg,data/data-masc/xml/welcome/9382.xml
9593,Welcome,welcome,data/data-masc/screenshots/welcome/9593.jpg,data/data-masc/xml/welcome/9593.xml
9606,Welcome,welcome,data/data-masc/screenshots/welcome/9606.jpg,data/data-masc/xml/welcome/9606.xml
9762,Welcome,welcome,data/data-masc/screenshots/welcome/9762.jpg,data/data-masc/xml/welcome/9762.xml
9821,Welcome,welcome,data/data-masc/screenshots/welcome/9821.jpg,data/data-masc/xml/welcome/9821.xml
10218,Welcome,welcome,data/data-masc/screenshots/welcome/10218.jpg,data/data-masc/xml/welcome/10218.xml
11082,Welcome,welcome,data/data-masc/screenshots/welcome/11082.jpg,data/data-masc/xml/welcome/11082.xml
11420,Welcome,welcome,data/data-masc/screenshots/welcome/11420.jpg,data/data-masc/xml/welcome/11420.xml
12304,Welcome,welcome,data/data-masc/screenshots/welcome/12304.jpg,data/data-masc/xml/welcome/12304.xml
12328,Welcome,welcome,data/data-masc/screenshots/welcome/12328.jpg,data/data-masc/xml/welcome/12328.xml
13431,Welcome,welcome,data/data-masc/screenshots/welcome/13431.jpg,data/data-masc/xml/welcome/13431.xml
13557,Welcome,welcome,data/data-masc/screenshots/welcome/13557.jpg,data/data-masc/xml/welcome/13557.xml
14238,Welcome,welcome,data/data-masc/screenshots/welcome/14238.jpg,data/data-masc/xml/welcome/14238.xml
14289,Welcome,welcome,data/data-masc/screenshots/welcome/14289.jpg,data/data-masc/xml/welcome/14289.xml
14610,Welcome,welcome,data/data-masc/screenshots/welcome/14610.jpg,data/data-masc/xml/welcome/14610.xml
15103,Welcome,welcome,data/data-masc/screenshots/welcome/15103.jpg,data/data-masc/xml/welcome/15103.xml
15123,Welcome,welcome,data/data-masc/screenshots/welcome/15123.jpg,data/data-masc/xml/welcome/15123.xml
15535,Welcome,welcome,data/data-masc/screenshots/welcome/15535.jpg,data/data-masc/xml/welcome/15535.xml
15887,Welcome,welcome,data/data-masc/screenshots/welcome/15887.jpg,data/data-masc/xml/welcome/15887.xml
15907,Welcome,welcome,data/data-masc/screenshots/welcome/15907.jpg,data/data-masc/xml/welcome/15907.xml
16334,Welcome,welcome,data/data-masc/screenshots/welcome/16334.jpg,data/data-masc/xml/welcome/16334.xml
16654,Welcome,welcome,data/data-masc/screenshots/welcome/16654.jpg,data/data-masc/xml/welcome/16654.xml
16906,Welcome,welcome,data/data-masc/screenshots/welcome/16906.jpg,data/data-masc/xml/welcome/16906.xml
17362,Welcome,welcome,data/data-masc/screenshots/welcome/17362.jpg,data/data-masc/xml/welcome/17362.xml
17461,Welcome,welcome,data/data-masc/screenshots/welcome/17461.jpg,data/data-masc/xml/welcome/17461.xml
18660,Welcome,welcome,data/data-masc/screenshots/welcome/18660.jpg,data/data-masc/xml/welcome/18660.xml
18674,Welcome,welcome,data/data-masc/screenshots/welcome/18674.jpg,data/data-masc/xml/welcome/18674.xml
19458,Welcome,welcome,data/data-masc/screenshots/welcome/19458.jpg,data/data-masc/xml/welcome/19458.xml
19646,Welcome,welcome,data/data-masc/screenshots/welcome/19646.jpg,data/data-masc/xml/welcome/19646.xml
19726,Welcome,welcome,data/data-masc/screenshots/welcome/19726.jpg,data/data-masc/xml/welcome/19726.xml
19838,Welcome,welcome,data/data-masc/screenshots/welcome/19838.jpg,data/data-masc/xml/welcome/19838.xml
19996,Welcome,welcome,data/data-masc/screenshots/welcome/19996.jpg,data/data-masc/xml/welcome/19996.xml
20005,Welcome,welcome,data/data-masc/screenshots/welcome/20005.jpg,data/data-masc/xml/welcome/20005.xml
20056,Welcome,welcome,data/data-masc/screenshots/welcome/20056.jpg,data/data-masc/xml/welcome/20056.xml
20103,Welcome,welcome,data/data-masc/screenshots/welcome/20103.jpg,data/data-masc/xml/welcome/20103.xml
20177,Welcome,welcome,data/data-masc/screenshots/welcome/20177.jpg,data/data-masc/xml/welcome/20177.xml
20234,Welcome,welcome,data/data-masc/screenshots/welcome/20234.jpg,data/data-masc/xml/welcome/20234.xml
20807,Welcome,welcome,data/data-masc/screenshots/welcome/20807.jpg,data/data-masc/xml/welcome/20807.xml
20882,Welcome,welcome,data/data-masc/screenshots/welcome/20882.jpg,data/data-masc/xml/welcome/20882.xml
20901,Welcome,welcome,data/data-masc/screenshots/welcome/20901.jpg,data/data-masc/xml/welcome/20901.xml
20909,Welcome,welcome,data/data-masc/screenshots/welcome/20909.jpg,data/data-masc/xml/welcome/20909.xml
20914,Welcome,welcome,data/data-masc/screenshots/welcome/20914.jpg,data/data-masc/xml/welcome/20914.xml
20983,Welcome,welcome,data/data-masc/screenshots/welcome/20983.jpg,data/data-masc/xml/welcome/20983.xml
21043,Welcome,welcome,data/data-masc/screenshots/welcome/21043.jpg,data/data-masc/xml/welcome/21043.xml
21051,Welcome,welcome,data/data-masc/screenshots/welcome/21051.jpg,data/data-masc/xml/welcome/21051.xml
21243,Welcome,welcome,data/data-masc/screenshots/welcome/21243.jpg,data/data-masc/xml/welcome/21243.xml
21300,Welcome,welcome,data/data-masc/screenshots/welcome/21300.jpg,data/data-masc/xml/welcome/21300.xml
21508,Welcome,welcome,data/data-masc/screenshots/welcome/21508.jpg,data/data-masc/xml/welcome/21508.xml
21517,Welcome,welcome,data/data-masc/screenshots/welcome/21517.jpg,data/data-masc/xml/welcome/21517.xml
21562,Welcome,welcome,data/data-masc/screenshots/welcome/21562.jpg,data/data-masc/xml/welcome/21562.xml
21577,Welcome,welcome,data/data-masc/screenshots/welcome/21577.jpg,data/data-masc/xml/welcome/21577.xml
21654,Welcome,welcome,data/data-masc/screenshots/welcome/21654.jpg,data/data-masc/xml/welcome/21654.xml
21655,Welcome,welcome,data/data-masc/screenshots/welcome/21655.jpg,data/data-masc/xml/welcome/21655.xml
22442,Welcome,welcome,data/data-masc/screenshots/welcome/22442.jpg,data/data-masc/xml/welcome/22442.xml
22493,Welcome,welcome,data/data-masc/screenshots/welcome/22493.jpg,data/data-masc/xml/welcome/22493.xml
23181,Welcome,welcome,data/data-masc/screenshots/welcome/23181.jpg,data/data-masc/xml/welcome/23181.xml
23231,Welcome,welcome,data/data-masc/screenshots/welcome/23231.jpg,data/data-masc/xml/welcome/23231.xml
23250,Welcome,welcome,data/data-masc/screenshots/welcome/23250.jpg,data/data-masc/xml/welcome/23250.xml
23580,Welcome,welcome,data/data-masc/screenshots/welcome/23580.jpg,data/data-masc/xml/welcome/23580.xml
23597,Welcome,welcome,data/data-masc/screenshots/welcome/23597.jpg,data/data-masc/xml/welcome/23597.xml
23599,Welcome,welcome,data/data-masc/screenshots/welcome/23599.jpg,data/data-masc/xml/welcome/23599.xml
24191,Welcome,welcome,data/data-masc/screenshots/welcome/24191.jpg,data/data-masc/xml/welcome/24191.xml
24192,Welcome,welcome,data/data-masc/screenshots/welcome/24192.jpg,data/data-masc/xml/welcome/24192.xml
24193,Welcome,welcome,data/data-masc/screenshots/welcome/24193.jpg,data/data-masc/xml/welcome/24193.xml
24565,Welcome,welcome,data/data-masc/screenshots/welcome/24565.jpg,data/data-masc/xml/welcome/24565.xml
24895,Welcome,welcome,data/data-masc/screenshots/welcome/24895.jpg,data/data-masc/xml/welcome/24895.xml
24900,Welcome,welcome,data/data-masc/screenshots/welcome/24900.jpg,data/data-masc/xml/welcome/24900.xml
25013,Welcome,welcome,data/data-masc/screenshots/welcome/25013.jpg,data/data-masc/xml/welcome/25013.xml
25115,Welcome,welcome,data/data-masc/screenshots/welcome/25115.jpg,data/data-masc/xml/welcome/25115.xml
25227,Welcome,welcome,data/data-masc/screenshots/welcome/25227.jpg,data/data-masc/xml/welcome/25227.xml
25341,Welcome,welcome,data/data-masc/screenshots/welcome/25341.jpg,data/data-masc/xml/welcome/25341.xml
25572,Welcome,welcome,data/data-masc/screenshots/welcome/25572.jpg,data/data-masc/xml/welcome/25572.xml
25596,Welcome,welcome,data/data-masc/screenshots/welcome/25596.jpg,data/data-masc/xml/welcome/25596.xml
25872,Welcome,welcome,data/data-masc/screenshots/welcome/25872.jpg,data/data-masc/xml/welcome/25872.xml
25873,Welcome,welcome,data/data-masc/screenshots/welcome/25873.jpg,data/data-masc/xml/welcome/25873.xml
25876,Welcome,welcome,data/data-masc/screenshots/welcome/25876.jpg,data/data-masc/xml/welcome/25876.xml
25892,Welcome,welcome,data/data-masc/screenshots/welcome/25892.jpg,data/data-masc/xml/welcome/25892.xml
25922,Welcome,welcome,data/data-masc/screenshots/welcome/25922.jpg,data/data-masc/xml/welcome/25922.xml
25950,Welcome,welcome,data/data-masc/screenshots/welcome/25950.jpg,data/data-masc/xml/welcome/25950.xml
26012,Welcome,welcome,data/data-masc/screenshots/welcome/26012.jpg,data/data-masc/xml/welcome/26012.xml
26137,Welcome,welcome,data/data-masc/screenshots/welcome/26137.jpg,data/data-masc/xml/welcome/26137.xml
26195,Welcome,welcome,data/data-masc/screenshots/welcome/26195.jpg,data/data-masc/xml/welcome/26195.xml
26203,Welcome,welcome,data/data-masc/screenshots/welcome/26203.jpg,data/data-masc/xml/welcome/26203.xml
26234,Welcome,welcome,data/data-masc/screenshots/welcome/26234.jpg,data/data-masc/xml/welcome/26234.xml
26235,Welcome,welcome,data/data-masc/screenshots/welcome/26235.jpg,data/data-masc/xml/welcome/26235.xml
26249,Welcome,welcome,data/data-masc/screenshots/welcome/26249.jpg,data/data-masc/xml/welcome/26249.xml
26431,Welcome,welcome,data/data-masc/screenshots/welcome/26431.jpg,data/data-masc/xml/welcome/26431.xml
26528,Welcome,welcome,data/data-masc/screenshots/welcome/26528.jpg,data/data-masc/xml/welcome/26528.xml
26541,Welcome,welcome,data/data-masc/screenshots/welcome/26541.jpg,data/data-masc/xml/welcome/26541.xml
26646,Welcome,welcome,data/data-masc/screenshots/welcome/26646.jpg,data/data-masc/xml/welcome/26646.xml
26778,Welcome,welcome,data/data-masc/screenshots/welcome/26778.jpg,data/data-masc/xml/welcome/26778.xml
26799,Welcome,welcome,data/data-masc/screenshots/welcome/26799.jpg,data/data-masc/xml/welcome/26799.xml
26830,Welcome,welcome,data/data-masc/screenshots/welcome/26830.jpg,data/data-masc/xml/welcome/26830.xml
27211,Welcome,welcome,data/data-masc/screenshots/welcome/27211.jpg,data/data-masc/xml/welcome/27211.xml
27217,Welcome,welcome,data/data-masc/screenshots/welcome/27217.jpg,data/data-masc/xml/welcome/27217.xml
27228,Welcome,welcome,data/data-masc/screenshots/welcome/27228.jpg,data/data-masc/xml/welcome/27228.xml
27346,Welcome,welcome,data/data-masc/screenshots/welcome/27346.jpg,data/data-masc/xml/welcome/27346.xml
27774,Welcome,welcome,data/data-masc/screenshots/welcome/27774.jpg,data/data-masc/xml/welcome/27774.xml
27901,Welcome,welcome,data/data-masc/screenshots/welcome/27901.jpg,data/data-masc/xml/welcome/27901.xml
27916,Welcome,welcome,data/data-masc/screenshots/welcome/27916.jpg,data/data-masc/xml/welcome/27916.xml
27998,Welcome,welcome,data/data-masc/screenshots/welcome/27998.jpg,data/data-masc/xml/welcome/27998.xml
28156,Welcome,welcome,data/data-masc/screenshots/welcome/28156.jpg,data/data-masc/xml/welcome/28156.xml
28177,Welcome,welcome,data/data-masc/screenshots/welcome/28177.jpg,data/data-masc/xml/welcome/28177.xml
28256,Welcome,welcome,data/data-masc/screenshots/welcome/28256.jpg,data/data-masc/xml/welcome/28256.xml
28409,Welcome,welcome,data/data-masc/screenshots/welcome/28409.jpg,data/data-masc/xml/welcome/28409.xml
28443,Welcome,welcome,data/data-masc/screenshots/welcome/28443.jpg,data/data-masc/xml/welcome/28443.xml
28499,Welcome,welcome,data/data-masc/screenshots/welcome/28499.jpg,data/data-masc/xml/welcome/28499.xml
28601,Welcome,welcome,data/data-masc/screenshots/welcome/28601.jpg,data/data-masc/xml/welcome/28601.xml
28602,Welcome,welcome,data/data-masc/screenshots/welcome/28602.jpg,data/data-masc/xml/welcome/28602.xml
29510,Welcome,welcome,data/data-masc/screenshots/welcome/29510.jpg,data/data-masc/xml/welcome/29510.xml
32737,Welcome,welcome,data/data-masc/screenshots/welcome/32737.jpg,data/data-masc/xml/welcome/32737.xml
32809,Welcome,welcome,data/data-masc/screenshots/welcome/32809.jpg,data/data-masc/xml/welcome/32809.xml
32828,Welcome,welcome,data/data-masc/screenshots/welcome/32828.jpg,data/data-masc/xml/welcome/32828.xml
32868,Welcome,welcome,data/data-masc/screenshots/welcome/32868.jpg,data/data-masc/xml/welcome/32868.xml
33063,Welcome,welcome,data/data-masc/screenshots/welcome/33063.jpg,data/data-masc/xml/welcome/33063.xml
33139,Welcome,welcome,data/data-masc/screenshots/welcome/33139.jpg,data/data-masc/xml/welcome/33139.xml
33186,Welcome,welcome,data/data-masc/screenshots/welcome/33186.jpg,data/data-masc/xml/welcome/33186.xml
33230,Welcome,welcome,data/data-masc/screenshots/welcome/33230.jpg,data/data-masc/xml/welcome/33230.xml
33236,Welcome,welcome,data/data-masc/screenshots/welcome/33236.jpg,data/data-masc/xml/welcome/33236.xml
33242,Welcome,welcome,data/data-masc/screenshots/welcome/33242.jpg,data/data-masc/xml/welcome/33242.xml
33294,Welcome,welcome,data/data-masc/screenshots/welcome/33294.jpg,data/data-masc/xml/welcome/33294.xml
33303,Welcome,welcome,data/data-masc/screenshots/welcome/33303.jpg,data/data-masc/xml/welcome/33303.xml
33304,Welcome,welcome,data/data-masc/screenshots/welcome/33304.jpg,data/data-masc/xml/welcome/33304.xml
33393,Welcome,welcome,data/data-masc/screenshots/welcome/33393.jpg,data/data-masc/xml/welcome/33393.xml
33472,Welcome,welcome,data/data-masc/screenshots/welcome/33472.jpg,data/data-masc/xml/welcome/33472.xml
33543,Welcome,welcome,data/data-masc/screenshots/welcome/33543.jpg,data/data-masc/xml/welcome/33543.xml
33554,Welcome,welcome,data/data-masc/screenshots/welcome/33554.jpg,data/data-masc/xml/welcome/33554.xml
33685,Welcome,welcome,data/data-masc/screenshots/welcome/33685.jpg,data/data-masc/xml/welcome/33685.xml
33686,Welcome,welcome,data/data-masc/screenshots/welcome/33686.jpg,data/data-masc/xml/welcome/33686.xml
33768,Welcome,welcome,data/data-masc/screenshots/welcome/33768.jpg,data/data-masc/xml/welcome/33768.xml
33799,Welcome,welcome,data/data-masc/screenshots/welcome/33799.jpg,data/data-masc/xml/welcome/33799.xml
33912,Welcome,welcome,data/data-masc/screenshots/welcome/33912.jpg,data/data-masc/xml/welcome/33912.xml
33915,Welcome,welcome,data/data-masc/screenshots/welcome/33915.jpg,data/data-masc/xml/welcome/33915.xml
33924,Welcome,welcome,data/data-masc/screenshots/welcome/33924.jpg,data/data-masc/xml/welcome/33924.xml
33943,Welcome,welcome,data/data-masc/screenshots/welcome/33943.jpg,data/data-masc/xml/welcome/33943.xml
34047,Welcome,welcome,data/data-masc/screenshots/welcome/34047.jpg,data/data-masc/xml/welcome/34047.xml
34051,Welcome,welcome,data/data-masc/screenshots/welcome/34051.jpg,data/data-masc/xml/welcome/34051.xml
34223,Welcome,welcome,data/data-masc/screenshots/welcome/34223.jpg,data/data-masc/xml/welcome/34223.xml
34270,Welcome,welcome,data/data-masc/screenshots/welcome/34270.jpg,data/data-masc/xml/welcome/34270.xml
34307,Welcome,welcome,data/data-masc/screenshots/welcome/34307.jpg,data/data-masc/xml/welcome/34307.xml
34386,Welcome,welcome,data/data-masc/screenshots/welcome/34386.jpg,data/data-masc/xml/welcome/34386.xml
34490,Welcome,welcome,data/data-masc/screenshots/welcome/34490.jpg,data/data-masc/xml/welcome/34490.xml
34506,Welcome,welcome,data/data-masc/screenshots/welcome/34506.jpg,data/data-masc/xml/welcome/34506.xml
34535,Welcome,welcome,data/data-masc/screenshots/welcome/34535.jpg,data/data-masc/xml/welcome/34535.xml
34588,Welcome,welcome,data/data-masc/screenshots/welcome/34588.jpg,data/data-masc/xml/welcome/34588.xml
34915,Welcome,welcome,data/data-masc/screenshots/welcome/34915.jpg,data/data-masc/xml/welcome/34915.xml
35113,Welcome,welcome,data/data-masc/screenshots/welcome/35113.jpg,data/data-masc/xml/welcome/35113.xml
35158,Welcome,welcome,data/data-masc/screenshots/welcome/35158.jpg,data/data-masc/xml/welcome/35158.xml
35277,Welcome,welcome,data/data-masc/screenshots/welcome/35277.jpg,data/data-masc/xml/welcome/35277.xml
35356,Welcome,welcome,data/data-masc/screenshots/welcome/35356.jpg,data/data-masc/xml/welcome/35356.xml
35390,Welcome,welcome,data/data-masc/screenshots/welcome/35390.jpg,data/data-masc/xml/welcome/35390.xml
35442,Welcome,welcome,data/data-masc/screenshots/welcome/35442.jpg,data/data-masc/xml/welcome/35442.xml
35550,Welcome,welcome,data/data-masc/screenshots/welcome/35550.jpg,data/data-masc/xml/welcome/35550.xml
35604,Welcome,welcome,data/data-masc/screenshots/welcome/35604.jpg,data/data-masc/xml/welcome/35604.xml
35734,Welcome,welcome,data/data-masc/screenshots/welcome/35734.jpg,data/data-masc/xml/welcome/35734.xml
35884,Welcome,welcome,data/data-masc/screenshots/welcome/35884.jpg,data/data-masc/xml/welcome/35884.xml
35914,Welcome,welcome,data/data-masc/screenshots/welcome/35914.jpg,data/data-masc/xml/welcome/35914.xml
36071,Welcome,welcome,data/data-masc/screenshots/welcome/36071.jpg,data/data-masc/xml/welcome/36071.xml
36162,Welcome,welcome,data/data-masc/screenshots/welcome/36162.jpg,data/data-masc/xml/welcome/36162.xml
36215,Welcome,welcome,data/data-masc/screenshots/welcome/36215.jpg,data/data-masc/xml/welcome/36215.xml
36268,Welcome,welcome,data/data-masc/screenshots/welcome/36268.jpg,data/data-masc/xml/welcome/36268.xml
36269,Welcome,welcome,data/data-masc/screenshots/welcome/36269.jpg,data/data-masc/xml/welcome/36269.xml
36270,Welcome,welcome,data/data-masc/screenshots/welcome/36270.jpg,data/data-masc/xml/welcome/36270.xml
36273,Welcome,welcome,data/data-masc/screenshots/welcome/36273.jpg,data/data-masc/xml/welcome/36273.xml
36366,Welcome,welcome,data/data-masc/screenshots/welcome/36366.jpg,data/data-masc/xml/welcome/36366.xml
36376,Welcome,welcome,data/data-masc/screenshots/welcome/36376.jpg,data/data-masc/xml/welcome/36376.xml
36516,Welcome,welcome,data/data-masc/screenshots/welcome/36516.jpg,data/data-masc/xml/welcome/36516.xml
36528,Welcome,welcome,data/data-masc/screenshots/welcome/36528.jpg,data/data-masc/xml/welcome/36528.xml
36547,Welcome,welcome,data/data-masc/screenshots/welcome/36547.jpg,data/data-masc/xml/welcome/36547.xml
36563,Welcome,welcome,data/data-masc/screenshots/welcome/36563.jpg,data/data-masc/xml/welcome/36563.xml
36656,Welcome,welcome,data/data-masc/screenshots/welcome/36656.jpg,data/data-masc/xml/welcome/36656.xml
36685,Welcome,welcome,data/data-masc/screenshots/welcome/36685.jpg,data/data-masc/xml/welcome/36685.xml
36774,Welcome,welcome,data/data-masc/screenshots/welcome/36774.jpg,data/data-masc/xml/welcome/36774.xml
36831,Welcome,welcome,data/data-masc/screenshots/welcome/36831.jpg,data/data-masc/xml/welcome/36831.xml
36843,Welcome,welcome,data/data-masc/screenshots/welcome/36843.jpg,data/data-masc/xml/welcome/36843.xml
36872,Welcome,welcome,data/data-masc/screenshots/welcome/36872.jpg,data/data-masc/xml/welcome/36872.xml
37206,Welcome,welcome,data/data-masc/screenshots/welcome/37206.jpg,data/data-masc/xml/welcome/37206.xml
37280,Welcome,welcome,data/data-masc/screenshots/welcome/37280.jpg,data/data-masc/xml/welcome/37280.xml
37361,Welcome,welcome,data/data-masc/screenshots/welcome/37361.jpg,data/data-masc/xml/welcome/37361.xml
37465,Welcome,welcome,data/data-masc/screenshots/welcome/37465.jpg,data/data-masc/xml/welcome/37465.xml
37468,Welcome,welcome,data/data-masc/screenshots/welcome/37468.jpg,data/data-masc/xml/welcome/37468.xml
37554,Welcome,welcome,data/data-masc/screenshots/welcome/37554.jpg,data/data-masc/xml/welcome/37554.xml
37563,Welcome,welcome,data/data-masc/screenshots/welcome/37563.jpg,data/data-masc/xml/welcome/37563.xml
37625,Welcome,welcome,data/data-masc/screenshots/welcome/37625.jpg,data/data-masc/xml/welcome/37625.xml
37641,Welcome,welcome,data/data-masc/screenshots/welcome/37641.jpg,data/data-masc/xml/welcome/37641.xml
37708,Welcome,welcome,data/data-masc/screenshots/welcome/37708.jpg,data/data-masc/xml/welcome/37708.xml
37724,Welcome,welcome,data/data-masc/screenshots/welcome/37724.jpg,data/data-masc/xml/welcome/37724.xml
37731,Welcome,welcome,data/data-masc/screenshots/welcome/37731.jpg,data/data-masc/xml/welcome/37731.xml
37914,Welcome,welcome,data/data-masc/screenshots/welcome/37914.jpg,data/data-masc/xml/welcome/37914.xml
38286,Welcome,welcome,data/data-masc/screenshots/welcome/38286.jpg,data/data-masc/xml/welcome/38286.xml
38355,Welcome,welcome,data/data-masc/screenshots/welcome/38355.jpg,data/data-masc/xml/welcome/38355.xml
38358,Welcome,welcome,data/data-masc/screenshots/welcome/38358.jpg,data/data-masc/xml/welcome/38358.xml
38430,Welcome,welcome,data/data-masc/screenshots/welcome/38430.jpg,data/data-masc/xml/welcome/38430.xml
38463,Welcome,welcome,data/data-masc/screenshots/welcome/38463.jpg,data/data-masc/xml/welcome/38463.xml
38514,Welcome,welcome,data/data-masc/screenshots/welcome/38514.jpg,data/data-masc/xml/welcome/38514.xml
38534,Welcome,welcome,data/data-masc/screenshots/welcome/38534.jpg,data/data-masc/xml/welcome/38534.xml
38589,Welcome,welcome,data/data-masc/screenshots/welcome/38589.jpg,data/data-masc/xml/welcome/38589.xml
38657,Welcome,welcome,data/data-masc/screenshots/welcome/38657.jpg,data/data-masc/xml/welcome/38657.xml
38744,Welcome,welcome,data/data-masc/screenshots/welcome/38744.jpg,data/data-masc/xml/welcome/38744.xml
38839,Welcome,welcome,data/data-masc/screenshots/welcome/38839.jpg,data/data-masc/xml/welcome/38839.xml
38958,Welcome,welcome,data/data-masc/screenshots/welcome/38958.jpg,data/data-masc/xml/welcome/38958.xml
38959,Welcome,welcome,data/data-masc/screenshots/welcome/38959.jpg,data/data-masc/xml/welcome/38959.xml
39008,Welcome,welcome,data/data-masc/screenshots/welcome/39008.jpg,data/data-masc/xml/welcome/39008.xml
39020,Welcome,welcome,data/data-masc/screenshots/welcome/39020.jpg,data/data-masc/xml/welcome/39020.xml
39228,Welcome,welcome,data/data-masc/screenshots/welcome/39228.jpg,data/data-masc/xml/welcome/39228.xml
39243,Welcome,welcome,data/data-masc/screenshots/welcome/39243.jpg,data/data-masc/xml/welcome/39243.xml
39276,Welcome,welcome,data/data-masc/screenshots/welcome/39276.jpg,data/data-masc/xml/welcome/39276.xml
39282,Welcome,welcome,data/data-masc/screenshots/welcome/39282.jpg,data/data-masc/xml/welcome/39282.xml
39467,Welcome,welcome,data/data-masc/screenshots/welcome/39467.jpg,data/data-masc/xml/welcome/39467.xml
39557,Welcome,welcome,data/data-masc/screenshots/welcome/39557.jpg,data/data-masc/xml/welcome/39557.xml
39673,Welcome,welcome,data/data-masc/screenshots/welcome/39673.jpg,data/data-masc/xml/welcome/39673.xml
39825,Welcome,welcome,data/data-masc/screenshots/welcome/39825.jpg,data/data-masc/xml/welcome/39825.xml
39897,Welcome,welcome,data/data-masc/screenshots/welcome/39897.jpg,data/data-masc/xml/welcome/39897.xml
39909,Welcome,welcome,data/data-masc/screenshots/welcome/39909.jpg,data/data-masc/xml/welcome/39909.xml
40352,Welcome,welcome,data/data-masc/screenshots/welcome/40352.jpg,data/data-masc/xml/welcome/40352.xml
40491,Welcome,welcome,data/data-masc/screenshots/welcome/40491.jpg,data/data-masc/xml/welcome/40491.xml
40564,Welcome,welcome,data/data-masc/screenshots/welcome/40564.jpg,data/data-masc/xml/welcome/40564.xml
40691,Welcome,welcome,data/data-masc/screenshots/welcome/40691.jpg,data/data-masc/xml/welcome/40691.xml
40841,Welcome,welcome,data/data-masc/screenshots/welcome/40841.jpg,data/data-masc/xml/welcome/40841.xml
40862,Welcome,welcome,data/data-masc/screenshots/welcome/40862.jpg,data/data-masc/xml/welcome/40862.xml
40875,Welcome,welcome,data/data-masc/screenshots/welcome/40875.jpg,data/data-masc/xml/welcome/40875.xml
41170,Welcome,welcome,data/data-masc/screenshots/welcome/41170.jpg,data/data-masc/xml/welcome/41170.xml
41205,Welcome,welcome,data/data-masc/screenshots/welcome/41205.jpg,data/data-masc/xml/welcome/41205.xml
41217,Welcome,welcome,data/data-masc/screenshots/welcome/41217.jpg,data/data-masc/xml/welcome/41217.xml
41264,Welcome,welcome,data/data-masc/screenshots/welcome/41264.jpg,data/data-masc/xml/welcome/41264.xml
41620,Welcome,welcome,data/data-masc/screenshots/welcome/41620.jpg,data/data-masc/xml/welcome/41620.xml
41636,Welcome,welcome,data/data-masc/screenshots/welcome/41636.jpg,data/data-masc/xml/welcome/41636.xml
41872,Welcome,welcome,data/data-masc/screenshots/welcome/41872.jpg,data/data-masc/xml/welcome/41872.xml
41945,Welcome,welcome,data/data-masc/screenshots/welcome/41945.jpg,data/data-masc/xml/welcome/41945.xml
41987,Welcome,welcome,data/data-masc/screenshots/welcome/41987.jpg,data/data-masc/xml/welcome/41987.xml
42046,Welcome,welcome,data/data-masc/screenshots/welcome/42046.jpg,data/data-masc/xml/welcome/42046.xml
42074,Welcome,welcome,data/data-masc/screenshots/welcome/42074.jpg,data/data-masc/xml/welcome/42074.xml
42114,Welcome,welcome,data/data-masc/screenshots/welcome/42114.jpg,data/data-masc/xml/welcome/42114.xml
42136,Welcome,welcome,data/data-masc/screenshots/welcome/42136.jpg,data/data-masc/xml/welcome/42136.xml
42188,Welcome,welcome,data/data-masc/screenshots/welcome/42188.jpg,data/data-masc/xml/welcome/42188.xml
42272,Welcome,welcome,data/data-masc/screenshots/welcome/42272.jpg,data/data-masc/xml/welcome/42272.xml
42345,Welcome,welcome,data/data-masc/screenshots/welcome/42345.jpg,data/data-masc/xml/welcome/42345.xml
42400,Welcome,welcome,data/data-masc/screenshots/welcome/42400.jpg,data/data-masc/xml/welcome/42400.xml
42403,Welcome,welcome,data/data-masc/screenshots/welcome/42403.jpg,data/data-masc/xml/welcome/42403.xml
42491,Welcome,welcome,data/data-masc/screenshots/welcome/42491.jpg,data/data-masc/xml/welcome/42491.xml
42498,Welcome,welcome,data/data-masc/screenshots/welcome/42498.jpg,data/data-masc/xml/welcome/42498.xml
42536,Welcome,welcome,data/data-masc/screenshots/welcome/42536.jpg,data/data-masc/xml/welcome/42536.xml
42783,Welcome,welcome,data/data-masc/screenshots/welcome/42783.jpg,data/data-masc/xml/welcome/42783.xml
42817,Welcome,welcome,data/data-masc/screenshots/welcome/42817.jpg,data/data-masc/xml/welcome/42817.xml
42972,Welcome,welcome,data/data-masc/screenshots/welcome/42972.jpg,data/data-masc/xml/welcome/42972.xml
42973,Welcome,welcome,data/data-masc/screenshots/welcome/42973.jpg,data/data-masc/xml/welcome/42973.xml
42979,Welcome,welcome,data/data-masc/screenshots/welcome/42979.jpg,data/data-masc/xml/welcome/42979.xml
43022,Welcome,welcome,data/data-masc/screenshots/welcome/43022.jpg,data/data-masc/xml/welcome/43022.xml
43312,Welcome,welcome,data/data-masc/screenshots/welcome/43312.jpg,data/data-masc/xml/welcome/43312.xml
43383,Welcome,welcome,data/data-masc/screenshots/welcome/43383.jpg,data/data-masc/xml/welcome/43383.xml
43390,Welcome,welcome,data/data-masc/screenshots/welcome/43390.jpg,data/data-masc/xml/welcome/43390.xml
43468,Welcome,welcome,data/data-masc/screenshots/welcome/43468.jpg,data/data-masc/xml/welcome/43468.xml
43488,Welcome,welcome,data/data-masc/screenshots/welcome/43488.jpg,data/data-masc/xml/welcome/43488.xml
43596,Welcome,welcome,data/data-masc/screenshots/welcome/43596.jpg,data/data-masc/xml/welcome/43596.xml
43597,Welcome,welcome,data/data-masc/screenshots/welcome/43597.jpg,data/data-masc/xml/welcome/43597.xml
43632,Welcome,welcome,data/data-masc/screenshots/welcome/43632.jpg,data/data-masc/xml/welcome/43632.xml
43651,Welcome,welcome,data/data-masc/screenshots/welcome/43651.jpg,data/data-masc/xml/welcome/43651.xml
43724,Welcome,welcome,data/data-masc/screenshots/welcome/43724.jpg,data/data-masc/xml/welcome/43724.xml
43725,Welcome,welcome,data/data-masc/screenshots/welcome/43725.jpg,data/data-masc/xml/welcome/43725.xml
43806,Welcome,welcome,data/data-masc/screenshots/welcome/43806.jpg,data/data-masc/xml/welcome/43806.xml
43911,Welcome,welcome,data/data-masc/screenshots/welcome/43911.jpg,data/data-masc/xml/welcome/43911.xml
43935,Welcome,welcome,data/data-masc/screenshots/welcome/43935.jpg,data/data-masc/xml/welcome/43935.xml
44121,Welcome,welcome,data/data-masc/screenshots/welcome/44121.jpg,data/data-masc/xml/welcome/44121.xml
44128,Welcome,welcome,data/data-masc/screenshots/welcome/44128.jpg,data/data-masc/xml/welcome/44128.xml
44148,Welcome,welcome,data/data-masc/screenshots/welcome/44148.jpg,data/data-masc/xml/welcome/44148.xml
44213,Welcome,welcome,data/data-masc/screenshots/welcome/44213.jpg,data/data-masc/xml/welcome/44213.xml
44241,Welcome,welcome,data/data-masc/screenshots/welcome/44241.jpg,data/data-masc/xml/welcome/44241.xml
44308,Welcome,welcome,data/data-masc/screenshots/welcome/44308.jpg,data/data-masc/xml/welcome/44308.xml
44324,Welcome,welcome,data/data-masc/screenshots/welcome/44324.jpg,data/data-masc/xml/welcome/44324.xml
44355,Welcome,welcome,data/data-masc/screenshots/welcome/44355.jpg,data/data-masc/xml/welcome/44355.xml
44421,Welcome,welcome,data/data-masc/screenshots/welcome/44421.jpg,data/data-masc/xml/welcome/44421.xml
44641,Welcome,welcome,data/data-masc/screenshots/welcome/44641.jpg,data/data-masc/xml/welcome/44641.xml
44707,Welcome,welcome,data/data-masc/screenshots/welcome/44707.jpg,data/data-masc/xml/welcome/44707.xml
44951,Welcome,welcome,data/data-masc/screenshots/welcome/44951.jpg,data/data-masc/xml/welcome/44951.xml
45371,Welcome,welcome,data/data-masc/screenshots/welcome/45371.jpg,data/data-masc/xml/welcome/45371.xml
45398,Welcome,welcome,data/data-masc/screenshots/welcome/45398.jpg,data/data-masc/xml/welcome/45398.xml
45509,Welcome,welcome,data/data-masc/screenshots/welcome/45509.jpg,data/data-masc/xml/welcome/45509.xml
45556,Welcome,welcome,data/data-masc/screenshots/welcome/45556.jpg,data/data-masc/xml/welcome/45556.xml
45695,Welcome,welcome,data/data-masc/screenshots/welcome/45695.jpg,data/data-masc/xml/welcome/45695.xml
45837,Welcome,welcome,data/data-masc/screenshots/welcome/45837.jpg,data/data-masc/xml/welcome/45837.xml
45854,Welcome,welcome,data/data-masc/screenshots/welcome/45854.jpg,data/data-masc/xml/welcome/45854.xml
45940,Welcome,welcome,data/data-masc/screenshots/welcome/45940.jpg,data/data-masc/xml/welcome/45940.xml
46078,Welcome,welcome,data/data-masc/screenshots/welcome/46078.jpg,data/data-masc/xml/welcome/46078.xml
46082,Welcome,welcome,data/data-masc/screenshots/welcome/46082.jpg,data/data-masc/xml/welcome/46082.xml
46127,Welcome,welcome,data/data-masc/screenshots/welcome/46127.jpg,data/data-masc/xml/welcome/46127.xml
46226,Welcome,welcome,data/data-masc/screenshots/welcome/46226.jpg,data/data-masc/xml/welcome/46226.xml
46242,Welcome,welcome,data/data-masc/screenshots/welcome/46242.jpg,data/data-masc/xml/welcome/46242.xml
46270,Welcome,welcome,data/data-masc/screenshots/welcome/46270.jpg,data/data-masc/xml/welcome/46270.xml
46374,Welcome,welcome,data/data-masc/screenshots/welcome/46374.jpg,data/data-masc/xml/welcome/46374.xml
46379,Welcome,welcome,data/data-masc/screenshots/welcome/46379.jpg,data/data-masc/xml/welcome/46379.xml
46428,Welcome,welcome,data/data-masc/screenshots/welcome/46428.jpg,data/data-masc/xml/welcome/46428.xml
46431,Welcome,welcome,data/data-masc/screenshots/welcome/46431.jpg,data/data-masc/xml/welcome/46431.xml
46571,Welcome,welcome,data/data-masc/screenshots/welcome/46571.jpg,data/data-masc/xml/welcome/46571.xml
46641,Welcome,welcome,data/data-masc/screenshots/welcome/46641.jpg,data/data-masc/xml/welcome/46641.xml
46658,Welcome,welcome,data/data-masc/screenshots/welcome/46658.jpg,data/data-masc/xml/welcome/46658.xml
46688,Welcome,welcome,data/data-masc/screenshots/welcome/46688.jpg,data/data-masc/xml/welcome/46688.xml
46856,Welcome,welcome,data/data-masc/screenshots/welcome/46856.jpg,data/data-masc/xml/welcome/46856.xml
46900,Welcome,welcome,data/data-masc/screenshots/welcome/46900.jpg,data/data-masc/xml/welcome/46900.xml
46980,Welcome,welcome,data/data-masc/screenshots/welcome/46980.jpg,data/data-masc/xml/welcome/46980.xml
47003,Welcome,welcome,data/data-masc/screenshots/welcome/47003.jpg,data/data-masc/xml/welcome/47003.xml
47031,Welcome,welcome,data/data-masc/screenshots/welcome/47031.jpg,data/data-masc/xml/welcome/47031.xml
47167,Welcome,welcome,data/data-masc/screenshots/welcome/47167.jpg,data/data-masc/xml/welcome/47167.xml
47176,Welcome,welcome,data/data-masc/screenshots/welcome/47176.jpg,data/data-masc/xml/welcome/47176.xml
47317,Welcome,welcome,data/data-masc/screenshots/welcome/47317.jpg,data/data-masc/xml/welcome/47317.xml
47327,Welcome,welcome,data/data-masc/screenshots/welcome/47327.jpg,data/data-masc/xml/welcome/47327.xml
47338,Welcome,welcome,data/data-masc/screenshots/welcome/47338.jpg,data/data-masc/xml/welcome/47338.xml
47383,Welcome,welcome,data/data-masc/screenshots/welcome/47383.jpg,data/data-masc/xml/welcome/47383.xml
47417,Welcome,welcome,data/data-masc/screenshots/welcome/47417.jpg,data/data-masc/xml/welcome/47417.xml
47426,Welcome,welcome,data/data-masc/screenshots/welcome/47426.jpg,data/data-masc/xml/welcome/47426.xml
47526,Welcome,welcome,data/data-masc/screenshots/welcome/47526.jpg,data/data-masc/xml/welcome/47526.xml
47637,Welcome,welcome,data/data-masc/screenshots/welcome/47637.jpg,data/data-masc/xml/welcome/47637.xml
47898,Welcome,welcome,data/data-masc/screenshots/welcome/47898.jpg,data/data-masc/xml/welcome/47898.xml
47900,Welcome,welcome,data/data-masc/screenshots/welcome/47900.jpg,data/data-masc/xml/welcome/47900.xml
47962,Welcome,welcome,data/data-masc/screenshots/welcome/47962.jpg,data/data-masc/xml/welcome/47962.xml
47983,Welcome,welcome,data/data-masc/screenshots/welcome/47983.jpg,data/data-masc/xml/welcome/47983.xml
47986,Welcome,welcome,data/data-masc/screenshots/welcome/47986.jpg,data/data-masc/xml/welcome/47986.xml
48068,Welcome,welcome,data/data-masc/screenshots/welcome/48068.jpg,data/data-masc/xml/welcome/48068.xml
48138,Welcome,welcome,data/data-masc/screenshots/welcome/48138.jpg,data/data-masc/xml/welcome/48138.xml
48286,Welcome,welcome,data/data-masc/screenshots/welcome/48286.jpg,data/data-masc/xml/welcome/48286.xml
48300,Welcome,welcome,data/data-masc/screenshots/welcome/48300.jpg,data/data-masc/xml/welcome/48300.xml
48401,Welcome,welcome,data/data-masc/screenshots/welcome/48401.jpg,data/data-masc/xml/welcome/48401.xml
48501,Welcome,welcome,data/data-masc/screenshots/welcome/48501.jpg,data/data-masc/xml/welcome/48501.xml
48533,Welcome,welcome,data/data-masc/screenshots/welcome/48533.jpg,data/data-masc/xml/welcome/48533.xml
48546,Welcome,welcome,data/data-masc/screenshots/welcome/48546.jpg,data/data-masc/xml/welcome/48546.xml
49013,Welcome,welcome,data/data-masc/screenshots/welcome/49013.jpg,data/data-masc/xml/welcome/49013.xml
49214,Welcome,welcome,data/data-masc/screenshots/welcome/49214.jpg,data/data-masc/xml/welcome/49214.xml
49246,Welcome,welcome,data/data-masc/screenshots/welcome/49246.jpg,data/data-masc/xml/welcome/49246.xml
49403,Welcome,welcome,data/data-masc/screenshots/welcome/49403.jpg,data/data-masc/xml/welcome/49403.xml
49526,Welcome,welcome,data/data-masc/screenshots/welcome/49526.jpg,data/data-masc/xml/welcome/49526.xml
49567,Welcome,welcome,data/data-masc/screenshots/welcome/49567.jpg,data/data-masc/xml/welcome/49567.xml
49568,Welcome,welcome,data/data-masc/screenshots/welcome/49568.jpg,data/data-masc/xml/welcome/49568.xml
49573,Welcome,welcome,data/data-masc/screenshots/welcome/49573.jpg,data/data-masc/xml/welcome/49573.xml
49724,Welcome,welcome,data/data-masc/screenshots/welcome/49724.jpg,data/data-masc/xml/welcome/49724.xml
49757,Welcome,welcome,data/data-masc/screenshots/welcome/49757.jpg,data/data-masc/xml/welcome/49757.xml
49875,Welcome,welcome,data/data-masc/screenshots/welcome/49875.jpg,data/data-masc/xml/welcome/49875.xml
50229,Welcome,welcome,data/data-masc/screenshots/welcome/50229.jpg,data/data-masc/xml/welcome/50229.xml
50342,Welcome,welcome,data/data-masc/screenshots/welcome/50342.jpg,data/data-masc/xml/welcome/50342.xml
50354,Welcome,welcome,data/data-masc/screenshots/welcome/50354.jpg,data/data-masc/xml/welcome/50354.xml
50390,Welcome,welcome,data/data-masc/screenshots/welcome/50390.jpg,data/data-masc/xml/welcome/50390.xml
50460,Welcome,welcome,data/data-masc/screenshots/welcome/50460.jpg,data/data-masc/xml/welcome/50460.xml
50487,Welcome,welcome,data/data-masc/screenshots/welcome/50487.jpg,data/data-masc/xml/welcome/50487.xml
50726,Welcome,welcome,data/data-masc/screenshots/welcome/50726.jpg,data/data-masc/xml/welcome/50726.xml
50770,Welcome,welcome,data/data-masc/screenshots/welcome/50770.jpg,data/data-masc/xml/welcome/50770.xml
50783,Welcome,welcome,data/data-masc/screenshots/welcome/50783.jpg,data/data-masc/xml/welcome/50783.xml
50785,Welcome,welcome,data/data-masc/screenshots/welcome/50785.jpg,data/data-masc/xml/welcome/50785.xml
50821,Welcome,welcome,data/data-masc/screenshots/welcome/50821.jpg,data/data-masc/xml/welcome/50821.xml
50927,Welcome,welcome,data/data-masc/screenshots/welcome/50927.jpg,data/data-masc/xml/welcome/50927.xml
50929,Welcome,welcome,data/data-masc/screenshots/welcome/50929.jpg,data/data-masc/xml/welcome/50929.xml
50994,Welcome,welcome,data/data-masc/screenshots/welcome/50994.jpg,data/data-masc/xml/welcome/50994.xml
51000,Welcome,welcome,data/data-masc/screenshots/welcome/51000.jpg,data/data-masc/xml/welcome/51000.xml
51024,Welcome,welcome,data/data-masc/screenshots/welcome/51024.jpg,data/data-masc/xml/welcome/51024.xml
51137,Welcome,welcome,data/data-masc/screenshots/welcome/51137.jpg,data/data-masc/xml/welcome/51137.xml
51288,Welcome,welcome,data/data-masc/screenshots/welcome/51288.jpg,data/data-masc/xml/welcome/51288.xml
51354,Welcome,welcome,data/data-masc/screenshots/welcome/51354.jpg,data/data-masc/xml/welcome/51354.xml
51409,Welcome,welcome,data/data-masc/screenshots/welcome/51409.jpg,data/data-masc/xml/welcome/51409.xml
51577,Welcome,welcome,data/data-masc/screenshots/welcome/51577.jpg,data/data-masc/xml/welcome/51577.xml
51595,Welcome,welcome,data/data-masc/screenshots/welcome/51595.jpg,data/data-masc/xml/welcome/51595.xml
51603,Welcome,welcome,data/data-masc/screenshots/welcome/51603.jpg,data/data-masc/xml/welcome/51603.xml
51748,Welcome,welcome,data/data-masc/screenshots/welcome/51748.jpg,data/data-masc/xml/welcome/51748.xml
51783,Welcome,welcome,data/data-masc/screenshots/welcome/51783.jpg,data/data-masc/xml/welcome/51783.xml
51785,Welcome,welcome,data/data-masc/screenshots/welcome/51785.jpg,data/data-masc/xml/welcome/51785.xml
51871,Welcome,welcome,data/data-masc/screenshots/welcome/51871.jpg,data/data-masc/xml/welcome/51871.xml
51951,Welcome,welcome,data/data-masc/screenshots/welcome/51951.jpg,data/data-masc/xml/welcome/51951.xml
52008,Welcome,welcome,data/data-masc/screenshots/welcome/52008.jpg,data/data-masc/xml/welcome/52008.xml
52029,Welcome,welcome,data/data-masc/screenshots/welcome/52029.jpg,data/data-masc/xml/welcome/52029.xml
52146,Welcome,welcome,data/data-masc/screenshots/welcome/52146.jpg,data/data-masc/xml/welcome/52146.xml
52337,Welcome,welcome,data/data-masc/screenshots/welcome/52337.jpg,data/data-masc/xml/welcome/52337.xml
52437,Welcome,welcome,data/data-masc/screenshots/welcome/52437.jpg,data/data-masc/xml/welcome/52437.xml
52576,Welcome,welcome,data/data-masc/screenshots/welcome/52576.jpg,data/data-masc/xml/welcome/52576.xml
52764,Welcome,welcome,data/data-masc/screenshots/welcome/52764.jpg,data/data-masc/xml/welcome/52764.xml
52853,Welcome,welcome,data/data-masc/screenshots/welcome/52853.jpg,data/data-masc/xml/welcome/52853.xml
52914,Welcome,welcome,data/data-masc/screenshots/welcome/52914.jpg,data/data-masc/xml/welcome/52914.xml
52991,Welcome,welcome,data/data-masc/screenshots/welcome/52991.jpg,data/data-masc/xml/welcome/52991.xml
53225,Welcome,welcome,data/data-masc/screenshots/welcome/53225.jpg,data/data-masc/xml/welcome/53225.xml
53268,Welcome,welcome,data/data-masc/screenshots/welcome/53268.jpg,data/data-masc/xml/welcome/53268.xml
53325,Welcome,welcome,data/data-masc/screenshots/welcome/53325.jpg,data/data-masc/xml/welcome/53325.xml
53378,Welcome,welcome,data/data-masc/screenshots/welcome/53378.jpg,data/data-masc/xml/welcome/53378.xml
53401,Welcome,welcome,data/data-masc/screenshots/welcome/53401.jpg,data/data-masc/xml/welcome/53401.xml
53766,Welcome,welcome,data/data-masc/screenshots/welcome/53766.jpg,data/data-masc/xml/welcome/53766.xml
53957,Welcome,welcome,data/data-masc/screenshots/welcome/53957.jpg,data/data-masc/xml/welcome/53957.xml
54016,Welcome,welcome,data/data-masc/screenshots/welcome/54016.jpg,data/data-masc/xml/welcome/54016.xml
54026,Welcome,welcome,data/data-masc/screenshots/welcome/54026.jpg,data/data-masc/xml/welcome/54026.xml
54341,Welcome,welcome,data/data-masc/screenshots/welcome/54341.jpg,data/data-masc/xml/welcome/54341.xml
54359,Welcome,welcome,data/data-masc/screenshots/welcome/54359.jpg,data/data-masc/xml/welcome/54359.xml
54424,Welcome,welcome,data/data-masc/screenshots/welcome/54424.jpg,data/data-masc/xml/welcome/54424.xml
54524,Welcome,welcome,data/data-masc/screenshots/welcome/54524.jpg,data/data-masc/xml/welcome/54524.xml
54588,Welcome,welcome,data/data-masc/screenshots/welcome/54588.jpg,data/data-masc/xml/welcome/54588.xml
54589,Welcome,welcome,data/data-masc/screenshots/welcome/54589.jpg,data/data-masc/xml/welcome/54589.xml
54671,Welcome,welcome,data/data-masc/screenshots/welcome/54671.jpg,data/data-masc/xml/welcome/54671.xml
54675,Welcome,welcome,data/data-masc/screenshots/welcome/54675.jpg,data/data-masc/xml/welcome/54675.xml
54678,Welcome,welcome,data/data-masc/screenshots/welcome/54678.jpg,data/data-masc/xml/welcome/54678.xml
54681,Welcome,welcome,data/data-masc/screenshots/welcome/54681.jpg,data/data-masc/xml/welcome/54681.xml
54744,Welcome,welcome,data/data-masc/screenshots/welcome/54744.jpg,data/data-masc/xml/welcome/54744.xml
54746,Welcome,welcome,data/data-masc/screenshots/welcome/54746.jpg,data/data-masc/xml/welcome/54746.xml
54839,Welcome,welcome,data/data-masc/screenshots/welcome/54839.jpg,data/data-masc/xml/welcome/54839.xml
54897,Welcome,welcome,data/data-masc/screenshots/welcome/54897.jpg,data/data-masc/xml/welcome/54897.xml
54969,Welcome,welcome,data/data-masc/screenshots/welcome/54969.jpg,data/data-masc/xml/welcome/54969.xml
55040,Welcome,welcome,data/data-masc/screenshots/welcome/55040.jpg,data/data-masc/xml/welcome/55040.xml
55170,Welcome,welcome,data/data-masc/screenshots/welcome/55170.jpg,data/data-masc/xml/welcome/55170.xml
55222,Welcome,welcome,data/data-masc/screenshots/welcome/55222.jpg,data/data-masc/xml/welcome/55222.xml
55287,Welcome,welcome,data/data-masc/screenshots/welcome/55287.jpg,data/data-masc/xml/welcome/55287.xml
55309,Welcome,welcome,data/data-masc/screenshots/welcome/55309.jpg,data/data-masc/xml/welcome/55309.xml
55314,Welcome,welcome,data/data-masc/screenshots/welcome/55314.jpg,data/data-masc/xml/welcome/55314.xml
55365,Welcome,welcome,data/data-masc/screenshots/welcome/55365.jpg,data/data-masc/xml/welcome/55365.xml
55420,Welcome,welcome,data/data-masc/screenshots/welcome/55420.jpg,data/data-masc/xml/welcome/55420.xml
55477,Welcome,welcome,data/data-masc/screenshots/welcome/55477.jpg,data/data-masc/xml/welcome/55477.xml
55486,Welcome,welcome,data/data-masc/screenshots/welcome/55486.jpg,data/data-masc/xml/welcome/55486.xml
55558,Welcome,welcome,data/data-masc/screenshots/welcome/55558.jpg,data/data-masc/xml/welcome/55558.xml
55902,Welcome,welcome,data/data-masc/screenshots/welcome/55902.jpg,data/data-masc/xml/welcome/55902.xml
56028,Welcome,welcome,data/data-masc/screenshots/welcome/56028.jpg,data/data-masc/xml/welcome/56028.xml
56029,Welcome,welcome,data/data-masc/screenshots/welcome/56029.jpg,data/data-masc/xml/welcome/56029.xml
56042,Welcome,welcome,data/data-masc/screenshots/welcome/56042.jpg,data/data-masc/xml/welcome/56042.xml
56070,Welcome,welcome,data/data-masc/screenshots/welcome/56070.jpg,data/data-masc/xml/welcome/56070.xml
56072,Welcome,welcome,data/data-masc/screenshots/welcome/56072.jpg,data/data-masc/xml/welcome/56072.xml
56098,Welcome,welcome,data/data-masc/screenshots/welcome/56098.jpg,data/data-masc/xml/welcome/56098.xml
56156,Welcome,welcome,data/data-masc/screenshots/welcome/56156.jpg,data/data-masc/xml/welcome/56156.xml
56173,Welcome,welcome,data/data-masc/screenshots/welcome/56173.jpg,data/data-masc/xml/welcome/56173.xml
56220,Welcome,welcome,data/data-masc/screenshots/welcome/56220.jpg,data/data-masc/xml/welcome/56220.xml
56254,Welcome,welcome,data/data-masc/screenshots/welcome/56254.jpg,data/data-masc/xml/welcome/56254.xml
56280,Welcome,welcome,data/data-masc/screenshots/welcome/56280.jpg,data/data-masc/xml/welcome/56280.xml
56367,Welcome,welcome,data/data-masc/screenshots/welcome/56367.jpg,data/data-masc/xml/welcome/56367.xml
56523,Welcome,welcome,data/data-masc/screenshots/welcome/56523.jpg,data/data-masc/xml/welcome/56523.xml
57141,Welcome,welcome,data/data-masc/screenshots/welcome/57141.jpg,data/data-masc/xml/welcome/57141.xml
57268,Welcome,welcome,data/data-masc/screenshots/welcome/57268.jpg,data/data-masc/xml/welcome/57268.xml
57284,Welcome,welcome,data/data-masc/screenshots/welcome/57284.jpg,data/data-masc/xml/welcome/57284.xml
57358,Welcome,welcome,data/data-masc/screenshots/welcome/57358.jpg,data/data-masc/xml/welcome/57358.xml
57529,Welcome,welcome,data/data-masc/screenshots/welcome/57529.jpg,data/data-masc/xml/welcome/57529.xml
57544,Welcome,welcome,data/data-masc/screenshots/welcome/57544.jpg,data/data-masc/xml/welcome/57544.xml
57570,Welcome,welcome,data/data-masc/screenshots/welcome/57570.jpg,data/data-masc/xml/welcome/57570.xml
57634,Welcome,welcome,data/data-masc/screenshots/welcome/57634.jpg,data/data-masc/xml/welcome/57634.xml
57648,Welcome,welcome,data/data-masc/screenshots/welcome/57648.jpg,data/data-masc/xml/welcome/57648.xml
57652,Welcome,welcome,data/data-masc/screenshots/welcome/57652.jpg,data/data-masc/xml/welcome/57652.xml
57697,Welcome,welcome,data/data-masc/screenshots/welcome/57697.jpg,data/data-masc/xml/welcome/57697.xml
57823,Welcome,welcome,data/data-masc/screenshots/welcome/57823.jpg,data/data-masc/xml/welcome/57823.xml
57830,Welcome,welcome,data/data-masc/screenshots/welcome/57830.jpg,data/data-masc/xml/welcome/57830.xml
57832,Welcome,welcome,data/data-masc/screenshots/welcome/57832.jpg,data/data-masc/xml/welcome/57832.xml
57898,Welcome,welcome,data/data-masc/screenshots/welcome/57898.jpg,data/data-masc/xml/welcome/57898.xml
57909,Welcome,welcome,data/data-masc/screenshots/welcome/57909.jpg,data/data-masc/xml/welcome/57909.xml
57919,Welcome,welcome,data/data-masc/screenshots/welcome/57919.jpg,data/data-masc/xml/welcome/57919.xml
58424,Welcome,welcome,data/data-masc/screenshots/welcome/58424.jpg,data/data-masc/xml/welcome/58424.xml
58501,Welcome,welcome,data/data-masc/screenshots/welcome/58501.jpg,data/data-masc/xml/welcome/58501.xml
58520,Welcome,welcome,data/data-masc/screenshots/welcome/58520.jpg,data/data-masc/xml/welcome/58520.xml
58521,Welcome,welcome,data/data-masc/screenshots/welcome/58521.jpg,data/data-masc/xml/welcome/58521.xml
58543,Welcome,welcome,data/data-masc/screenshots/welcome/58543.jpg,data/data-masc/xml/welcome/58543.xml
58600,Welcome,welcome,data/data-masc/screenshots/welcome/58600.jpg,data/data-masc/xml/welcome/58600.xml
58668,Welcome,welcome,data/data-masc/screenshots/welcome/58668.jpg,data/data-masc/xml/welcome/58668.xml
58671,Welcome,welcome,data/data-masc/screenshots/welcome/58671.jpg,data/data-masc/xml/welcome/58671.xml
58698,Welcome,welcome,data/data-masc/screenshots/welcome/58698.jpg,data/data-masc/xml/welcome/58698.xml
58706,Welcome,welcome,data/data-masc/screenshots/welcome/58706.jpg,data/data-masc/xml/welcome/58706.xml
58887,Welcome,welcome,data/data-masc/screenshots/welcome/58887.jpg,data/data-masc/xml/welcome/58887.xml
59024,Welcome,welcome,data/data-masc/screenshots/welcome/59024.jpg,data/data-masc/xml/welcome/59024.xml
59044,Welcome,welcome,data/data-masc/screenshots/welcome/59044.jpg,data/data-masc/xml/welcome/59044.xml
59317,Welcome,welcome,data/data-masc/screenshots/welcome/59317.jpg,data/data-masc/xml/welcome/59317.xml
59387,Welcome,welcome,data/data-masc/screenshots/welcome/59387.jpg,data/data-masc/xml/welcome/59387.xml
59424,Welcome,welcome,data/data-masc/screenshots/welcome/59424.jpg,data/data-masc/xml/welcome/59424.xml
59453,Welcome,welcome,data/data-masc/screenshots/welcome/59453.jpg,data/data-masc/xml/welcome/59453.xml
59456,Welcome,welcome,data/data-masc/screenshots/welcome/59456.jpg,data/data-masc/xml/welcome/59456.xml
59566,Welcome,welcome,data/data-masc/screenshots/welcome/59566.jpg,data/data-masc/xml/welcome/59566.xml
59618,Welcome,welcome,data/data-masc/screenshots/welcome/59618.jpg,data/data-masc/xml/welcome/59618.xml
59670,Welcome,welcome,data/data-masc/screenshots/welcome/59670.jpg,data/data-masc/xml/welcome/59670.xml
59676,Welcome,welcome,data/data-masc/screenshots/welcome/59676.jpg,data/data-masc/xml/welcome/59676.xml
59679,Welcome,welcome,data/data-masc/screenshots/welcome/59679.jpg,data/data-masc/xml/welcome/59679.xml
59685,Welcome,welcome,data/data-masc/screenshots/welcome/59685.jpg,data/data-masc/xml/welcome/59685.xml
59725,Welcome,welcome,data/data-masc/screenshots/welcome/59725.jpg,data/data-masc/xml/welcome/59725.xml
59808,Welcome,welcome,data/data-masc/screenshots/welcome/59808.jpg,data/data-masc/xml/welcome/59808.xml
59820,Welcome,welcome,data/data-masc/screenshots/welcome/59820.jpg,data/data-masc/xml/welcome/59820.xml
60035,Welcome,welcome,data/data-masc/screenshots/welcome/60035.jpg,data/data-masc/xml/welcome/60035.xml
60041,Welcome,welcome,data/data-masc/screenshots/welcome/60041.jpg,data/data-masc/xml/welcome/60041.xml
60044,Welcome,welcome,data/data-masc/screenshots/welcome/60044.jpg,data/data-masc/xml/welcome/60044.xml
60046,Welcome,welcome,data/data-masc/screenshots/welcome/60046.jpg,data/data-masc/xml/welcome/60046.xml
60053,Welcome,welcome,data/data-masc/screenshots/welcome/60053.jpg,data/data-masc/xml/welcome/60053.xml
60078,Welcome,welcome,data/data-masc/screenshots/welcome/60078.jpg,data/data-masc/xml/welcome/60078.xml
60106,Welcome,welcome,data/data-masc/screenshots/welcome/60106.jpg,data/data-masc/xml/welcome/60106.xml
60114,Welcome,welcome,data/data-masc/screenshots/welcome/60114.jpg,data/data-masc/xml/welcome/60114.xml
60182,Welcome,welcome,data/data-masc/screenshots/welcome/60182.jpg,data/data-masc/xml/welcome/60182.xml
60219,Welcome,welcome,data/data-masc/screenshots/welcome/60219.jpg,data/data-masc/xml/welcome/60219.xml
60307,Welcome,welcome,data/data-masc/screenshots/welcome/60307.jpg,data/data-masc/xml/welcome/60307.xml
60313,Welcome,welcome,data/data-masc/screenshots/welcome/60313.jpg,data/data-masc/xml/welcome/60313.xml
60327,Welcome,welcome,data/data-masc/screenshots/welcome/60327.jpg,data/data-masc/xml/welcome/60327.xml
60335,Welcome,welcome,data/data-masc/screenshots/welcome/60335.jpg,data/data-masc/xml/welcome/60335.xml
60339,Welcome,welcome,data/data-masc/screenshots/welcome/60339.jpg,data/data-masc/xml/welcome/60339.xml
60393,Welcome,welcome,data/data-masc/screenshots/welcome/60393.jpg,data/data-masc/xml/welcome/60393.xml
60598,Welcome,welcome,data/data-masc/screenshots/welcome/60598.jpg,data/data-masc/xml/welcome/60598.xml
60641,Welcome,welcome,data/data-masc/screenshots/welcome/60641.jpg,data/data-masc/xml/welcome/60641.xml
60821,Welcome,welcome,data/data-masc/screenshots/welcome/60821.jpg,data/data-masc/xml/welcome/60821.xml
60998,Welcome,welcome,data/data-masc/screenshots/welcome/60998.jpg,data/data-masc/xml/welcome/60998.xml
61027,Welcome,welcome,data/data-masc/screenshots/welcome/61027.jpg,data/data-masc/xml/welcome/61027.xml
61402,Welcome,welcome,data/data-masc/screenshots/welcome/61402.jpg,data/data-masc/xml/welcome/61402.xml
61419,Welcome,welcome,data/data-masc/screenshots/welcome/61419.jpg,data/data-masc/xml/welcome/61419.xml
61470,Welcome,welcome,data/data-masc/screenshots/welcome/61470.jpg,data/data-masc/xml/welcome/61470.xml
61586,Welcome,welcome,data/data-masc/screenshots/welcome/61586.jpg,data/data-masc/xml/welcome/61586.xml
61662,Welcome,welcome,data/data-masc/screenshots/welcome/61662.jpg,data/data-masc/xml/welcome/61662.xml
61738,Welcome,welcome,data/data-masc/screenshots/welcome/61738.jpg,data/data-masc/xml/welcome/61738.xml
61764,Welcome,welcome,data/data-masc/screenshots/welcome/61764.jpg,data/data-masc/xml/welcome/61764.xml
61774,Welcome,welcome,data/data-masc/screenshots/welcome/61774.jpg,data/data-masc/xml/welcome/61774.xml
61920,Welcome,welcome,data/data-masc/screenshots/welcome/61920.jpg,data/data-masc/xml/welcome/61920.xml
61968,Welcome,welcome,data/data-masc/screenshots/welcome/61968.jpg,data/data-masc/xml/welcome/61968.xml
62206,Welcome,welcome,data/data-masc/screenshots/welcome/62206.jpg,data/data-masc/xml/welcome/62206.xml
62237,Welcome,welcome,data/data-masc/screenshots/welcome/62237.jpg,data/data-masc/xml/welcome/62237.xml
62246,Welcome,welcome,data/data-masc/screenshots/welcome/62246.jpg,data/data-masc/xml/welcome/62246.xml
62259,Welcome,welcome,data/data-masc/screenshots/welcome/62259.jpg,data/data-masc/xml/welcome/62259.xml
62329,Welcome,welcome,data/data-masc/screenshots/welcome/62329.jpg,data/data-masc/xml/welcome/62329.xml
62432,Welcome,welcome,data/data-masc/screenshots/welcome/62432.jpg,data/data-masc/xml/welcome/62432.xml
62467,Welcome,welcome,data/data-masc/screenshots/welcome/62467.jpg,data/data-masc/xml/welcome/62467.xml
62469,Welcome,welcome,data/data-masc/screenshots/welcome/62469.jpg,data/data-masc/xml/welcome/62469.xml
62497,Welcome,welcome,data/data-masc/screenshots/welcome/62497.jpg,data/data-masc/xml/welcome/62497.xml
62545,Welcome,welcome,data/data-masc/screenshots/welcome/62545.jpg,data/data-masc/xml/welcome/62545.xml
62581,Welcome,welcome,data/data-masc/screenshots/welcome/62581.jpg,data/data-masc/xml/welcome/62581.xml
62654,Welcome,welcome,data/data-masc/screenshots/welcome/62654.jpg,data/data-masc/xml/welcome/62654.xml
62676,Welcome,welcome,data/data-masc/screenshots/welcome/62676.jpg,data/data-masc/xml/welcome/62676.xml
62734,Welcome,welcome,data/data-masc/screenshots/welcome/62734.jpg,data/data-masc/xml/welcome/62734.xml
62763,Welcome,welcome,data/data-masc/screenshots/welcome/62763.jpg,data/data-masc/xml/welcome/62763.xml
62844,Welcome,welcome,data/data-masc/screenshots/welcome/62844.jpg,data/data-masc/xml/welcome/62844.xml
62845,Welcome,welcome,data/data-masc/screenshots/welcome/62845.jpg,data/data-masc/xml/welcome/62845.xml
62894,Welcome,welcome,data/data-masc/screenshots/welcome/62894.jpg,data/data-masc/xml/welcome/62894.xml
62958,Welcome,welcome,data/data-masc/screenshots/welcome/62958.jpg,data/data-masc/xml/welcome/62958.xml
63017,Welcome,welcome,data/data-masc/screenshots/welcome/63017.jpg,data/data-masc/xml/welcome/63017.xml
63061,Welcome,welcome,data/data-masc/screenshots/welcome/63061.jpg,data/data-masc/xml/welcome/63061.xml
63161,Welcome,welcome,data/data-masc/screenshots/welcome/63161.jpg,data/data-masc/xml/welcome/63161.xml
63172,Welcome,welcome,data/data-masc/screenshots/welcome/63172.jpg,data/data-masc/xml/welcome/63172.xml
63240,Welcome,welcome,data/data-masc/screenshots/welcome/63240.jpg,data/data-masc/xml/welcome/63240.xml
63271,Welcome,welcome,data/data-masc/screenshots/welcome/63271.jpg,data/data-masc/xml/welcome/63271.xml
63414,Welcome,welcome,data/data-masc/screenshots/welcome/63414.jpg,data/data-masc/xml/welcome/63414.xml
63482,Welcome,welcome,data/data-masc/screenshots/welcome/63482.jpg,data/data-masc/xml/welcome/63482.xml
63503,Welcome,welcome,data/data-masc/screenshots/welcome/63503.jpg,data/data-masc/xml/welcome/63503.xml
63506,Welcome,welcome,data/data-masc/screenshots/welcome/63506.jpg,data/data-masc/xml/welcome/63506.xml
63592,Welcome,welcome,data/data-masc/screenshots/welcome/63592.jpg,data/data-masc/xml/welcome/63592.xml
63603,Welcome,welcome,data/data-masc/screenshots/welcome/63603.jpg,data/data-masc/xml/welcome/63603.xml
63646,Welcome,welcome,data/data-masc/screenshots/welcome/63646.jpg,data/data-masc/xml/welcome/63646.xml
63836,Welcome,welcome,data/data-masc/screenshots/welcome/63836.jpg,data/data-masc/xml/welcome/63836.xml
63912,Welcome,welcome,data/data-masc/screenshots/welcome/63912.jpg,data/data-masc/xml/welcome/63912.xml
63916,Welcome,welcome,data/data-masc/screenshots/welcome/63916.jpg,data/data-masc/xml/welcome/63916.xml
63932,Welcome,welcome,data/data-masc/screenshots/welcome/63932.jpg,data/data-masc/xml/welcome/63932.xml
63980,Welcome,welcome,data/data-masc/screenshots/welcome/63980.jpg,data/data-masc/xml/welcome/63980.xml
64004,Welcome,welcome,data/data-masc/screenshots/welcome/64004.jpg,data/data-masc/xml/welcome/64004.xml
64252,Welcome,welcome,data/data-masc/screenshots/welcome/64252.jpg,data/data-masc/xml/welcome/64252.xml
64275,Welcome,welcome,data/data-masc/screenshots/welcome/64275.jpg,data/data-masc/xml/welcome/64275.xml
64608,Welcome,welcome,data/data-masc/screenshots/welcome/64608.jpg,data/data-masc/xml/welcome/64608.xml
64611,Welcome,welcome,data/data-masc/screenshots/welcome/64611.jpg,data/data-masc/xml/welcome/64611.xml
64659,Welcome,welcome,data/data-masc/screenshots/welcome/64659.jpg,data/data-masc/xml/welcome/64659.xml
64706,Welcome,welcome,data/data-masc/screenshots/welcome/64706.jpg,data/data-masc/xml/welcome/64706.xml
64711,Welcome,welcome,data/data-masc/screenshots/welcome/64711.jpg,data/data-masc/xml/welcome/64711.xml
64872,Welcome,welcome,data/data-masc/screenshots/welcome/64872.jpg,data/data-masc/xml/welcome/64872.xml
64875,Welcome,welcome,data/data-masc/screenshots/welcome/64875.jpg,data/data-masc/xml/welcome/64875.xml
64981,Welcome,welcome,data/data-masc/screenshots/welcome/64981.jpg,data/data-masc/xml/welcome/64981.xml
64998,Welcome,welcome,data/data-masc/screenshots/welcome/64998.jpg,data/data-masc/xml/welcome/64998.xml
65148,Welcome,welcome,data/data-masc/screenshots/welcome/65148.jpg,data/data-masc/xml/welcome/65148.xml
65221,Welcome,welcome,data/data-masc/screenshots/welcome/65221.jpg,data/data-masc/xml/welcome/65221.xml
65226,Welcome,welcome,data/data-masc/screenshots/welcome/65226.jpg,data/data-masc/xml/welcome/65226.xml
65233,Welcome,welcome,data/data-masc/screenshots/welcome/65233.jpg,data/data-masc/xml/welcome/65233.xml
65241,Welcome,welcome,data/data-masc/screenshots/welcome/65241.jpg,data/data-masc/xml/welcome/65241.xml
65286,Welcome,welcome,data/data-masc/screenshots/welcome/65286.jpg,data/data-masc/xml/welcome/65286.xml
65590,Welcome,welcome,data/data-masc/screenshots/welcome/65590.jpg,data/data-masc/xml/welcome/65590.xml
65619,Welcome,welcome,data/data-masc/screenshots/welcome/65619.jpg,data/data-masc/xml/welcome/65619.xml
65719,Welcome,welcome,data/data-masc/screenshots/welcome/65719.jpg,data/data-masc/xml/welcome/65719.xml
65871,Welcome,welcome,data/data-masc/screenshots/welcome/65871.jpg,data/data-masc/xml/welcome/65871.xml
65892,Welcome,welcome,data/data-masc/screenshots/welcome/65892.jpg,data/data-masc/xml/welcome/65892.xml
66116,Welcome,welcome,data/data-masc/screenshots/welcome/66116.jpg,data/data-masc/xml/welcome/66116.xml
66151,Welcome,welcome,data/data-masc/screenshots/welcome/66151.jpg,data/data-masc/xml/welcome/66151.xml
66157,Welcome,welcome,data/data-masc/screenshots/welcome/66157.jpg,data/data-masc/xml/welcome/66157.xml
66257,Welcome,welcome,data/data-masc/screenshots/welcome/66257.jpg,data/data-masc/xml/welcome/66257.xml
66261,Welcome,welcome,data/data-masc/screenshots/welcome/66261.jpg,data/data-masc/xml/welcome/66261.xml
66321,Welcome,welcome,data/data-masc/screenshots/welcome/66321.jpg,data/data-masc/xml/welcome/66321.xml
66480,Welcome,welcome,data/data-masc/screenshots/welcome/66480.jpg,data/data-masc/xml/welcome/66480.xml
66733,Welcome,welcome,data/data-masc/screenshots/welcome/66733.jpg,data/data-masc/xml/welcome/66733.xml
66770,Welcome,welcome,data/data-masc/screenshots/welcome/66770.jpg,data/data-masc/xml/welcome/66770.xml
66771,Welcome,welcome,data/data-masc/screenshots/welcome/66771.jpg,data/data-masc/xml/welcome/66771.xml
66915,Welcome,welcome,data/data-masc/screenshots/welcome/66915.jpg,data/data-masc/xml/welcome/66915.xml
66967,Welcome,welcome,data/data-masc/screenshots/welcome/66967.jpg,data/data-masc/xml/welcome/66967.xml
66995,Welcome,welcome,data/data-masc/screenshots/welcome/66995.jpg,data/data-masc/xml/welcome/66995.xml
67047,Welcome,welcome,data/data-masc/screenshots/welcome/67047.jpg,data/data-masc/xml/welcome/67047.xml
67205,Welcome,welcome,data/data-masc/screenshots/welcome/67205.jpg,data/data-masc/xml/welcome/67205.xml
67296,Welcome,welcome,data/data-masc/screenshots/welcome/67296.jpg,data/data-masc/xml/welcome/67296.xml
67506,Welcome,welcome,data/data-masc/screenshots/welcome/67506.jpg,data/data-masc/xml/welcome/67506.xml
67655,Welcome,welcome,data/data-masc/screenshots/welcome/67655.jpg,data/data-masc/xml/welcome/67655.xml
67831,Welcome,welcome,data/data-masc/screenshots/welcome/67831.jpg,data/data-masc/xml/welcome/67831.xml
67874,Welcome,welcome,data/data-masc/screenshots/welcome/67874.jpg,data/data-masc/xml/welcome/67874.xml
67968,Welcome,welcome,data/data-masc/screenshots/welcome/67968.jpg,data/data-masc/xml/welcome/67968.xml
68071,Welcome,welcome,data/data-masc/screenshots/welcome/68071.jpg,data/data-masc/xml/welcome/68071.xml
68138,Welcome,welcome,data/data-masc/screenshots/welcome/68138.jpg,data/data-masc/xml/welcome/68138.xml
68168,Welcome,welcome,data/data-masc/screenshots/welcome/68168.jpg,data/data-masc/xml/welcome/68168.xml
68300,Welcome,welcome,data/data-masc/screenshots/welcome/68300.jpg,data/data-masc/xml/welcome/68300.xml
68305,Welcome,welcome,data/data-masc/screenshots/welcome/68305.jpg,data/data-masc/xml/welcome/68305.xml
68377,Welcome,welcome,data/data-masc/screenshots/welcome/68377.jpg,data/data-masc/xml/welcome/68377.xml
68427,Welcome,welcome,data/data-masc/screenshots/welcome/68427.jpg,data/data-masc/xml/welcome/68427.xml
68580,Welcome,welcome,data/data-masc/screenshots/welcome/68580.jpg,data/data-masc/xml/welcome/68580.xml
68599,Welcome,welcome,data/data-masc/screenshots/welcome/68599.jpg,data/data-masc/xml/welcome/68599.xml
68686,Welcome,welcome,data/data-masc/screenshots/welcome/68686.jpg,data/data-masc/xml/welcome/68686.xml
68831,Welcome,welcome,data/data-masc/screenshots/welcome/68831.jpg,data/data-masc/xml/welcome/68831.xml
68982,Welcome,welcome,data/data-masc/screenshots/welcome/68982.jpg,data/data-masc/xml/welcome/68982.xml
69012,Welcome,welcome,data/data-masc/screenshots/welcome/69012.jpg,data/data-masc/xml/welcome/69012.xml
69015,Welcome,welcome,data/data-masc/screenshots/welcome/69015.jpg,data/data-masc/xml/welcome/69015.xml
69234,Welcome,welcome,data/data-masc/screenshots/welcome/69234.jpg,data/data-masc/xml/welcome/69234.xml
69351,Welcome,welcome,data/data-masc/screenshots/welcome/69351.jpg,data/data-masc/xml/welcome/69351.xml
69377,Welcome,welcome,data/data-masc/screenshots/welcome/69377.jpg,data/data-masc/xml/welcome/69377.xml
69407,Welcome,welcome,data/data-masc/screenshots/welcome/69407.jpg,data/data-masc/xml/welcome/69407.xml
69413,Welcome,welcome,data/data-masc/screenshots/welcome/69413.jpg,data/data-masc/xml/welcome/69413.xml
69582,Welcome,welcome,data/data-masc/screenshots/welcome/69582.jpg,data/data-masc/xml/welcome/69582.xml
69637,Welcome,welcome,data/data-masc/screenshots/welcome/69637.jpg,data/data-masc/xml/welcome/69637.xml
69645,Welcome,welcome,data/data-masc/screenshots/welcome/69645.jpg,data/data-masc/xml/welcome/69645.xml
69651,Welcome,welcome,data/data-masc/screenshots/welcome/69651.jpg,data/data-masc/xml/welcome/69651.xml
69652,Welcome,welcome,data/data-masc/screenshots/welcome/69652.jpg,data/data-masc/xml/welcome/69652.xml
69653,Welcome,welcome,data/data-masc/screenshots/welcome/69653.jpg,data/data-masc/xml/welcome/69653.xml
69655,Welcome,welcome,data/data-masc/screenshots/welcome/69655.jpg,data/data-masc/xml/welcome/69655.xml
69674,Welcome,welcome,data/data-masc/screenshots/welcome/69674.jpg,data/data-masc/xml/welcome/69674.xml
69734,Welcome,welcome,data/data-masc/screenshots/welcome/69734.jpg,data/data-masc/xml/welcome/69734.xml
69828,Welcome,welcome,data/data-masc/screenshots/welcome/69828.jpg,data/data-masc/xml/welcome/69828.xml
69839,Welcome,welcome,data/data-masc/screenshots/welcome/69839.jpg,data/data-masc/xml/welcome/69839.xml
69917,Welcome,welcome,data/data-masc/screenshots/welcome/69917.jpg,data/data-masc/xml/welcome/69917.xml
70116,Welcome,welcome,data/data-masc/screenshots/welcome/70116.jpg,data/data-masc/xml/welcome/70116.xml
70175,Welcome,welcome,data/data-masc/screenshots/welcome/70175.jpg,data/data-masc/xml/welcome/70175.xml
70201,Welcome,welcome,data/data-masc/screenshots/welcome/70201.jpg,data/data-masc/xml/welcome/70201.xml
70240,Welcome,welcome,data/data-masc/screenshots/welcome/70240.jpg,data/data-masc/xml/welcome/70240.xml
70340,Welcome,welcome,data/data-masc/screenshots/welcome/70340.jpg,data/data-masc/xml/welcome/70340.xml
70347,Welcome,welcome,data/data-masc/screenshots/welcome/70347.jpg,data/data-masc/xml/welcome/70347.xml
70600,Welcome,welcome,data/data-masc/screenshots/welcome/70600.jpg,data/data-masc/xml/welcome/70600.xml
70612,Welcome,welcome,data/data-masc/screenshots/welcome/70612.jpg,data/data-masc/xml/welcome/70612.xml
70620,Welcome,welcome,data/data-masc/screenshots/welcome/70620.jpg,data/data-masc/xml/welcome/70620.xml
70675,Welcome,welcome,data/data-masc/screenshots/welcome/70675.jpg,data/data-masc/xml/welcome/70675.xml
70805,Welcome,welcome,data/data-masc/screenshots/welcome/70805.jpg,data/data-masc/xml/welcome/70805.xml
70809,Welcome,welcome,data/data-masc/screenshots/welcome/70809.jpg,data/data-masc/xml/welcome/70809.xml
70859,Welcome,welcome,data/data-masc/screenshots/welcome/70859.jpg,data/data-masc/xml/welcome/70859.xml
70879,Welcome,welcome,data/data-masc/screenshots/welcome/70879.jpg,data/data-masc/xml/welcome/70879.xml
71145,Welcome,welcome,data/data-masc/screenshots/welcome/71145.jpg,data/data-masc/xml/welcome/71145.xml
71177,Welcome,welcome,data/data-masc/screenshots/welcome/71177.jpg,data/data-masc/xml/welcome/71177.xml
71200,Welcome,welcome,data/data-masc/screenshots/welcome/71200.jpg,data/data-masc/xml/welcome/71200.xml
71214,Welcome,welcome,data/data-masc/screenshots/welcome/71214.jpg,data/data-masc/xml/welcome/71214.xml
71275,Welcome,welcome,data/data-masc/screenshots/welcome/71275.jpg,data/data-masc/xml/welcome/71275.xml
71317,Welcome,welcome,data/data-masc/screenshots/welcome/71317.jpg,data/data-masc/xml/welcome/71317.xml
71435,Welcome,welcome,data/data-masc/screenshots/welcome/71435.jpg,data/data-masc/xml/welcome/71435.xml
71436,Welcome,welcome,data/data-masc/screenshots/welcome/71436.jpg,data/data-masc/xml/welcome/71436.xml
71447,Welcome,welcome,data/data-masc/screenshots/welcome/71447.jpg,data/data-masc/xml/welcome/71447.xml
71591,Welcome,welcome,data/data-masc/screenshots/welcome/71591.jpg,data/data-masc/xml/welcome/71591.xml
71630,Welcome,welcome,data/data-masc/screenshots/welcome/71630.jpg,data/data-masc/xml/welcome/71630.xml
71631,Welcome,welcome,data/data-masc/screenshots/welcome/71631.jpg,data/data-masc/xml/welcome/71631.xml
71704,Welcome,welcome,data/data-masc/screenshots/welcome/71704.jpg,data/data-masc/xml/welcome/71704.xml
71714,Welcome,welcome,data/data-masc/screenshots/welcome/71714.jpg,data/data-masc/xml/welcome/71714.xml
72141,Welcome,welcome,data/data-masc/screenshots/welcome/72141.jpg,data/data-masc/xml/welcome/72141.xml
72150,Welcome,welcome,data/data-masc/screenshots/welcome/72150.jpg,data/data-masc/xml/welcome/72150.xml
72157,Welcome,welcome,data/data-masc/screenshots/welcome/72157.jpg,data/data-masc/xml/welcome/72157.xml
72174,Welcome,welcome,data/data-masc/screenshots/welcome/72174.jpg,data/data-masc/xml/welcome/72174.xml
